{"gen": {"n_systems": 37, "files": {"A": "/home/user/code/relevance_prediction/output/ranking_performance/ranking_performance.nist.dl19-passage.json", "B": "/home/user/code/relevance_prediction/output/ranking_performance/ranking_performance.gpt-4o_0123_100_0_1.dl19-passage.json"}, "metrics": {"ndcg@10": {"kendall_tau": 0.897897897897898, "kendall_tau_p": 5.233421599100931e-15, "spearman_rho": 0.9758179231863442, "spearman_rho_p": 1.055741318431601e-24}, "map@100": {"kendall_tau": 0.945945945945946, "kendall_tau_p": 1.7264999403905777e-16, "spearman_rho": 0.9909909909909909, "spearman_rho_p": 3.7246120867494805e-32}, "mrr@10": {"kendall_tau": 0.8316983500743235, "kendall_tau_p": 5.546806376594987e-13, "spearman_rho": 0.955052188879578, "spearman_rho_p": 4.6060012249360064e-20}}}}