{"gen": {"n_systems": 35, "files": {"A": "/home/user/code/relevance_prediction/output/ranking_performance/ranking_performance.nist.dl23-passage_duped.json", "B": "/home/user/code/relevance_prediction/output/ranking_performance/ranking_performance.rank1-7b-gen.dl23-passage_duped.json"}, "metrics": {"ndcg@10": {"kendall_tau": 0.9327731092436975, "kendall_tau_p": 3.2271171435163846e-15, "spearman_rho": 0.9873949579831932, "spearman_rho_p": 5.311953131324937e-28}, "map@100": {"kendall_tau": 0.8890756302521008, "kendall_tau_p": 5.798323607588311e-14, "spearman_rho": 0.9739495798319329, "spearman_rho_p": 7.659047642448844e-23}, "mrr@10": {"kendall_tau": 0.8171864736508108, "kendall_tau_p": 5.587998360470308e-12, "spearman_rho": 0.9507599659099888, "spearman_rho_p": 2.3530396324076483e-18}}}}