{"gen": {"n_systems": 63, "files": {"A": "/home/user/code/relevance_prediction/output/ranking_performance/ranking_performance.nist.dl21-passage.json", "B": "/home/user/code/relevance_prediction/output/ranking_performance/ranking_performance.monot5-base-gen.dl21-passage.json"}, "metrics": {"ndcg@10": {"kendall_tau": 0.794871794871795, "kendall_tau_p": 3.771838029500715e-20, "spearman_rho": 0.9365338454152663, "spearman_rho_p": 1.8484722973055423e-29}, "map@100": {"kendall_tau": 0.8576548899129544, "kendall_tau_p": 2.944285342292488e-23, "spearman_rho": 0.964573732718894, "spearman_rho_p": 5.269317923396784e-37}, "mrr@10": {"kendall_tau": 0.730703962340831, "kendall_tau_p": 1.3808218724738203e-16, "spearman_rho": 0.8939331693734237, "spearman_rho_p": 6.226917205409907e-23}}}}