{"gen": {"n_systems": 37, "files": {"A": "/home/user/code/relevance_prediction/output/ranking_performance/ranking_performance.nist.dl19-passage.json", "B": "/home/user/code/relevance_prediction/output/ranking_performance/ranking_performance.rank1-14b-gen.dl19-passage.json"}, "metrics": {"ndcg@10": {"kendall_tau": 0.8378378378378378, "kendall_tau_p": 2.920425638422309e-13, "spearman_rho": 0.9573257467994309, "spearman_rho_p": 1.8909895790022836e-20}, "map@100": {"kendall_tau": 0.8918918918918919, "kendall_tau_p": 7.919850073206233e-15, "spearman_rho": 0.9772403982930299, "spearman_rho_p": 3.6955051670973667e-25}, "mrr@10": {"kendall_tau": 0.7628407494925027, "kendall_tau_p": 3.850384601685124e-11, "spearman_rho": 0.9003736132521195, "spearman_rho_p": 3.3182862055934674e-14}}}}