{"gen": {"n_systems": 59, "files": {"A": "/home/user/code/relevance_prediction/output/ranking_performance/ranking_performance.nist.dl20-passage.json", "B": "/home/user/code/relevance_prediction/output/ranking_performance/ranking_performance.rank1-14b-gen.dl20-passage.json"}, "metrics": {"ndcg@10": {"kendall_tau": 0.8971361776738748, "kendall_tau_p": 1.0363786230509966e-23, "spearman_rho": 0.978375219170076, "spearman_rho_p": 1.052409760263849e-40}, "map@100": {"kendall_tau": 0.8866160140268847, "kendall_tau_p": 3.393861912816113e-23, "spearman_rho": 0.9794272355347752, "spearman_rho_p": 2.5765073501334763e-41}, "mrr@10": {"kendall_tau": 0.8469059740304423, "kendall_tau_p": 4.173147797978853e-21, "spearman_rho": 0.9619522731041953, "spearman_rho_p": 8.305034302270072e-34}}}}