{"gen": {"n_systems": 60, "files": {"A": "/home/user/code/relevance_prediction/output/ranking_performance/ranking_performance.nist.dl22-passage_duped.json", "B": "/home/user/code/relevance_prediction/output/ranking_performance/ranking_performance.rank1-32b-awq-gen.dl22-passage_duped.json"}, "metrics": {"ndcg@10": {"kendall_tau": 0.9084745762711864, "kendall_tau_p": 1.1155512169226662e-24, "spearman_rho": 0.984606835232009, "spearman_rho_p": 1.2300794762974115e-45}, "map@100": {"kendall_tau": 0.9265536723163842, "kendall_tau_p": 1.3213150524405994e-25, "spearman_rho": 0.9914420672409006, "spearman_rho_p": 5.451566352065246e-53}, "mrr@10": {"kendall_tau": 0.7591859807801018, "kendall_tau_p": 1.0722960571248286e-17, "spearman_rho": 0.9179749367862401, "spearman_rho_p": 5.768694656283553e-25}}}}