{"gen": {"n_systems": 63, "files": {"A": "/home/user/code/relevance_prediction/output/ranking_performance/ranking_performance.nist.dl21-passage.json", "B": "/home/user/code/relevance_prediction/output/ranking_performance/ranking_performance.rank1-7b-gen.dl21-passage.json"}, "metrics": {"ndcg@10": {"kendall_tau": 0.9251282051282053, "kendall_tau_p": 1.0061492429696853e-26, "spearman_rho": 0.9891982717234757, "spearman_rho_p": 1.3908683856546475e-52}, "map@100": {"kendall_tau": 0.8924731182795698, "kendall_tau_p": 4.7488207088684445e-25, "spearman_rho": 0.9795026881720431, "spearman_rho_p": 3.6975602234325603e-44}, "mrr@10": {"kendall_tau": 0.8386147336399847, "kendall_tau_p": 4.1359873698437724e-22, "spearman_rho": 0.960857838134451, "spearman_rho_p": 1.0460149471374977e-35}}}}