{"gen": {"n_systems": 60, "files": {"A": "/home/user/code/relevance_prediction/output/ranking_performance/ranking_performance.nist.dl22-passage_duped.json", "B": "/home/user/code/relevance_prediction/output/ranking_performance/ranking_performance.rank1-14b-gen.dl22-passage_duped.json"}, "metrics": {"ndcg@10": {"kendall_tau": 0.9118644067796611, "kendall_tau_p": 7.501354104085262e-25, "spearman_rho": 0.9872742428452349, "spearman_rho_p": 5.117176543752541e-48}, "map@100": {"kendall_tau": 0.9367231638418079, "kendall_tau_p": 3.908221416758063e-26, "spearman_rho": 0.9936649069185887, "spearman_rho_p": 9.157385164150979e-57}, "mrr@10": {"kendall_tau": 0.7467495760316563, "kendall_tau_p": 3.5895048773216657e-17, "spearman_rho": 0.9143627219428155, "spearman_rho_p": 1.913166506982997e-24}}}}