{"gen": {"n_systems": 59, "files": {"A": "/home/user/code/relevance_prediction/output/ranking_performance/ranking_performance.nist.dl20-passage.json", "B": "/home/user/code/relevance_prediction/output/ranking_performance/ranking_performance.rank1-7b-gen.dl20-passage.json"}, "metrics": {"ndcg@10": {"kendall_tau": 0.885447106954997, "kendall_tau_p": 3.86872626742856e-23, "spearman_rho": 0.9735827001753361, "spearman_rho_p": 2.964272435920696e-38}, "map@100": {"kendall_tau": 0.8831092928112215, "kendall_tau_p": 5.024524220768732e-23, "spearman_rho": 0.977440093512566, "spearman_rho_p": 3.4731432261476563e-40}, "mrr@10": {"kendall_tau": 0.821121134958791, "kendall_tau_p": 7.578139151338267e-20, "spearman_rho": 0.9430253925668487, "spearman_rho_p": 6.385834103702991e-29}}}}