{"gen": {"n_systems": 63, "files": {"A": "/home/user/code/relevance_prediction/output/ranking_performance/ranking_performance.nist.dl21-passage.json", "B": "/home/user/code/relevance_prediction/output/ranking_performance/ranking_performance.rank1-14b-gen.dl21-passage.json"}, "metrics": {"ndcg@10": {"kendall_tau": 0.9292307692307693, "kendall_tau_p": 6.022011017449807e-27, "spearman_rho": 0.9903024483917428, "spearman_rho_p": 5.270087145956064e-54}, "map@100": {"kendall_tau": 0.8904249871991807, "kendall_tau_p": 6.08076803312771e-25, "spearman_rho": 0.9771025345622121, "spearman_rho_p": 1.046249726920147e-42}, "mrr@10": {"kendall_tau": 0.8293482724947915, "kendall_tau_p": 1.167742564013802e-21, "spearman_rho": 0.9550945641696827, "spearman_rho_p": 6.346317221439857e-34}}}}