{"gen": {"n_systems": 35, "files": {"A": "/home/user/code/relevance_prediction/output/ranking_performance/ranking_performance.nist.dl23-passage_duped.json", "B": "/home/user/code/relevance_prediction/output/ranking_performance/ranking_performance.rank1-14b-gen.dl23-passage_duped.json"}, "metrics": {"ndcg@10": {"kendall_tau": 0.9193277310924369, "kendall_tau_p": 7.96197675707543e-15, "spearman_rho": 0.9840336134453783, "spearman_rho_p": 2.5612205649058668e-26}, "map@100": {"kendall_tau": 0.9092436974789916, "kendall_tau_p": 1.554362480088959e-14, "spearman_rho": 0.9820728291316526, "spearman_rho_p": 1.7069126476113142e-25}, "mrr@10": {"kendall_tau": 0.796967426880069, "kendall_tau_p": 1.8258944656482333e-11, "spearman_rho": 0.9466974877883754, "spearman_rho_p": 8.443412755882541e-18}}}}