{"gen": {"n_systems": 63, "files": {"A": "/home/user/code/relevance_prediction/output/ranking_performance/ranking_performance.nist.dl21-passage.json", "B": "/home/user/code/relevance_prediction/output/ranking_performance/ranking_performance.monot5-large-gen.dl21-passage.json"}, "metrics": {"ndcg@10": {"kendall_tau": 0.8407284195468944, "kendall_tau_p": 2.4181884045871575e-22, "spearman_rho": 0.9624455407023088, "spearman_rho_p": 3.0274412918373746e-36}, "map@100": {"kendall_tau": 0.8627752176139272, "kendall_tau_p": 1.620995648251299e-23, "spearman_rho": 0.9639496927803379, "spearman_rho_p": 8.894402075075074e-37}, "mrr@10": {"kendall_tau": 0.7864003397428037, "kendall_tau_p": 1.7218600772747167e-18, "spearman_rho": 0.9280572570459624, "spearman_rho_p": 7.46583075790603e-28}}}}