{"gen": {"n_systems": 59, "files": {"A": "/home/user/code/relevance_prediction/output/ranking_performance/ranking_performance.nist.dl20-passage.json", "B": "/home/user/code/relevance_prediction/output/ranking_performance/ranking_performance.rank1-32b-awq-gen.dl20-passage.json"}, "metrics": {"ndcg@10": {"kendall_tau": 0.9088252483927527, "kendall_tau_p": 2.729666185143575e-24, "spearman_rho": 0.9842197545295152, "spearman_rho_p": 1.4332391394158857e-44}, "map@100": {"kendall_tau": 0.8889538281706603, "kendall_tau_p": 2.6105124239621856e-23, "spearman_rho": 0.9815897136177676, "spearman_rho_p": 1.1194552358380885e-42}, "mrr@10": {"kendall_tau": 0.8344685689820848, "kendall_tau_p": 1.6127410406406618e-20, "spearman_rho": 0.9544784172064987, "spearman_rho_p": 1.245060435210109e-31}}}}