{"gen": {"n_systems": 59, "files": {"A": "/home/user/code/relevance_prediction/output/ranking_performance/ranking_performance.nist.dl20-passage.json", "B": "/home/user/code/relevance_prediction/output/ranking_performance/ranking_performance.monot5-3b-gen.dl20-passage.json"}, "metrics": {"ndcg@10": {"kendall_tau": 0.8445353594389245, "kendall_tau_p": 3.402611899340323e-21, "spearman_rho": 0.9605493863237873, "spearman_rho_p": 2.286980397490131e-33}, "map@100": {"kendall_tau": 0.8679135008766803, "kendall_tau_p": 2.7030084151539524e-22, "spearman_rho": 0.9605493863237873, "spearman_rho_p": 2.286980397490131e-33}, "mrr@10": {"kendall_tau": 0.6924582227780556, "kendall_tau_p": 4.061220000149842e-14, "spearman_rho": 0.8389053371888849, "spearman_rho_p": 1.0891630759042046e-16}}}}