{"input.WatS-Augmented-BM25_duped.txt": {"judge@10": 0.9512195121951221, "judge@20": 0.6536585365853661, "ndcg@3": 0.0, "ndcg@5": 0.0, "ndcg@10": 0.0, "ndcg@20": 0.0, "ndcg@100": 0.0, "ndcg@1000": 0.0, "mrr@5": 0.0, "mrr@10": 0.0, "mrr@20": 0.0, "mrr@100": 0.0, "map@10": 0.0, "map@100": 0.0, "map@1000": 0.0, "recall@5": 0.0, "recall@20": 0.0, "recall@100": 0.0, "recall@1000": 0.0, "precision@1": 0.0, "precision@3": 0.0, "precision@5": 0.0, "precision@10": 0.0, "precision@100": 0.0}, "input.WatS-LLM-Rerank_duped.txt": {"judge@10": 0.9682926829268294, "judge@20": 0.7597560975609756, "ndcg@3": 0.0, "ndcg@5": 0.0, "ndcg@10": 0.0, "ndcg@20": 0.0, "ndcg@100": 0.0, "ndcg@1000": 0.0, "mrr@5": 0.0, "mrr@10": 0.0, "mrr@20": 0.0, "mrr@100": 0.0, "map@10": 0.0, "map@100": 0.0, "map@1000": 0.0, "recall@5": 0.0, "recall@20": 0.0, "recall@100": 0.0, "recall@1000": 0.0, "precision@1": 0.0, "precision@3": 0.0, "precision@5": 0.0, "precision@10": 0.0, "precision@100": 0.0}, "input.agg-cocondenser_duped.txt": {"judge@10": 0.9646341463414635, "judge@20": 0.7262195121951218, "ndcg@3": 0.0, "ndcg@5": 0.0, "ndcg@10": 0.0, "ndcg@20": 0.0, "ndcg@100": 0.0, "ndcg@1000": 0.0, "mrr@5": 0.0, "mrr@10": 0.0, "mrr@20": 0.0, "mrr@100": 0.0, "map@10": 0.0, "map@100": 0.0, "map@1000": 0.0, "recall@5": 0.0, "recall@20": 0.0, "recall@100": 0.0, "recall@1000": 0.0, "precision@1": 0.0, "precision@3": 0.0, "precision@5": 0.0, "precision@10": 0.0, "precision@100": 0.0}, "input.bm25_splades_duped.txt": {"judge@10": 0.9951219512195123, "judge@20": 0.8859756097560978, "ndcg@3": 0.0, "ndcg@5": 0.0, "ndcg@10": 0.0, "ndcg@20": 0.0, "ndcg@100": 0.0, "ndcg@1000": 0.0, "mrr@5": 0.0, "mrr@10": 0.0, "mrr@20": 0.0, "mrr@100": 0.0, "map@10": 0.0, "map@100": 0.0, "map@1000": 0.0, "recall@5": 0.0, "recall@20": 0.0, "recall@100": 0.0, "recall@1000": 0.0, "precision@1": 0.0, "precision@3": 0.0, "precision@5": 0.0, "precision@10": 0.0, "precision@100": 0.0}, "input.cip_run_1_duped.txt": {"judge@10": 0.9926829268292684, "judge@20": 0.8823170731707318, "ndcg@3": 0.0, "ndcg@5": 0.0, "ndcg@10": 0.0, "ndcg@20": 0.0, "ndcg@100": 0.0, "ndcg@1000": 0.0, "mrr@5": 0.0, "mrr@10": 0.0, "mrr@20": 0.0, "mrr@100": 0.0, "map@10": 0.0, "map@100": 0.0, "map@1000": 0.0, "recall@5": 0.0, "recall@20": 0.0, "recall@100": 0.0, "recall@1000": 0.0, "precision@1": 0.0, "precision@3": 0.0, "precision@5": 0.0, "precision@10": 0.0, "precision@100": 0.0}, "input.cip_run_2_duped.txt": {"judge@10": 0.9926829268292684, "judge@20": 0.8823170731707318, "ndcg@3": 0.0, "ndcg@5": 0.0, "ndcg@10": 0.0, "ndcg@20": 0.0, "ndcg@100": 0.0, "ndcg@1000": 0.0, "mrr@5": 0.0, "mrr@10": 0.0, "mrr@20": 0.0, "mrr@100": 0.0, "map@10": 0.0, "map@100": 0.0, "map@1000": 0.0, "recall@5": 0.0, "recall@20": 0.0, "recall@100": 0.0, "recall@1000": 0.0, "precision@1": 0.0, "precision@3": 0.0, "precision@5": 0.0, "precision@10": 0.0, "precision@100": 0.0}, "input.cip_run_3_duped.txt": {"judge@10": 0.9963414634146341, "judge@20": 0.8835365853658537, "ndcg@3": 0.0, "ndcg@5": 0.0, "ndcg@10": 0.0, "ndcg@20": 0.0, "ndcg@100": 0.0, "ndcg@1000": 0.0, "mrr@5": 0.0, "mrr@10": 0.0, "mrr@20": 0.0, "mrr@100": 0.0, "map@10": 0.0, "map@100": 0.0, "map@1000": 0.0, "recall@5": 0.0, "recall@20": 0.0, "recall@100": 0.0, "recall@1000": 0.0, "precision@1": 0.0, "precision@3": 0.0, "precision@5": 0.0, "precision@10": 0.0, "precision@100": 0.0}, "input.cip_run_4_duped.txt": {"judge@10": 0.9914634146341461, "judge@20": 0.8670731707317076, "ndcg@3": 0.0, "ndcg@5": 0.0, "ndcg@10": 0.0, "ndcg@20": 0.0, "ndcg@100": 0.0, "ndcg@1000": 0.0, "mrr@5": 0.0, "mrr@10": 0.0, "mrr@20": 0.0, "mrr@100": 0.0, "map@10": 0.0, "map@100": 0.0, "map@1000": 0.0, "recall@5": 0.0, "recall@20": 0.0, "recall@100": 0.0, "recall@1000": 0.0, "precision@1": 0.0, "precision@3": 0.0, "precision@5": 0.0, "precision@10": 0.0, "precision@100": 0.0}, "input.cip_run_5_duped.txt": {"judge@10": 0.9865853658536583, "judge@20": 0.8591463414634146, "ndcg@3": 0.0, "ndcg@5": 0.0, "ndcg@10": 0.0, "ndcg@20": 0.0, "ndcg@100": 0.0, "ndcg@1000": 0.0, "mrr@5": 0.0, "mrr@10": 0.0, "mrr@20": 0.0, "mrr@100": 0.0, "map@10": 0.0, "map@100": 0.0, "map@1000": 0.0, "recall@5": 0.0, "recall@20": 0.0, "recall@100": 0.0, "recall@1000": 0.0, "precision@1": 0.0, "precision@3": 0.0, "precision@5": 0.0, "precision@10": 0.0, "precision@100": 0.0}, "input.cip_run_6_duped.txt": {"judge@10": 0.9841463414634146, "judge@20": 0.8499999999999996, "ndcg@3": 0.0, "ndcg@5": 0.0, "ndcg@10": 0.0, "ndcg@20": 0.0, "ndcg@100": 0.0, "ndcg@1000": 0.0, "mrr@5": 0.0, "mrr@10": 0.0, "mrr@20": 0.0, "mrr@100": 0.0, "map@10": 0.0, "map@100": 0.0, "map@1000": 0.0, "recall@5": 0.0, "recall@20": 0.0, "recall@100": 0.0, "recall@1000": 0.0, "precision@1": 0.0, "precision@3": 0.0, "precision@5": 0.0, "precision@10": 0.0, "precision@100": 0.0}, "input.cip_run_7_duped.txt": {"judge@10": 0.9926829268292684, "judge@20": 0.8707317073170727, "ndcg@3": 0.0, "ndcg@5": 0.0, "ndcg@10": 0.0, "ndcg@20": 0.0, "ndcg@100": 0.0, "ndcg@1000": 0.0, "mrr@5": 0.0, "mrr@10": 0.0, "mrr@20": 0.0, "mrr@100": 0.0, "map@10": 0.0, "map@100": 0.0, "map@1000": 0.0, "recall@5": 0.0, "recall@20": 0.0, "recall@100": 0.0, "recall@1000": 0.0, "precision@1": 0.0, "precision@3": 0.0, "precision@5": 0.0, "precision@10": 0.0, "precision@100": 0.0}, "input.naverloo-frgpt4_duped.txt": {"judge@10": 0.9951219512195121, "judge@20": 0.8756097560975614, "ndcg@3": 0.0, "ndcg@5": 0.0, "ndcg@10": 0.0, "ndcg@20": 0.0, "ndcg@100": 0.0, "ndcg@1000": 0.0, "mrr@5": 0.0, "mrr@10": 0.0, "mrr@20": 0.0, "mrr@100": 0.0, "map@10": 0.0, "map@100": 0.0, "map@1000": 0.0, "recall@5": 0.0, "recall@20": 0.0, "recall@100": 0.0, "recall@1000": 0.0, "precision@1": 0.0, "precision@3": 0.0, "precision@5": 0.0, "precision@10": 0.0, "precision@100": 0.0}, "input.naverloo-rgpt4_duped.txt": {"judge@10": 0.9841463414634146, "judge@20": 0.8817073170731711, "ndcg@3": 0.0, "ndcg@5": 0.0, "ndcg@10": 0.0, "ndcg@20": 0.0, "ndcg@100": 0.0, "ndcg@1000": 0.0, "mrr@5": 0.0, "mrr@10": 0.0, "mrr@20": 0.0, "mrr@100": 0.0, "map@10": 0.0, "map@100": 0.0, "map@1000": 0.0, "recall@5": 0.0, "recall@20": 0.0, "recall@100": 0.0, "recall@1000": 0.0, "precision@1": 0.0, "precision@3": 0.0, "precision@5": 0.0, "precision@10": 0.0, "precision@100": 0.0}, "input.naverloo_bm25_RR_duped.txt": {"judge@10": 0.986585365853659, "judge@20": 0.8567073170731707, "ndcg@3": 0.0, "ndcg@5": 0.0, "ndcg@10": 0.0, "ndcg@20": 0.0, "ndcg@100": 0.0, "ndcg@1000": 0.0, "mrr@5": 0.0, "mrr@10": 0.0, "mrr@20": 0.0, "mrr@100": 0.0, "map@10": 0.0, "map@100": 0.0, "map@1000": 0.0, "recall@5": 0.0, "recall@20": 0.0, "recall@100": 0.0, "recall@1000": 0.0, "precision@1": 0.0, "precision@3": 0.0, "precision@5": 0.0, "precision@10": 0.0, "precision@100": 0.0}, "input.naverloo_bm25_splades_RR_duped.txt": {"judge@10": 0.9963414634146344, "judge@20": 0.9347560975609762, "ndcg@3": 0.0, "ndcg@5": 0.0, "ndcg@10": 0.0, "ndcg@20": 0.0, "ndcg@100": 0.0, "ndcg@1000": 0.0, "mrr@5": 0.0, "mrr@10": 0.0, "mrr@20": 0.0, "mrr@100": 0.0, "map@10": 0.0, "map@100": 0.0, "map@1000": 0.0, "recall@5": 0.0, "recall@20": 0.0, "recall@100": 0.0, "recall@1000": 0.0, "precision@1": 0.0, "precision@3": 0.0, "precision@5": 0.0, "precision@10": 0.0, "precision@100": 0.0}, "input.naverloo_fs_RR_duo_duped.txt": {"judge@10": 0.9817073170731707, "judge@20": 0.8628048780487805, "ndcg@3": 0.0, "ndcg@5": 0.0, "ndcg@10": 0.0, "ndcg@20": 0.0, "ndcg@100": 0.0, "ndcg@1000": 0.0, "mrr@5": 0.0, "mrr@10": 0.0, "mrr@20": 0.0, "mrr@100": 0.0, "map@10": 0.0, "map@100": 0.0, "map@1000": 0.0, "recall@5": 0.0, "recall@20": 0.0, "recall@100": 0.0, "recall@1000": 0.0, "precision@1": 0.0, "precision@3": 0.0, "precision@5": 0.0, "precision@10": 0.0, "precision@100": 0.0}, "input.naverloo_fs_RR_duped.txt": {"judge@10": 0.9963414634146344, "judge@20": 0.9371951219512201, "ndcg@3": 0.0, "ndcg@5": 0.0, "ndcg@10": 0.0, "ndcg@20": 0.0, "ndcg@100": 0.0, "ndcg@1000": 0.0, "mrr@5": 0.0, "mrr@10": 0.0, "mrr@20": 0.0, "mrr@100": 0.0, "map@10": 0.0, "map@100": 0.0,