{"run.bm25-1000--monot5-3b-msmarco.dl22-passage.txt": {"judge@10": 0.8407894736842102, "judge@20": 0.7690789473684213, "judge@100": 0.45815789473684193, "ndcg@3": 0.8583505179343603, "ndcg@5": 0.8498066671482366, "ndcg@10": 0.7997175499684473, "ndcg@20": 0.7168806905959023, "ndcg@100": 0.5172517874691206, "ndcg@1000": 0.540414412656463, "mrr@5": 0.9171052631578948, "mrr@10": 0.9171052631578948, "mrr@20": 0.9171052631578948, "mrr@100": 0.9171052631578948, "map@10": 0.11387874531699127, "map@100": 0.29981202341943075, "map@1000": 0.3295690451925142, "recall@5": 0.07204768312019755, "recall@20": 0.20863020008754735, "recall@100": 0.4145525083107872, "recall@1000": 0.5007834885763878, "precision@1": 0.8552631578947368, "precision@3": 0.8596491228070177, "precision@5": 0.8473684210526317, "precision@10": 0.7763157894736842, "precision@100": 0.3188157894736842}, "run.bm25-1000--monot5-base-msmarco.dl22-passage.txt": {"judge@10": 0.8513157894736837, "judge@20": 0.7743421052631579, "judge@100": 0.44986842105263153, "ndcg@3": 0.8390179031182713, "ndcg@5": 0.8487014283849378, "ndcg@10": 0.8214372757203691, "ndcg@20": 0.7618008093482563, "ndcg@100": 0.5507252498944637, "ndcg@1000": 0.5577334467103529, "mrr@5": 0.9065789473684212, "mrr@10": 0.9065789473684212, "mrr@20": 0.9065789473684212, "mrr@100": 0.9065789473684212, "map@10": 0.12855756239537067, "map@100": 0.34870063706806254, "map@1000": 0.3750633558128024, "recall@5": 0.07429090114090056, "recall@20": 0.2353099722360395, "recall@100": 0.44295216044879426, "recall@1000": 0.5007834885763878, "precision@1": 0.8421052631578947, "precision@3": 0.837719298245614, "precision@5": 0.8526315789473684, "precision@10": 0.8105263157894735, "precision@100": 0.3419736842105263}, "run.bm25-1000--monot5-large-msmarco.dl22-passage.txt": {"judge@10": 0.8223684210526312, "judge@20": 0.7407894736842104, "judge@100": 0.4511842105263158, "ndcg@3": 0.8240966409509615, "ndcg@5": 0.816027428296454, "ndcg@10": 0.7805098066477075, "ndcg@20": 0.7036941800103648, "ndcg@100": 0.5170216403945372, "ndcg@1000": 0.5378553319800959, "mrr@5": 0.9175438596491228, "mrr@10": 0.9166666666666667, "mrr@20": 0.9166666666666667, "mrr@100": 0.9166666666666667, "map@10": 0.11003484917541738, "map@100": 0.29885110155546774, "map@1000": 0.32875276071415066, "recall@5": 0.06729785815716786, "recall@20": 0.2038841399811368, "recall@100": 0.4197848216612789, "recall@1000": 0.5007834885763878, "precision@1": 0.868421052631579, "precision@3": 0.8157894736842105, "precision@5": 0.8078947368421052, "precision@10": 0.7605263157894736, "precision@100": 0.32328947368421057}, "run.bm25-1000--rank1-14b.dl22-passage.txt": {"judge@10": 0.5710526315789476, "judge@20": 0.49934210526315786, "judge@100": 0.31881578947368416, "ndcg@3": 0.5488822226031672, "ndcg@5": 0.5207351429234098, "ndcg@10": 0.46757015799425355, "ndcg@20": 0.4127096505520821, "ndcg@100": 0.3252545397785516, "ndcg@1000": 0.4302810661762214, "mrr@5": 0.6978070175438597, "mrr@10": 0.7046365914786967, "mrr@20": 0.7091021057545825, "mrr@100": 0.7094832669910069, "map@10": 0.047905168159375976, "map@100": 0.12623567388105447, "map@1000": 0.1633698569931474, "recall@5": 0.039436383462619365, "recall@20": 0.10622047867433937, "recall@100": 0.28029153232014253, "recall@1000": 0.5007834885763878, "precision@1": 0.5657894736842105, "precision@3": 0.5394736842105262, "precision@5": 0.5026315789473683, "precision@10": 0.4368421052631579, "precision@100": 0.21000000000000005}, "run.bm25-1000--rank1-32b-awq.dl22-passage.txt": {"judge@10": 0.5723684210526316, "judge@20": 0.4947368421052632, "judge@100": 0.30894736842105264, "ndcg@3": 0.6393705766043648, "ndcg@5": 0.5865246196205147, "ndcg@10": 0.5132356174013747, "ndcg@20": 0.44228396897613026, "ndcg@100": 0.32781500887170767, "ndcg@1000": 0.4377761203664378, "mrr@5": 0.786622807017544, "mrr@10": 0.7801900584795322, "mrr@20": 0.7989035087719297, "mrr@100": 0.7995015948963317, "map@10": 0.05400769654860628, "map@100": 0.12936228210143275, "map@1000": 0.16756837462917754, "recall@5": 0.04336767589720162, "recall@20": 0.10965494576125155, "recall@100": 0.2664159098250295, "recall@1000": 0.5007834885763878, "precision@1": 0.6973684210526315, "precision@3": 0.618421052631579, "precision@5": 0.55, "precision@10": 0.4631578947368422, "precision@100": 0.2055263157894737}, "run.bm25-1000--rank1-7b.dl22-passage.txt": {"judge@10": 0.580263157894737, "judge@20": 0.5348684210526317, "judge@100": 0.32736842105263175, "ndcg@3": 0.5865925393832259, "ndcg@5": 0.5372399565846017, "ndcg@10": 0.4938351481902976, "ndcg@20": 0.449549702913506, "ndcg@100": 0.3369412386330996, "ndcg@1000": 0.43963966900497686, "mrr@5": 0.7491228070175439, "mrr@10": 0.744298245614035, "mrr@20": 0.7465065636118268, "mrr@100": 0.7465065636118268, "map@10": 0.05004265683894239, "map@100": 0.13419737389593983, "map@1000": 0.1725618728063397, "recall@5": 0.039189492445001306, "recall@20": 0.12012045620165725, "recall@100": 0.2837659442495018, "recall@1000": 0.5007834885763878, "precision@1": 0.6052631578947368, "precision@3": 0.5833333333333331, "precision@5": 0.5131578947368421, "precision@10": 0.4631578947368422, "precision@100": 0.21447368421052632}, "run.bm25-1000--rankllama-v1-13b-lora-passage.dl22-passage.txt": {"judge@10": 0.8486842105263153, "judge@20": 0.7953947368421055, "judge@100": 0.47828947368421065, "ndcg@3": 0.8622463325523322, "ndcg@5": 0.8280617807653552, "ndcg@10": 0.7862501644518384, "ndcg@20": 0.7162786169824686, "ndcg@100": 0.5166054119005946, "ndcg@1000": 0.5396159854647508, "mrr@5": 0.9210526315789473, "mrr@10": 0.9210526315789473, "mrr@20": 0.9210526315789473, "mrr@100": 0.9210526315789473, "map@10": 0.11093055480328591, "map@100": 0.29876313750689354, "map@1000": 0.3286096945902155, "recall@5": 0.06795012929043583, "recall@20": 0.2056717132313795, "recall@100": 0.41406614402818026, "recall@1000": 0.5007834885763878, "precision@1": 0.8552631578947368, "precision@3": 0.8640350877192983, "precision@5": 0.8131578947368421, "precision@10": 0.7592105263157896, "precision@100": 0.32144736842105265}, "run.bm25-1000--rankllama-v1-7b-lora-passage.dl22-passage.txt": {"judge@10": 0.851315789473684, "judge@20": 0.7776315789473683, "judge@100": 0.46631578947368435, "ndcg@3": 0.8498968923938385, "ndcg@5": 0.8387134289111398, "ndcg@10": 0.7970491587391321, "ndcg@20": 0.710503724182824, "ndcg@100": 0.512617189546404, "ndcg@1000": 0.5383285659429712, "mrr@5": 0.9276315789473685, "mrr@10": 0.9276315789473685, "mrr@20": 0.9276315789473685, "mrr@100": 0.9276315789473685, "map@10": 0.1124098664786967, "map@100": 0.29286053282936847, "map@1000": 0.3242296124922416, "recall@5": 0.06907601937527556, "recall@20": 0.20137771284356687, "recall@100": 0.4108457016307849, "recall@1000": 0.5007834885763878, "precision@1": 0.868421052631579, "precision@3": 0.8421052631578947, "precision@5": 0.8289473684210525, "precision@10": 0.7736842105263158, "precision@100": 0.31736842105263163}, "run.bm25-1000.dl22-passage.txt": {"judge@10": 0.8881578947368419, "judge@20": 0.7592105263157896, "judge@100": 0.4401315789473685, "ndcg@3": 0.5037493563442013, "ndcg@5": 0.49176475574888573, "ndcg@10": 0.42873878358880585, "ndcg@20": 0.3702781461864536, "ndcg@100": 0.2867278712822197, "ndcg@1000": 0.40558696072633965, "mrr@5": 0.6598684210526315, "mrr@10": 0.6617481203007519, "mrr@20": 0.666741943986526, "mrr@100": 0.6697337557598023, "map@10": 0.04503614682656822, "map@100": 0.1106333141208433, "map@1000": 0.14551186989603931, "recall@5": 0.03779066866493517, "recall@20": 0.08966039122393354, "recall@100": 0.2346365413808964, "recall@1000": 0.5007834885763878, "precision@1": 0.5657894736842105, "precision@3": 0.4868421052631579, "precision@5": 0.47631578947368414, "precision@10": 0.39342105263157895, "precision@100": 0.18828947368421053}}