{"run.bm25-1000--monot5-3b-msmarco.dl23-passage.txt": {"judge@10": 0.8158536585365853, "judge@20": 0.7140243902439021, "judge@100": 0.3647560975609756, "ndcg@3": 0.7741513360345039, "ndcg@5": 0.7460769163653823, "ndcg@10": 0.7064562478527581, "ndcg@20": 0.6533421470974328, "ndcg@100": 0.6306690073280151, "ndcg@1000": 0.6540182133216164, "mrr@5": 0.8617886178861788, "mrr@10": 0.8617886178861788, "mrr@20": 0.8617886178861788, "mrr@100": 0.8617886178861788, "map@10": 0.24642028012122308, "map@100": 0.4281297320704682, "map@1000": 0.4423426807060441, "recall@5": 0.182943220231578, "recall@20": 0.40913148457505244, "recall@100": 0.6246082185121989, "recall@1000": 0.6712340401762137, "precision@1": 0.7560975609756098, "precision@3": 0.7764227642276423, "precision@5": 0.7268292682926829, "precision@10": 0.6487804878048781, "precision@100": 0.1979268292682927}, "run.bm25-1000--monot5-base-msmarco.dl23-passage.txt": {"judge@10": 0.767073170731707, "judge@20": 0.6737804878048781, "judge@100": 0.3500000000000001, "ndcg@3": 0.7372944865514169, "ndcg@5": 0.7179676865888241, "ndcg@10": 0.6770969059445048, "ndcg@20": 0.6230593121023005, "ndcg@100": 0.6078009009828428, "ndcg@1000": 0.6384953983539999, "mrr@5": 0.8936991869918699, "mrr@10": 0.8932926829268293, "mrr@20": 0.8932926829268293, "mrr@100": 0.8932926829268293, "map@10": 0.21776378320242523, "map@100": 0.39131364390767853, "map@1000": 0.4078761776070439, "recall@5": 0.1631757848616317, "recall@20": 0.3784624452573828, "recall@100": 0.608507874448026, "recall@1000": 0.6712340401762137, "precision@1": 0.8170731707317073, "precision@3": 0.7154471544715447, "precision@5": 0.6878048780487804, "precision@10": 0.6158536585365855, "precision@100": 0.19182926829268296}, "run.bm25-1000--monot5-large-msmarco.dl23-passage.txt": {"judge@10": 0.7817073170731703, "judge@20": 0.678658536585366, "judge@100": 0.35268292682926844, "ndcg@3": 0.7436309553949617, "ndcg@5": 0.7189978290119344, "ndcg@10": 0.673381951770072, "ndcg@20": 0.6173884685248583, "ndcg@100": 0.6024225052383193, "ndcg@1000": 0.6356621394488177, "mrr@5": 0.9105691056910568, "mrr@10": 0.9105691056910568, "mrr@20": 0.911178861788618, "mrr@100": 0.911178861788618, "map@10": 0.21390944782646903, "map@100": 0.38444797070165354, "map@1000": 0.40195243276965215, "recall@5": 0.16360595227191893, "recall@20": 0.3776703873565205, "recall@100": 0.6025333194252703, "recall@1000": 0.6712340401762137, "precision@1": 0.8536585365853658, "precision@3": 0.7154471544715447, "precision@5": 0.6853658536585365, "precision@10": 0.6109756097560975, "precision@100": 0.18914634146341464}, "run.bm25-1000--rank1-14b.dl23-passage.txt": {"judge@10": 0.5792682926829268, "judge@20": 0.4865853658536585, "judge@100": 0.28024390243902436, "ndcg@3": 0.514307278232401, "ndcg@5": 0.48812295919000853, "ndcg@10": 0.44342151967812693, "ndcg@20": 0.40226392180284026, "ndcg@100": 0.43916856970747953, "ndcg@1000": 0.5249290121085683, "mrr@5": 0.6853658536585365, "mrr@10": 0.6849593495934959, "mrr@20": 0.687006387921022, "mrr@100": 0.6871621941743893, "map@10": 0.13335266209675384, "map@100": 0.22233355725819423, "map@1000": 0.24774421052758608, "recall@5": 0.12625458699251607, "recall@20": 0.2547973317020833, "recall@100": 0.47796350355346906, "recall@1000": 0.6712340401762137, "precision@1": 0.524390243902439, "precision@3": 0.5121951219512195, "precision@5": 0.4707317073170732, "precision@10": 0.4000000000000001, "precision@100": 0.14365853658536587}, "run.bm25-1000--rank1-32b-awq.dl23-passage.txt": {"judge@10": 0.6085365853658538, "judge@20": 0.5067073170731707, "judge@100": 0.2753658536585367, "ndcg@3": 0.5495297871701766, "ndcg@5": 0.5220474652683547, "ndcg@10": 0.46983404198016, "ndcg@20": 0.4264751004515339, "ndcg@100": 0.44508419969915003, "ndcg@1000": 0.5318441270258649, "mrr@5": 0.7233739837398373, "mrr@10": 0.7320267131242741, "mrr@20": 0.7337866909513251, "mrr@100": 0.7342222310210115, "map@10": 0.14264389886466197, "map@100": 0.22991435697572574, "map@1000": 0.25435287608524515, "recall@5": 0.12054587477154353, "recall@20": 0.26717241100408895, "recall@100": 0.46759469413152405, "recall@1000": 0.6712340401762137, "precision@1": 0.5975609756097561, "precision@3": 0.532520325203252, "precision@5": 0.49512195121951214, "precision@10": 0.41707317073170735, "precision@100": 0.14414634146341465}, "run.bm25-1000--rank1-7b.dl23-passage.txt": {"judge@10": 0.5573170731707319, "judge@20": 0.46646341463414626, "judge@100": 0.28060975609756106, "ndcg@3": 0.5585919698454874, "ndcg@5": 0.5241750127807838, "ndcg@10": 0.4680501535533926, "ndcg@20": 0.4220199769290535, "ndcg@100": 0.45431977367826476, "ndcg@1000": 0.5391213932397064, "mrr@5": 0.7558943089430894, "mrr@10": 0.7591608594657375, "mrr@20": 0.7605200681042634, "mrr@100": 0.760386349661816, "map@10": 0.14344860636650292, "map@100": 0.2343669964956742, "map@1000": 0.25944552462665155, "recall@5": 0.12361125545141977, "recall@20": 0.25736731625248627, "recall@100": 0.47790069897600324, "recall@1000": 0.6712340401762137, "precision@1": 0.6585365853658537, "precision@3": 0.532520325203252, "precision@5": 0.4878048780487805, "precision@10": 0.4060975609756098, "precision@100": 0.14548780487804877}, "run.bm25-1000--rankllama-v1-13b-lora-passage.dl23-passage.txt": {"judge@10": 0.8219512195121946, "judge@20": 0.7256097560975608, "judge@100": 0.3702439024390244, "ndcg@3": 0.8515463803041842, "ndcg@5": 0.8370136326319396, "ndcg@10": 0.7929396394122092, "ndcg@20": 0.741592221559766, "ndcg@100": 0.6908110102484001, "ndcg@1000": 0.7034991333310635, "mrr@5": 0.9217479674796747, "mrr@10": 0.9217479674796747, "mrr@20": 0.9217479674796747, "mrr@100": 0.9217479674796747, "map@10": 0.3257231310339145, "map@100": 0.5352083018832993, "map@1000": 0.5462984166527569, "recall@5": 0.22555807670268718, "recall@20": 0.47877104124152303, "recall@100": 0.6451696697553297, "recall@1000": 0.6712340401762137, "precision@1": 0.8658536585365854, "precision@3": 0.8455284552845528, "precision@5": 0.8146341463414632, "precision@10": 0.725609756097561, "precision@100": 0.20926829268292682}, "run.bm25-1000--rankllama-v1-7b-lora-passage.dl23-passage.txt": {"judge@10": 0.8158536585365849, "judge@20": 0.7164634146341462, "judge@100": 0.3719512195121952, "ndcg@3": 0.8321297483294071, "ndcg@5": 0.8098718329381938, "ndcg@10": 0.7566226539375662, "ndcg@20": 0.70398376466448, "ndcg@100": 0.6615870586242188, "ndcg@1000": 0.6806101736620076, "mrr@5": 0.9156504065040649, "mrr@10": 0.9156504065040649, "mrr@20": 0.9156504065040649, "mrr@100": 0.9156504065040649, "map@10": 0.28092100828352634, "map@100": 0.4811744982805844, "map@1000": 0.4943749808508793, "recall@5": 0.1997530855260729, "recall@20": 0.45264864988571146, "recall@100": 0.632466376046973, "recall@1000": 0.6712340401762137, "precision@1": 0.8536585365853658, "precision@3": 0.8252032520325204, "precision@5": 0.7878048780487804, "precision@10": 0.6902439024390244, "precision@100": 0.20268292682926825}, "run.bm25-1000.dl23-passage.txt": {"judge@10": 0.9036585365853657, "judge@20": 0.7841463414634148, "judge@100": 0.3267073170731707, "ndcg@3": 0.4352778934174093, "ndcg@5": 0.4214539805210432, "ndcg@10": 0.3857564686273528, "ndcg@20": 0.35154842726969615, "ndcg@100": 0.3701472818730783, "ndcg@1000": 0.47789351851363915, "mrr@5": 0.6245934959349594, "mrr@10": 0.6361933797909408, "mrr@20": 0.6394917181663009, "mrr@100": 0.6404257321576037, "map@10": 0.09911109464019709, "map@100": 0.17555688070526532, "map@1000": 0.1987604602747687, "recall@5": 0.08543433185728619, "recall@20": 0.20778535052457098, "recall@100": 0.406962154794074, "recall@1000": 0.6712340401762137, "precision@1": 0.524390243902439, "precision@3": 0.41056910569105687, "precision@5": 0.3975609756097561, "precision@10": 0.348780487804878, "precision@100": 0.12365853658536587}}