{"run.bm25-1000--monot5-3b-msmarco.dl23-passage.txt": {"judge@10": 0.9182926829268292, "judge@20": 0.8024390243902442, "judge@100": 0.4164634146341463, "ndcg@3": 0.7101525165575687, "ndcg@5": 0.6783310346809753, "ndcg@10": 0.6395266951475369, "ndcg@20": 0.5941695028063302, "ndcg@100": 0.4915039391694289, "ndcg@1000": 0.4993209138972157, "mrr@5": 0.7900406504065041, "mrr@10": 0.7953252032520326, "mrr@20": 0.7953252032520326, "mrr@100": 0.7953252032520326, "map@10": 0.21628752796051187, "map@100": 0.2948810014809655, "map@1000": 0.3059810770878176, "recall@5": 0.20175584691399884, "recall@20": 0.3362199886628415, "recall@100": 0.4471957577231174, "recall@1000": 0.4979635798309768, "precision@1": 0.7195121951219512, "precision@3": 0.6138211382113821, "precision@5": 0.5439024390243903, "precision@10": 0.44999999999999996, "precision@100": 0.13256097560975608}, "run.bm25-1000--monot5-base-msmarco.dl23-passage.txt": {"judge@10": 0.8682926829268292, "judge@20": 0.7646341463414633, "judge@100": 0.4034146341463414, "ndcg@3": 0.6494494329461292, "ndcg@5": 0.617799314708355, "ndcg@10": 0.575933669832614, "ndcg@20": 0.5373565030866171, "ndcg@100": 0.45861342426763696, "ndcg@1000": 0.47608459675247994, "mrr@5": 0.7432926829268293, "mrr@10": 0.7498112659698025, "mrr@20": 0.7498112659698025, "mrr@100": 0.7504111274450906, "map@10": 0.17854243041811818, "map@100": 0.25311952709734414, "map@1000": 0.2651673446690567, "recall@5": 0.18274595022795348, "recall@20": 0.29810375318254556, "recall@100": 0.43879128356694974, "recall@1000": 0.4979635798309768, "precision@1": 0.6707317073170732, "precision@3": 0.5528455284552846, "precision@5": 0.4951219512195122, "precision@10": 0.4000000000000001, "precision@100": 0.12890243902439022}, "run.bm25-1000--monot5-large-msmarco.dl23-passage.txt": {"judge@10": 0.8768292682926826, "judge@20": 0.7737804878048783, "judge@100": 0.40402439024390246, "ndcg@3": 0.6515252371725422, "ndcg@5": 0.6217390818457645, "ndcg@10": 0.5924291591877446, "ndcg@20": 0.5481019105923518, "ndcg@100": 0.46767840924513426, "ndcg@1000": 0.48187446189680916, "mrr@5": 0.749390243902439, "mrr@10": 0.7570121951219512, "mrr@20": 0.7570121951219512, "mrr@100": 0.7578977932636469, "map@10": 0.2016595586060994, "map@100": 0.27417597238916247, "map@1000": 0.2862577397044841, "recall@5": 0.18888230936023184, "recall@20": 0.3063352454577555, "recall@100": 0.4370331193915679, "recall@1000": 0.4979635798309768, "precision@1": 0.6707317073170732, "precision@3": 0.5609756097560974, "precision@5": 0.5073170731707317, "precision@10": 0.41707317073170735, "precision@100": 0.12926829268292683}, "run.bm25-1000--rank1-14b.dl23-passage.txt": {"judge@10": 0.6658536585365854, "judge@20": 0.55609756097561, "judge@100": 0.32207317073170744, "ndcg@3": 0.5865381394457151, "ndcg@5": 0.5651671283900949, "ndcg@10": 0.5295965564153864, "ndcg@20": 0.48729947295177517, "ndcg@100": 0.4286885703273865, "ndcg@1000": 0.4609900217541708, "mrr@5": 0.6928861788617886, "mrr@10": 0.6903455284552845, "mrr@20": 0.697510162601626, "mrr@100": 0.7006185663373268, "map@10": 0.18533513495316822, "map@100": 0.2555281884475637, "map@1000": 0.26861092538370485, "recall@5": 0.1909409208704474, "recall@20": 0.3061730902680855, "recall@100": 0.43232091878661394, "recall@1000": 0.4979635798309768, "precision@1": 0.5853658536585366, "precision@3": 0.5081300813008129, "precision@5": 0.45609756097560983, "precision@10": 0.3829268292682927, "precision@100": 0.12512195121951222}, "run.bm25-1000--rank1-32b-awq.dl23-passage.txt": {"judge@10": 0.6951219512195121, "judge@20": 0.5750000000000001, "judge@100": 0.3176829268292684, "ndcg@3": 0.6248378182016384, "ndcg@5": 0.5957677046875616, "ndcg@10": 0.5621131156882755, "ndcg@20": 0.5098816808642389, "ndcg@100": 0.4380365584199559, "ndcg@1000": 0.471016234097195, "mrr@5": 0.7260162601626016, "mrr@10": 0.7186120789779326, "mrr@20": 0.7197207264280435, "mrr@100": 0.7207105902227854, "map@10": 0.20942473183433322, "map@100": 0.27698492706318917, "map@1000": 0.2890152197952341, "recall@5": 0.18716689392953742, "recall@20": 0.3119987005822771, "recall@100": 0.4332254591342744, "recall@1000": 0.4979635798309768, "precision@1": 0.6097560975609756, "precision@3": 0.5447154471544714, "precision@5": 0.4878048780487804, "precision@10": 0.4024390243902439, "precision@100": 0.12426829268292684}, "run.bm25-1000--rank1-7b.dl23-passage.txt": {"judge@10": 0.6353658536585365, "judge@20": 0.5378048780487804, "judge@100": 0.3247560975609756, "ndcg@3": 0.6216739253242645, "ndcg@5": 0.5993081377466056, "ndcg@10": 0.5381894575485114, "ndcg@20": 0.48577224811670194, "ndcg@100": 0.4295888883403532, "ndcg@1000": 0.4619418981724485, "mrr@5": 0.7156504065040651, "mrr@10": 0.7228126209833526, "mrr@20": 0.7234544695071011, "mrr@100": 0.7235465866563427, "map@10": 0.19206699771721075, "map@100": 0.2563955204529545, "map@1000": 0.2691781203827132, "recall@5": 0.18058196051817646, "recall@20": 0.2885641619803837, "recall@100": 0.43103142543094175, "recall@1000": 0.4979635798309768, "precision@1": 0.6097560975609756, "precision@3": 0.5447154471544715, "precision@5": 0.4878048780487804, "precision@10": 0.3878048780487805, "precision@100": 0.12243902439024389}, "run.bm25-1000--rankllama-v1-13b-lora-passage.dl23-passage.txt": {"judge@10": 0.921951219512195, "judge@20": 0.8176829268292682, "judge@100": 0.42560975609756124, "ndcg@3": 0.7478769002819956, "ndcg@5": 0.6999731891458554, "ndcg@10": 0.6585360999543629, "ndcg@20": 0.6008937870993029, "ndcg@100": 0.5024920386041783, "ndcg@1000": 0.5070262307335432, "mrr@5": 0.8048780487804879, "mrr@10": 0.8099593495934958, "mrr@20": 0.8106011981172442, "mrr@100": 0.8108663094640098, "map@10": 0.23195613654987282, "map@100": 0.310033169898091, "map@1000": 0.32123833477018465, "recall@5": 0.20783685259203374, "recall@20": 0.3251582658041659, "recall@100": 0.45012687419568104, "recall@1000": 0.4979635798309768, "precision@1": 0.7439024390243902, "precision@3": 0.6422764227642276, "precision@5": 0.5560975609756098, "precision@10": 0.451219512195122, "precision@100": 0.13463414634146342}, "run.bm25-1000--rankllama-v1-7b-lora-passage.dl23-passage.txt": {"judge@10": 0.921951219512195, "judge@20": 0.8085365853658539, "judge@100": 0.42317073170731717, "ndcg@3": 0.7355754492966788, "ndcg@5": 0.693712229237532, "ndcg@10": 0.6516899120821539, "ndcg@20": 0.5973618975053486, "ndcg@100": 0.49947337091180416, "ndcg@1000": 0.505529544623317, "mrr@5": 0.8130081300813007, "mrr@10": 0.8177990708478512, "mrr@20": 0.8185164309626288, "mrr@100": 0.8185164309626288, "map@10": 0.22099092098952, "map@100": 0.30026426795701167, "map@1000": 0.311703674654415, "recall@5": 0.19654941004118753, "recall@20": 0.32282697912381675, "recall@100": 0.44868965438195424, "recall@1000": 0.4979635798309768, "precision@1": 0.7560975609756098, "precision@3": 0.6382113821138211, "precision@5": 0.5560975609756098, "precision@10": 0.4487804878048781, "precision@100": 0.13390243902439025}, "run.bm25-1000.dl23-passage.txt": {"judge@10": 1.0, "judge@20": 0.8780487804878052, "judge@100": 0.36695121951219506, "ndcg@3": 0.37828103015117565, "ndcg@5": 0.36609109179170646, "ndcg@10": 0.35870442758658694, "ndcg@20": 0.35044137304549017, "ndcg@100": 0.31062279432241363, "ndcg@1000": 0.38630964145494556, "mrr@5": 0.37906504065040647, "mrr@10": 0.3929345722028649, "mrr@20": 0.40015247784257824, "mrr@100": 0.4037006575397032, "map@10": 0.08356616303120862, "map@100": 0.11133465369193976, "map@1000": 0.12527024550033636, "recall@5": 0.0810913847785245, "recall@20": 0.15716290202905842, "recall@100": 0.29055901846457116, "recall@1000": 0.4979635798309768, "precision@1": 0.3170731707317073, "precision@3": 0.21544715447154472, "precision@5": 0.19999999999999998, "precision@10": 0.16951219512195123, "precision@100": 0.07146341463414635}}