{"run.bm25-1000--monot5-3b-msmarco.dl23-passage.txt": {"judge@10": 0.8158536585365853, "judge@20": 0.7140243902439021, "judge@100": 0.3647560975609756, "ndcg@3": 0.751771480395192, "ndcg@5": 0.7275742115243663, "ndcg@10": 0.6922717865759114, "ndcg@20": 0.6455456637516855, "ndcg@100": 0.6467454741902775, "ndcg@1000": 0.6662509297195355, "mrr@5": 0.8455284552845528, "mrr@10": 0.8455284552845528, "mrr@20": 0.8455284552845528, "mrr@100": 0.8455284552845528, "map@10": 0.2778940265537593, "map@100": 0.4590544956901538, "map@1000": 0.46879009335238375, "recall@5": 0.21091151340496925, "recall@20": 0.45093063414003637, "recall@100": 0.653843689234454, "recall@1000": 0.6901494424578425, "precision@1": 0.7560975609756098, "precision@3": 0.7357723577235772, "precision@5": 0.6878048780487804, "precision@10": 0.6158536585365854, "precision@100": 0.17597560975609758}, "run.bm25-1000--monot5-base-msmarco.dl23-passage.txt": {"judge@10": 0.767073170731707, "judge@20": 0.6737804878048781, "judge@100": 0.3500000000000001, "ndcg@3": 0.7171625290080009, "ndcg@5": 0.7004412715999668, "ndcg@10": 0.6605047556984806, "ndcg@20": 0.6107342710576732, "ndcg@100": 0.620385943227267, "ndcg@1000": 0.6484413769457504, "mrr@5": 0.866869918699187, "mrr@10": 0.866869918699187, "mrr@20": 0.866869918699187, "mrr@100": 0.866869918699187, "map@10": 0.24738338720014366, "map@100": 0.41775126305591986, "map@1000": 0.4302062454743077, "recall@5": 0.1915094720782543, "recall@20": 0.4063245687332158, "recall@100": 0.6332501327148459, "recall@1000": 0.6901494424578425, "precision@1": 0.7926829268292683, "precision@3": 0.6829268292682926, "precision@5": 0.6536585365853658, "precision@10": 0.5804878048780487, "precision@100": 0.1698780487804878}, "run.bm25-1000--monot5-large-msmarco.dl23-passage.txt": {"judge@10": 0.7817073170731703, "judge@20": 0.678658536585366, "judge@100": 0.35268292682926844, "ndcg@3": 0.7299712085098048, "ndcg@5": 0.710254990029609, "ndcg@10": 0.6616079033961223, "ndcg@20": 0.6102075847813442, "ndcg@100": 0.6233373855628065, "ndcg@1000": 0.6510277574188815, "mrr@5": 0.8800813008130081, "mrr@10": 0.8800813008130081, "mrr@20": 0.8800813008130081, "mrr@100": 0.8800813008130081, "map@10": 0.2512236281698449, "map@100": 0.4187636237867912, "map@1000": 0.43141963660407023, "recall@5": 0.2006967946228977, "recall@20": 0.41834732332238495, "recall@100": 0.6366544701770269, "recall@1000": 0.6901494424578425, "precision@1": 0.8170731707317073, "precision@3": 0.6951219512195121, "precision@5": 0.6609756097560975, "precision@10": 0.5756097560975609, "precision@100": 0.16841463414634145}, "run.bm25-1000--rank1-14b.dl23-passage.txt": {"judge@10": 0.5792682926829268, "judge@20": 0.4865853658536585, "judge@100": 0.28024390243902436, "ndcg@3": 0.5127958245982511, "ndcg@5": 0.4734844514851679, "ndcg@10": 0.41956654580266844, "ndcg@20": 0.38421516057939475, "ndcg@100": 0.4444309429570243, "ndcg@1000": 0.5264356323058738, "mrr@5": 0.6847560975609756, "mrr@10": 0.6801829268292683, "mrr@20": 0.6821283391405343, "mrr@100": 0.6822812620983353, "map@10": 0.14451332811048834, "map@100": 0.2303298495437036, "map@1000": 0.2513409199562845, "recall@5": 0.14626352172445978, "recall@20": 0.27796416915629757, "recall@100": 0.49813855820792136, "recall@1000": 0.6901494424578425, "precision@1": 0.5365853658536586, "precision@3": 0.4999999999999999, "precision@5": 0.43902439024390233, "precision@10": 0.3573170731707317, "precision@100": 0.1251219512195122}, "run.bm25-1000--rank1-32b-awq.dl23-passage.txt": {"judge@10": 0.6085365853658538, "judge@20": 0.5067073170731707, "judge@100": 0.2753658536585367, "ndcg@3": 0.549036382571143, "ndcg@5": 0.5085918573826966, "ndcg@10": 0.4492299220318301, "ndcg@20": 0.4077653073442712, "ndcg@100": 0.4529993514591038, "ndcg@1000": 0.5347724602270123, "mrr@5": 0.707520325203252, "mrr@10": 0.726335656213705, "mrr@20": 0.7269022982437616, "mrr@100": 0.7275377583454353, "map@10": 0.15606637739186546, "map@100": 0.2392153709766268, "map@1000": 0.25904003503417833, "recall@5": 0.14370663179530388, "recall@20": 0.2790225696790726, "recall@100": 0.49443080771167225, "recall@1000": 0.6901494424578425, "precision@1": 0.6219512195121951, "precision@3": 0.516260162601626, "precision@5": 0.4585365853658537, "precision@10": 0.3719512195121951, "precision@100": 0.1251219512195122}, "run.bm25-1000--rank1-7b.dl23-passage.txt": {"judge@10": 0.5573170731707319, "judge@20": 0.46646341463414626, "judge@100": 0.28060975609756106, "ndcg@3": 0.5260089955845869, "ndcg@5": 0.4958410446166783, "ndcg@10": 0.4354637756559499, "ndcg@20": 0.3940594595902387, "ndcg@100": 0.45911870819920503, "ndcg@1000": 0.5378833756976595, "mrr@5": 0.7199186991869918, "mrr@10": 0.7199186991869918, "mrr@20": 0.7222941679881195, "mrr@100": 0.7221604495456719, "map@10": 0.15499813799022344, "map@100": 0.24132702899455, "map@1000": 0.2619042649547638, "recall@5": 0.14908876142400784, "recall@20": 0.270913771000836, "recall@100": 0.50832077431521, "recall@1000": 0.6901494424578425, "precision@1": 0.6097560975609756, "precision@3": 0.49186991869918695, "precision@5": 0.448780487804878, "precision@10": 0.3573170731707317, "precision@100": 0.12682926829268293}, "run.bm25-1000--rankllama-v1-13b-lora-passage.dl23-passage.txt": {"judge@10": 0.8219512195121946, "judge@20": 0.7256097560975608, "judge@100": 0.3702439024390244, "ndcg@3": 0.8034134238465503, "ndcg@5": 0.7991433966062539, "ndcg@10": 0.7451736149241504, "ndcg@20": 0.6935336712572169, "ndcg@100": 0.6806762997990479, "ndcg@1000": 0.6959543092828171, "mrr@5": 0.8871951219512195, "mrr@10": 0.8871951219512195, "mrr@20": 0.8871951219512195, "mrr@100": 0.8871951219512195, "map@10": 0.3249119191696935, "map@100": 0.5185186705153791, "map@1000": 0.5271293885702804, "recall@5": 0.23786324096207595, "recall@20": 0.48898946171676894, "recall@100": 0.6623991730947868, "recall@1000": 0.6901494424578425, "precision@1": 0.8292682926829268, "precision@3": 0.7804878048780488, "precision@5": 0.7634146341463414, "precision@10": 0.6573170731707316, "precision@100": 0.18060975609756097}, "run.bm25-1000--rankllama-v1-7b-lora-passage.dl23-passage.txt": {"judge@10": 0.8158536585365849, "judge@20": 0.7164634146341462, "judge@100": 0.3719512195121952, "ndcg@3": 0.8363880346884299, "ndcg@5": 0.8184158982453871, "ndcg@10": 0.7679442510379515, "ndcg@20": 0.7236207596390681, "ndcg@100": 0.7059468224499515, "ndcg@1000": 0.7135146229394994, "mrr@5": 0.8932926829268293, "mrr@10": 0.8932926829268293, "mrr@20": 0.8932926829268293, "mrr@100": 0.8932926829268293, "map@10": 0.35147638146990384, "map@100": 0.5658234063961143, "map@1000": 0.5704920033805367, "recall@5": 0.2503889229483909, "recall@20": 0.5167471754219184, "recall@100": 0.6769959717917166, "recall@1000": 0.6901494424578425, "precision@1": 0.8414634146341463, "precision@3": 0.821138211382114, "precision@5": 0.7804878048780487, "precision@10": 0.6792682926829269, "precision@100": 0.18878048780487802}, "run.bm25-1000.dl23-passage.txt": {"judge@10": 0.9036585365853657, "judge@20": 0.7841463414634148, "judge@100": 0.3267073170731707, "ndcg@3": 0.4082820886347551, "ndcg@5": 0.393702992930306, "ndcg@10": 0.36353707156063536, "ndcg@20": 0.33754966656579144, "ndcg@100": 0.373982132247438, "ndcg@1000": 0.4790615805144257, "mrr@5": 0.5871951219512195, "mrr@10": 0.60199864498645, "mrr@20": 0.6073897985483352, "mrr@100": 0.6081560930311675, "map@10": 0.11512549086383615, "map@100": 0.18539915333121892, "map@1000": 0.20563534815578347, "recall@5": 0.10057460980002587, "recall@20": 0.22948742750139087, "recall@100": 0.43174822264673146, "recall@1000": 0.6901494424578425, "precision@1": 0.5121951219512195, "precision@3": 0.37804878048780494, "precision@5": 0.36097560975609755, "precision@10": 0.3121951219512195, "precision@100": 0.1048780487804878}}