{"run.bm25-1000--monot5-3b-msmarco.dl23-passage.txt": {"judge@10": 0.8158536585365853, "judge@20": 0.7140243902439021, "judge@100": 0.3647560975609756, "ndcg@3": 0.5018944055747452, "ndcg@5": 0.4894684371066609, "ndcg@10": 0.4573412288222497, "ndcg@20": 0.43271431237377495, "ndcg@100": 0.3750098161299043, "ndcg@1000": 0.4082034916065242, "mrr@5": 0.651829268292683, "mrr@10": 0.658701122725513, "mrr@20": 0.6605303910181959, "mrr@100": 0.660801393728223, "map@10": 0.11985087232292078, "map@100": 0.18823627097176057, "map@1000": 0.19804773428578554, "recall@5": 0.12147567812884845, "recall@20": 0.23995289922520044, "recall@100": 0.3697721165625216, "recall@1000": 0.44248007438077214, "precision@1": 0.4878048780487805, "precision@3": 0.47154471544715443, "precision@5": 0.4268292682926829, "precision@10": 0.35365853658536583, "precision@100": 0.11634146341463414}, "run.bm25-1000--monot5-base-msmarco.dl23-passage.txt": {"judge@10": 0.767073170731707, "judge@20": 0.6737804878048781, "judge@100": 0.3500000000000001, "ndcg@3": 0.4945922730463823, "ndcg@5": 0.465940144621879, "ndcg@10": 0.4246592556507725, "ndcg@20": 0.39383373596287913, "ndcg@100": 0.35606981344684235, "ndcg@1000": 0.39606472371118134, "mrr@5": 0.6754065040650407, "mrr@10": 0.6854481223383663, "mrr@20": 0.6854481223383663, "mrr@100": 0.6854481223383663, "map@10": 0.1128632772031636, "map@100": 0.1705392178073003, "map@1000": 0.18150876892451884, "recall@5": 0.11300119636322598, "recall@20": 0.21581392470763427, "recall@100": 0.35156886398852505, "recall@1000": 0.44248007438077214, "precision@1": 0.5487804878048781, "precision@3": 0.459349593495935, "precision@5": 0.402439024390244, "precision@10": 0.3170731707317073, "precision@100": 0.10865853658536585}, "run.bm25-1000--monot5-large-msmarco.dl23-passage.txt": {"judge@10": 0.7817073170731703, "judge@20": 0.678658536585366, "judge@100": 0.35268292682926844, "ndcg@3": 0.472534407244677, "ndcg@5": 0.4603899953869723, "ndcg@10": 0.4313238188397265, "ndcg@20": 0.3939729172326524, "ndcg@100": 0.35458744241597906, "ndcg@1000": 0.397417107363696, "mrr@5": 0.6455284552845529, "mrr@10": 0.6541957026713124, "mrr@20": 0.6541957026713124, "mrr@100": 0.6541957026713124, "map@10": 0.11114716428907827, "map@100": 0.16870040456157495, "map@1000": 0.17949438633509798, "recall@5": 0.11399524135028001, "recall@20": 0.2109478481462738, "recall@100": 0.3554673783776417, "recall@1000": 0.44248007438077214, "precision@1": 0.4878048780487805, "precision@3": 0.4146341463414634, "precision@5": 0.3902439024390244, "precision@10": 0.325609756097561, "precision@100": 0.10768292682926832}, "run.bm25-1000--rank1-14b.dl23-passage.txt": {"judge@10": 0.5792682926829268, "judge@20": 0.4865853658536585, "judge@100": 0.28024390243902436, "ndcg@3": 0.4336769806216738, "ndcg@5": 0.42098292957099864, "ndcg@10": 0.38698980716552583, "ndcg@20": 0.3475335220484279, "ndcg@100": 0.319486986610566, "ndcg@1000": 0.375411109019452, "mrr@5": 0.5853658536585366, "mrr@10": 0.5765582655826559, "mrr@20": 0.5837458153993303, "mrr@100": 0.5840850952253047, "map@10": 0.10336709022165674, "map@100": 0.15257211836912069, "map@1000": 0.1641501773530542, "recall@5": 0.11100688223691063, "recall@20": 0.18330638216481412, "recall@100": 0.333946034573578, "recall@1000": 0.44248007438077214, "precision@1": 0.43902439024390244, "precision@3": 0.40650406504065034, "precision@5": 0.3780487804878049, "precision@10": 0.30365853658536585, "precision@100": 0.10341463414634144}, "run.bm25-1000--rank1-32b-awq.dl23-passage.txt": {"judge@10": 0.6085365853658538, "judge@20": 0.5067073170731707, "judge@100": 0.2753658536585367, "ndcg@3": 0.45195238648690844, "ndcg@5": 0.4333982644796346, "ndcg@10": 0.3989394345253326, "ndcg@20": 0.3609434031127677, "ndcg@100": 0.32145211131838863, "ndcg@1000": 0.3768788578381813, "mrr@5": 0.6002032520325203, "mrr@10": 0.6201703445605884, "mrr@20": 0.6229542814908668, "mrr@100": 0.6240926866730117, "map@10": 0.09696366818193651, "map@100": 0.14747215542961678, "map@1000": 0.1583185497350181, "recall@5": 0.09357440465077735, "recall@20": 0.19488964807324657, "recall@100": 0.33395944926268845, "recall@1000": 0.44248007438077214, "precision@1": 0.5, "precision@3": 0.41056910569105687, "precision@5": 0.3780487804878048, "precision@10": 0.31341463414634146, "precision@100": 0.1025609756097561}, "run.bm25-1000--rank1-7b.dl23-passage.txt": {"judge@10": 0.5573170731707319, "judge@20": 0.46646341463414626, "judge@100": 0.28060975609756106, "ndcg@3": 0.44193564172115635, "ndcg@5": 0.42031874005057734, "ndcg@10": 0.38139768552433145, "ndcg@20": 0.339689274342635, "ndcg@100": 0.3124451652555724, "ndcg@1000": 0.3719297353239327, "mrr@5": 0.6105691056910568, "mrr@10": 0.6172377080913667, "mrr@20": 0.6193549167634533, "mrr@100": 0.6207875990381371, "map@10": 0.09628755934507255, "map@100": 0.14045516804981048, "map@1000": 0.1529233945734624, "recall@5": 0.09372959150789083, "recall@20": 0.17866011663425527, "recall@100": 0.32200601277765956, "recall@1000": 0.44248007438077214, "precision@1": 0.4878048780487805, "precision@3": 0.4146341463414634, "precision@5": 0.3682926829268293, "precision@10": 0.2975609756097561, "precision@100": 0.09817073170731708}, "run.bm25-1000--rankllama-v1-13b-lora-passage.dl23-passage.txt": {"judge@10": 0.8219512195121946, "judge@20": 0.7256097560975608, "judge@100": 0.3702439024390244, "ndcg@3": 0.5593515895928961, "ndcg@5": 0.540841924162137, "ndcg@10": 0.4916499580744537, "ndcg@20": 0.44413062109417684, "ndcg@100": 0.38366692691457227, "ndcg@1000": 0.4177726470121587, "mrr@5": 0.7371951219512195, "mrr@10": 0.7371951219512195, "mrr@20": 0.7371951219512195, "mrr@100": 0.7371951219512195, "map@10": 0.13572148661218705, "map@100": 0.196261217413725, "map@1000": 0.2061885158272465, "recall@5": 0.13358994512190517, "recall@20": 0.24391197711958768, "recall@100": 0.37627483110845755, "recall@1000": 0.44248007438077214, "precision@1": 0.6097560975609756, "precision@3": 0.5243902439024389, "precision@5": 0.48048780487804876, "precision@10": 0.3780487804878048, "precision@100": 0.11670731707317074}, "run.bm25-1000--rankllama-v1-7b-lora-passage.dl23-passage.txt": {"judge@10": 0.8158536585365849, "judge@20": 0.7164634146341462, "judge@100": 0.3719512195121952, "ndcg@3": 0.5721336398180055, "ndcg@5": 0.5402315336728678, "ndcg@10": 0.4854636860516898, "ndcg@20": 0.43846836336900086, "ndcg@100": 0.3842953158806108, "ndcg@1000": 0.41743056670288947, "mrr@5": 0.75, "mrr@10": 0.7520325203252032, "mrr@20": 0.7520325203252032, "mrr@100": 0.7520325203252032, "map@10": 0.13096834689448789, "map@100": 0.19318637193335975, "map@1000": 0.20316845934464867, "recall@5": 0.13036089824734354, "recall@20": 0.22933828258845484, "recall@100": 0.37247935665505255, "recall@1000": 0.44248007438077214, "precision@1": 0.6341463414634146, "precision@3": 0.5447154471544715, "precision@5": 0.47317073170731705, "precision@10": 0.3597560975609756, "precision@100": 0.11707317073170734}, "run.bm25-1000.dl23-passage.txt": {"judge@10": 0.9036585365853657, "judge@20": 0.7841463414634148, "judge@100": 0.3267073170731707, "ndcg@3": 0.2659575546142102, "ndcg@5": 0.2563818882546031, "ndcg@10": 0.24664588804131649, "ndcg@20": 0.23599453745120635, "ndcg@100": 0.22207893066547843, "ndcg@1000": 0.31159422714626916, "mrr@5": 0.35853658536585364, "mrr@10": 0.3693379790940766, "mrr@20": 0.377844533850537, "mrr@100": 0.3802848018221964, "map@10": 0.05185891951925209, "map@100": 0.07579525941488004, "map@1000": 0.08791655123707713, "recall@5": 0.05578597047158317, "recall@20": 0.12305779923799609, "recall@100": 0.23664243725497094, "recall@1000": 0.44248007438077214, "precision@1": 0.24390243902439024, "precision@3": 0.18699186991869918, "precision@5": 0.18048780487804877, "precision@10": 0.15121951219512195, "precision@100": 0.061585365853658536}}