{"run.bm25-1000--monot5-3b-msmarco.dl19-passage.txt": {"judge@10": 0.9651162790697673, "judge@20": 0.8930232558139535, "judge@100": 0.5579069767441859, "ndcg@3": 0.8168112813002087, "ndcg@5": 0.8061737336511089, "ndcg@10": 0.7732692027146455, "ndcg@20": 0.7317120805726197, "ndcg@100": 0.6639047278769301, "ndcg@1000": 0.6845804720503937, "mrr@5": 0.8728682170542635, "mrr@10": 0.8728682170542635, "mrr@20": 0.8746571258199165, "mrr@100": 0.8746571258199165, "map@10": 0.19785232726041085, "map@100": 0.42291371081782675, "map@1000": 0.47158107541078315, "recall@5": 0.1389771923428147, "recall@20": 0.3336973796147882, "recall@100": 0.5813998978205945, "recall@1000": 0.7227055367579119, "precision@1": 0.813953488372093, "precision@3": 0.813953488372093, "precision@5": 0.7999999999999999, "precision@10": 0.7441860465116278, "precision@100": 0.32790697674418606}, "run.bm25-1000--monot5-base-msmarco.dl19-passage.txt": {"judge@10": 0.9488372093023255, "judge@20": 0.8883720930232557, "judge@100": 0.546046511627907, "ndcg@3": 0.8179813212803926, "ndcg@5": 0.7914172907778897, "ndcg@10": 0.7484216754820857, "ndcg@20": 0.7203116020706265, "ndcg@100": 0.6456215982504742, "ndcg@1000": 0.6751486135074046, "mrr@5": 0.9031007751937985, "mrr@10": 0.9031007751937985, "mrr@20": 0.9046511627906977, "mrr@100": 0.9046511627906977, "map@10": 0.18157282062230087, "map@100": 0.4020586441730298, "map@1000": 0.45130343133172257, "recall@5": 0.1334269322398268, "recall@20": 0.3224062529992704, "recall@100": 0.5606639776105427, "recall@1000": 0.7227055367579119, "precision@1": 0.8604651162790697, "precision@3": 0.8062015503875969, "precision@5": 0.772093023255814, "precision@10": 0.7069767441860466, "precision@100": 0.3197674418604652}, "run.bm25-1000--monot5-large-msmarco.dl19-passage.txt": {"judge@10": 0.9488372093023257, "judge@20": 0.8965116279069768, "judge@100": 0.5511627906976744, "ndcg@3": 0.8288947800251081, "ndcg@5": 0.7959077990437248, "ndcg@10": 0.7556372565165449, "ndcg@20": 0.7168327542122417, "ndcg@100": 0.6567122060812799, "ndcg@1000": 0.6826021434629933, "mrr@5": 0.9108527131782946, "mrr@10": 0.9108527131782946, "mrr@20": 0.9108527131782946, "mrr@100": 0.9116546377973803, "map@10": 0.18805204216080676, "map@100": 0.4136737287605643, "map@1000": 0.46455221942916564, "recall@5": 0.13162753158505572, "recall@20": 0.3195498716026336, "recall@100": 0.5701023366660076, "recall@1000": 0.7227055367579119, "precision@1": 0.8604651162790697, "precision@3": 0.8217054263565892, "precision@5": 0.7767441860465116, "precision@10": 0.7162790697674418, "precision@100": 0.3241860465116279}, "run.bm25-1000--rank1-14b.dl19-passage.txt": {"judge@10": 0.8093023255813951, "judge@20": 0.7348837209302325, "judge@100": 0.48209302325581405, "ndcg@3": 0.8590362198150118, "ndcg@5": 0.8302425995032415, "ndcg@10": 0.8232973878075431, "ndcg@20": 0.7899644989312167, "ndcg@100": 0.7358608040676636, "ndcg@1000": 0.7355459348085296, "mrr@5": 0.9251937984496124, "mrr@10": 0.9251937984496124, "mrr@20": 0.9251937984496124, "mrr@100": 0.9251937984496124, "map@10": 0.25538750363069523, "map@100": 0.5332443308154068, "map@1000": 0.5815550385338029, "recall@5": 0.15558320671877493, "recall@20": 0.40566306048236755, "recall@100": 0.63241660965416, "recall@1000": 0.7227055367579119, "precision@1": 0.8837209302325582, "precision@3": 0.8527131782945736, "precision@5": 0.813953488372093, "precision@10": 0.7953488372093024, "precision@100": 0.34976744186046516}, "run.bm25-1000--rank1-32b-awq.dl19-passage.txt": {"judge@10": 0.8302325581395347, "judge@20": 0.7744186046511625, "judge@100": 0.48232558139534903, "ndcg@3": 0.845264968142181, "ndcg@5": 0.8372744418228805, "ndcg@10": 0.8018634411286584, "ndcg@20": 0.7744029175310483, "ndcg@100": 0.7112730971269906, "ndcg@1000": 0.7146646401111987, "mrr@5": 0.936046511627907, "mrr@10": 0.9277408637873753, "mrr@20": 0.9277408637873753, "mrr@100": 0.9277408637873753, "map@10": 0.22396401310983322, "map@100": 0.491418706534465, "map@1000": 0.5388619647614722, "recall@5": 0.14813470391792355, "recall@20": 0.3742108549989917, "recall@100": 0.6190375311498131, "recall@1000": 0.7227055367579119, "precision@1": 0.8837209302325582, "precision@3": 0.8372093023255812, "precision@5": 0.8279069767441861, "precision@10": 0.7674418604651163, "precision@100": 0.3446511627906977}, "run.bm25-1000--rank1-7b.dl19-passage.txt": {"judge@10": 0.8465116279069768, "judge@20": 0.7860465116279067, "judge@100": 0.49139534883720937, "ndcg@3": 0.8768353043961428, "ndcg@5": 0.8465034092672146, "ndcg@10": 0.8016563240654618, "ndcg@20": 0.7731104961127983, "ndcg@100": 0.7027723075211801, "ndcg@1000": 0.7112022186245366, "mrr@5": 0.9534883720930233, "mrr@10": 0.9534883720930233, "mrr@20": 0.9534883720930233, "mrr@100": 0.9534883720930233, "map@10": 0.2239667418031529, "map@100": 0.4816963784131137, "map@1000": 0.5300236126377588, "recall@5": 0.14585959626072614, "recall@20": 0.3737261168790785, "recall@100": 0.6108475992283885, "recall@1000": 0.7227055367579119, "precision@1": 0.9069767441860465, "precision@3": 0.8682170542635658, "precision@5": 0.8279069767441861, "precision@10": 0.7604651162790699, "precision@100": 0.34069767441860466}, "run.bm25-1000--rankllama-v1-13b-lora-passage.dl19-passage.txt": {"judge@10": 0.9767441860465115, "judge@20": 0.9116279069767441, "judge@100": 0.5765116279069766, "ndcg@3": 0.8633229092071854, "ndcg@5": 0.8363919847080205, "ndcg@10": 0.7992305724837011, "ndcg@20": 0.7466718987637242, "ndcg@100": 0.6828274285603557, "ndcg@1000": 0.698826560197979, "mrr@5": 0.907751937984496, "mrr@10": 0.907751937984496, "mrr@20": 0.9093023255813953, "mrr@100": 0.9093023255813953, "map@10": 0.20886898594852016, "map@100": 0.44380510316392935, "map@1000": 0.49339487643175006, "recall@5": 0.14028650233219825, "recall@20": 0.34297394651684693, "recall@100": 0.5940553639481848, "recall@1000": 0.7227055367579119, "precision@1": 0.8604651162790697, "precision@3": 0.8604651162790697, "precision@5": 0.8232558139534883, "precision@10": 0.7627906976744185, "precision@100": 0.3318604651162791}, "run.bm25-1000--rankllama-v1-7b-lora-passage.dl19-passage.txt": {"judge@10": 0.9581395348837206, "judge@20": 0.9069767441860465, "judge@100": 0.5697674418604651, "ndcg@3": 0.8770941608800163, "ndcg@5": 0.8504330875911016, "ndcg@10": 0.8006564964500908, "ndcg@20": 0.7580387828824598, "ndcg@100": 0.6839650064336631, "ndcg@1000": 0.699029924753493, "mrr@5": 0.9069767441860465, "mrr@10": 0.9069767441860465, "mrr@20": 0.9069767441860465, "mrr@100": 0.9075581395348837, "map@10": 0.20714702794523082, "map@100": 0.4505194319792059, "map@1000": 0.4995683657889445, "recall@5": 0.1439700693773275, "recall@20": 0.3528448202606027, "recall@100": 0.5911845169635609, "recall@1000": 0.7227055367579119, "precision@1": 0.8372093023255814, "precision@3": 0.8837209302325582, "precision@5": 0.8418604651162791, "precision@10": 0.7627906976744185, "precision@100": 0.3355813953488372}, "run.bm25-1000.dl19-passage.txt": {"judge@10": 1.0, "judge@20": 0.9139534883720931, "judge@100": 0.5248837209302326, "ndcg@3": 0.6416782284170169, "ndcg@5": 0.6283603261535271, "ndcg@10": 0.5610154080498656, "ndcg@20": 0.5108655936063037, "ndcg@100": 0.49372438295639953, "ndcg@1000": 0.5881075616205547, "mrr@5": 0.7616279069767442, "mrr@10": 0.7671188630490957, "mrr@20": 0.7692330279539583, "mrr@100": 0.7695908097070888, "map@10": 0.120830794475836, "map@100": 0.2482651541135464, "map@1000": 0.3032163290930411, "recall@5": 0.10533750583490793, "recall@20": 0.22368125781304599, "recall@100": 0.43907887272042495, "recall@1000": 0.7227055367579119, "precision@1": 0.6511627906976745, "precision@3": 0.6356589147286822, "precision@5": 0.6186046511627907, "precision@10": 0.5186046511627908, "precision@100": 0.24511627906976743}}