{"run.bm25-1000--monot5-3b-msmarco.dl21-passage.txt": {"judge@10": 0.9566037735849053, "judge@20": 0.8981132075471701, "judge@100": 0.5626415094339624, "ndcg@3": 0.9867185266219975, "ndcg@5": 0.9691943907611136, "ndcg@10": 0.9614720073324476, "ndcg@20": 0.9126776694291803, "ndcg@100": 0.6812191031436186, "ndcg@1000": 0.7049234288480309, "mrr@5": 0.9905660377358491, "mrr@10": 0.9905660377358491, "mrr@20": 0.9905660377358491, "mrr@100": 0.9905660377358491, "map@10": 0.11234869107836849, "map@100": 0.45100460500199213, "map@1000": 0.5108044177702777, "recall@5": 0.05767371049205027, "recall@20": 0.21123614887955527, "recall@100": 0.5393210142836304, "recall@1000": 0.6722278336101231, "precision@1": 0.9811320754716981, "precision@3": 0.9874213836477986, "precision@5": 0.9622641509433962, "precision@10": 0.9547169811320754, "precision@100": 0.49830188679245285}, "run.bm25-1000--monot5-base-msmarco.dl21-passage.txt": {"judge@10": 0.9547169811320753, "judge@20": 0.8962264150943395, "judge@100": 0.5675471698113208, "ndcg@3": 0.9888270976994012, "ndcg@5": 0.981742337512287, "ndcg@10": 0.9655152392157265, "ndcg@20": 0.9172989228009819, "ndcg@100": 0.6943505311092113, "ndcg@1000": 0.7087375488689492, "mrr@5": 1.0, "mrr@10": 1.0, "mrr@20": 1.0, "mrr@100": 1.0, "map@10": 0.1116279488325939, "map@100": 0.46795572786582096, "map@1000": 0.5237113105504511, "recall@5": 0.05750105923555953, "recall@20": 0.2095359016496218, "recall@100": 0.5495170348383884, "recall@1000": 0.6722278336101231, "precision@1": 1.0, "precision@3": 0.9874213836477986, "precision@5": 0.9773584905660376, "precision@10": 0.9547169811320754, "precision@100": 0.5103773584905661}, "run.bm25-1000--monot5-large-msmarco.dl21-passage.txt": {"judge@10": 0.9547169811320753, "judge@20": 0.8933962264150945, "judge@100": 0.5547169811320755, "ndcg@3": 0.9822913688293299, "ndcg@5": 0.9844454950869823, "ndcg@10": 0.9642326631135972, "ndcg@20": 0.9189053522350499, "ndcg@100": 0.7038690414119892, "ndcg@1000": 0.7119210528065517, "mrr@5": 0.9905660377358491, "mrr@10": 0.9905660377358491, "mrr@20": 0.9905660377358491, "mrr@100": 0.9905660377358491, "map@10": 0.113094737040541, "map@100": 0.47654807330765026, "map@1000": 0.5336893649543183, "recall@5": 0.05859827989716154, "recall@20": 0.2108251641905506, "recall@100": 0.5618172207227883, "recall@1000": 0.6722278336101231, "precision@1": 0.9811320754716981, "precision@3": 0.9811320754716981, "precision@5": 0.9849056603773585, "precision@10": 0.9547169811320755, "precision@100": 0.5203773584905661}, "run.bm25-1000--rank1-14b.dl21-passage.txt": {"judge@10": 0.7132075471698112, "judge@20": 0.6603773584905662, "judge@100": 0.4498113207547169, "ndcg@3": 0.7402762143964411, "ndcg@5": 0.731621978681128, "ndcg@10": 0.7100455789786649, "ndcg@20": 0.6547551673256298, "ndcg@100": 0.5116664083606581, "ndcg@1000": 0.6259035571555928, "mrr@5": 0.8591194968553458, "mrr@10": 0.8398023360287511, "mrr@20": 0.8508086253369272, "mrr@100": 0.8508086253369272, "map@10": 0.07622007351233054, "map@100": 0.2718395256455788, "map@1000": 0.3428222662140083, "recall@5": 0.04581132513453611, "recall@20": 0.1499667125330624, "recall@100": 0.4097824008669509, "recall@1000": 0.6722278336101231, "precision@1": 0.7547169811320755, "precision@3": 0.7358490566037735, "precision@5": 0.7245283018867923, "precision@10": 0.6962264150943395, "precision@100": 0.37754716981132086}, "run.bm25-1000--rank1-32b-awq.dl21-passage.txt": {"judge@10": 0.7773584905660379, "judge@20": 0.7028301886792452, "judge@100": 0.4547169811320753, "ndcg@3": 0.846948032696181, "ndcg@5": 0.8274477043231988, "ndcg@10": 0.7744526278349554, "ndcg@20": 0.7034216927514274, "ndcg@100": 0.5299405435666524, "ndcg@1000": 0.6371365583529698, "mrr@5": 0.9166666666666667, "mrr@10": 0.9025157232704402, "mrr@20": 0.9056603773584906, "mrr@100": 0.9056603773584906, "map@10": 0.08412209298162956, "map@100": 0.28590196201434787, "map@1000": 0.35540956198948376, "recall@5": 0.05024438624870193, "recall@20": 0.1579081410809872, "recall@100": 0.41604506558895527, "recall@1000": 0.6722278336101231, "precision@1": 0.8301886792452831, "precision@3": 0.849056603773585, "precision@5": 0.8188679245283018, "precision@10": 0.7471698113207547, "precision@100": 0.38566037735849057}, "run.bm25-1000--rank1-7b.dl21-passage.txt": {"judge@10": 0.7566037735849057, "judge@20": 0.6764150943396224, "judge@100": 0.44735849056603777, "ndcg@3": 0.788025672396012, "ndcg@5": 0.7840216315095876, "ndcg@10": 0.738999635993778, "ndcg@20": 0.681230845396985, "ndcg@100": 0.5175066647706319, "ndcg@1000": 0.6306195162779021, "mrr@5": 0.8937106918238994, "mrr@10": 0.8946540880503144, "mrr@20": 0.8915094339622641, "mrr@100": 0.8915094339622641, "map@10": 0.08003055512487704, "map@100": 0.2764109238187174, "map@1000": 0.3490998525407117, "recall@5": 0.04795152337125014, "recall@20": 0.1544852956876723, "recall@100": 0.41057307918037844, "recall@1000": 0.6722278336101231, "precision@1": 0.8113207547169812, "precision@3": 0.7798742138364779, "precision@5": 0.7773584905660377, "precision@10": 0.7150943396226416, "precision@100": 0.379622641509434}, "run.bm25-1000--rankllama-v1-13b-lora-passage.dl21-passage.txt": {"judge@10": 0.9716981132075471, "judge@20": 0.9254716981132076, "judge@100": 0.5849056603773586, "ndcg@3": 1.0, "ndcg@5": 0.9975244324997672, "ndcg@10": 0.9800857835075555, "ndcg@20": 0.9319262843108318, "ndcg@100": 0.695677888316505, "ndcg@1000": 0.7107300166918116, "mrr@5": 1.0, "mrr@10": 1.0, "mrr@20": 1.0, "mrr@100": 1.0, "map@10": 0.11481933841669616, "map@100": 0.4712756582803159, "map@1000": 0.5277743653284457, "recall@5": 0.059095674617399285, "recall@20": 0.21272846803088535, "recall@100": 0.5475899835990672, "recall@1000": 0.6722278336101232, "precision@1": 1.0, "precision@3": 1.0, "precision@5": 0.9962264150943396, "precision@10": 0.9716981132075472, "precision@100": 0.509811320754717}, "run.bm25-1000--rankllama-v1-7b-lora-passage.dl21-passage.txt": {"judge@10": 0.9716981132075471, "judge@20": 0.9264150943396232, "judge@100": 0.5871698113207547, "ndcg@3": 1.0, "ndcg@5": 0.9876221624988357, "ndcg@10": 0.9765089562229493, "ndcg@20": 0.931333288356852, "ndcg@100": 0.6935297786930258, "ndcg@1000": 0.7098393118392268, "mrr@5": 1.0, "mrr@10": 1.0, "mrr@20": 1.0, "mrr@100": 1.0, "map@10": 0.11438336804250834, "map@100": 0.4663303520942609, "map@1000": 0.5241514042503093, "recall@5": 0.05834302784279439, "recall@20": 0.2132606954564311, "recall@100": 0.543735714908974, "recall@1000": 0.6722278336101232, "precision@1": 1.0, "precision@3": 1.0, "precision@5": 0.9811320754716981, "precision@10": 0.9679245283018867, "precision@100": 0.5083018867924528}, "run.bm25-1000.dl21-passage.txt": {"judge@10": 1.0, "judge@20": 0.8801886792452832, "judge@100": 0.5256603773584906, "ndcg@3": 0.7479712366241443, "ndcg@5": 0.7371833757221826, "ndcg@10": 0.7015580434054935, "ndcg@20": 0.6380986042366668, "ndcg@100": 0.4665157383902025, "ndcg@1000": 0.5968320616607051, "mrr@5": 0.8364779874213837, "mrr@10": 0.8433662773285415, "mrr@20": 0.8433662773285415, "mrr@100": 0.8433662773285415, "map@10": 0.06609765909642447, "map@100": 0.2257065460506552, "map@1000": 0.2902985850984375, "recall@5": 0.040989582964453104, "recall@20": 0.13420362565787744, "recall@100": 0.3597470542758228, "recall@1000": 0.6722278336101232, "precision@1": 0.7735849056603774, "precision@3": 0.7421383647798742, "precision@5": 0.7283018867924529, "precision@10": 0.681132075471698, "precision@100": 0.3403773584905661}}