{"run.bm25-1000--monot5-3b-msmarco.dl20-passage.txt": {"judge@10": 0.9888888888888888, "judge@20": 0.9351851851851852, "judge@100": 0.5874074074074074, "ndcg@3": 0.9826193064436016, "ndcg@5": 0.9693294621767578, "ndcg@10": 0.9344752847545297, "ndcg@20": 0.8948643362707672, "ndcg@100": 0.8833606855464774, "ndcg@1000": 0.8994612323665403, "mrr@5": 0.9907407407407407, "mrr@10": 0.9907407407407407, "mrr@20": 0.9907407407407407, "mrr@100": 0.9907407407407407, "map@10": 0.47145787484400364, "map@100": 0.7841914027923493, "map@1000": 0.7977775261426401, "recall@5": 0.3246584010702608, "recall@20": 0.6476902521575293, "recall@100": 0.8666655141388035, "recall@1000": 0.8997902674684761, "precision@1": 0.9814814814814815, "precision@3": 0.9691358024691357, "precision@5": 0.9370370370370371, "precision@10": 0.8277777777777778, "precision@100": 0.2464814814814815}, "run.bm25-1000--monot5-base-msmarco.dl20-passage.txt": {"judge@10": 0.9870370370370369, "judge@20": 0.9175925925925926, "judge@100": 0.5688888888888888, "ndcg@3": 0.948789617833544, "ndcg@5": 0.9443640219392947, "ndcg@10": 0.9132671011871533, "ndcg@20": 0.8795322065556991, "ndcg@100": 0.8714494655879682, "ndcg@1000": 0.887813031206376, "mrr@5": 0.9737654320987653, "mrr@10": 0.9737654320987653, "mrr@20": 0.9737654320987653, "mrr@100": 0.9737654320987653, "map@10": 0.45569442335691096, "map@100": 0.7622771777089029, "map@1000": 0.7753691702948973, "recall@5": 0.31778366892495447, "recall@20": 0.6346358311934396, "recall@100": 0.865121277333254, "recall@1000": 0.8997902674684761, "precision@1": 0.9629629629629629, "precision@3": 0.9320987654320987, "precision@5": 0.9148148148148147, "precision@10": 0.8111111111111109, "precision@100": 0.24666666666666665}, "run.bm25-1000--monot5-large-msmarco.dl20-passage.txt": {"judge@10": 0.9759259259259259, "judge@20": 0.9092592592592595, "judge@100": 0.5744444444444444, "ndcg@3": 0.958197852234701, "ndcg@5": 0.9422199490731051, "ndcg@10": 0.911014057966036, "ndcg@20": 0.8788036176625815, "ndcg@100": 0.8713744789559845, "ndcg@1000": 0.8861907543028587, "mrr@5": 0.9907407407407407, "mrr@10": 0.9907407407407407, "mrr@20": 0.9907407407407407, "mrr@100": 0.9907407407407407, "map@10": 0.45039047897167706, "map@100": 0.7608175557311113, "map@1000": 0.7739038919351453, "recall@5": 0.3163842139229473, "recall@20": 0.6376960955632573, "recall@100": 0.8693473166269754, "recall@1000": 0.8997902674684761, "precision@1": 0.9814814814814815, "precision@3": 0.9444444444444443, "precision@5": 0.911111111111111, "precision@10": 0.8111111111111112, "precision@100": 0.2475925925925926}, "run.bm25-1000--rank1-14b.dl20-passage.txt": {"judge@10": 0.8555555555555552, "judge@20": 0.7814814814814816, "judge@100": 0.47481481481481475, "ndcg@3": 0.756983609335019, "ndcg@5": 0.7519815346365649, "ndcg@10": 0.7085425245211447, "ndcg@20": 0.691088283587651, "ndcg@100": 0.7278921163519476, "ndcg@1000": 0.7830447299905983, "mrr@5": 0.8580246913580247, "mrr@10": 0.8617283950617284, "mrr@20": 0.8617283950617284, "mrr@100": 0.8617283950617284, "map@10": 0.3050886936409385, "map@100": 0.5345582586609379, "map@1000": 0.5605656298762389, "recall@5": 0.24842572086374892, "recall@20": 0.5206811909424279, "recall@100": 0.7829197358516163, "recall@1000": 0.8997902674684761, "precision@1": 0.7777777777777778, "precision@3": 0.7530864197530862, "precision@5": 0.7333333333333334, "precision@10": 0.6351851851851852, "precision@100": 0.20944444444444446}, "run.bm25-1000--rank1-32b-awq.dl20-passage.txt": {"judge@10": 0.8796296296296295, "judge@20": 0.789814814814815, "judge@100": 0.476111111111111, "ndcg@3": 0.8180221632417942, "ndcg@5": 0.8060604546774427, "ndcg@10": 0.7571844012682356, "ndcg@20": 0.726423625979387, "ndcg@100": 0.7564536665131885, "ndcg@1000": 0.8082050594116764, "mrr@5": 0.9126543209876543, "mrr@10": 0.9101851851851852, "mrr@20": 0.9101851851851852, "mrr@100": 0.9101851851851852, "map@10": 0.3408599135647479, "map@100": 0.571438426012194, "map@1000": 0.5957893809928634, "recall@5": 0.26178532699887624, "recall@20": 0.5391282193227409, "recall@100": 0.7932314122239127, "recall@1000": 0.8997902674684761, "precision@1": 0.8703703703703703, "precision@3": 0.7901234567901234, "precision@5": 0.7703703703703703, "precision@10": 0.6611111111111109, "precision@100": 0.2109259259259259}, "run.bm25-1000--rank1-7b.dl20-passage.txt": {"judge@10": 0.824074074074074, "judge@20": 0.7703703703703703, "judge@100": 0.48314814814814827, "ndcg@3": 0.8059183415772346, "ndcg@5": 0.7822132728541124, "ndcg@10": 0.7260048933071835, "ndcg@20": 0.7086356191339621, "ndcg@100": 0.7471438633241568, "ndcg@1000": 0.7928133974007342, "mrr@5": 0.9311728395061728, "mrr@10": 0.9295267489711934, "mrr@20": 0.9295267489711934, "mrr@100": 0.9295267489711934, "map@10": 0.30795998807905, "map@100": 0.5476894258367848, "map@1000": 0.5705913790609289, "recall@5": 0.24475998715641523, "recall@20": 0.5280857927816988, "recall@100": 0.8089794725969942, "recall@1000": 0.8997902674684761, "precision@1": 0.8888888888888888, "precision@3": 0.7839506172839507, "precision@5": 0.7444444444444444, "precision@10": 0.6351851851851853, "precision@100": 0.21648148148148147}, "run.bm25-1000--rankllama-v1-13b-lora-passage.dl20-passage.txt": {"judge@10": 0.9777777777777776, "judge@20": 0.9287037037037038, "judge@100": 0.5918518518518517, "ndcg@3": 0.9956548266109003, "ndcg@5": 0.9793010705577051, "ndcg@10": 0.9616797724176714, "ndcg@20": 0.9353656237698064, "ndcg@100": 0.9021180758005555, "ndcg@1000": 0.913464378696539, "mrr@5": 1.0, "mrr@10": 1.0, "mrr@20": 1.0, "mrr@100": 1.0, "map@10": 0.4986332302729916, "map@100": 0.8292850662988052, "map@1000": 0.8418352101235724, "recall@5": 0.3233160534316169, "recall@20": 0.6866346171030734, "recall@100": 0.876134475024743, "recall@1000": 0.8997902674684761, "precision@1": 1.0, "precision@3": 0.9814814814814815, "precision@5": 0.9444444444444444, "precision@10": 0.8611111111111109, "precision@100": 0.25240740740740736}, "run.bm25-1000--rankllama-v1-7b-lora-passage.dl20-passage.txt": {"judge@10": 0.9851851851851849, "judge@20": 0.9287037037037037, "judge@100": 0.5864814814814816, "ndcg@3": 0.9956548266109003, "ndcg@5": 0.9917249346297804, "ndcg@10": 0.9774309935129105, "ndcg@20": 0.9545949909915761, "ndcg@100": 0.9146254619380326, "ndcg@1000": 0.922962382178998, "mrr@5": 1.0, "mrr@10": 1.0, "mrr@20": 1.0, "mrr@100": 1.0, "map@10": 0.5197002081720759, "map@100": 0.8655525925582057, "map@1000": 0.876264501079216, "recall@5": 0.3383072350894652, "recall@20": 0.702735598667342, "recall@100": 0.8811531097137296, "recall@1000": 0.8997902674684761, "precision@1": 1.0, "precision@3": 0.9814814814814815, "precision@5": 0.9629629629629629, "precision@10": 0.8777777777777778, "precision@100": 0.2564814814814814}, "run.bm25-1000.dl20-passage.txt": {"judge@10": 0.9944444444444445, "judge@20": 0.9138888888888891, "judge@100": 0.5294444444444444, "ndcg@3": 0.6906681835364049, "ndcg@5": 0.6583788169266985, "ndcg@10": 0.6082757964286922, "ndcg@20": 0.5754518395798969, "ndcg@100": 0.615088652862092, "ndcg@1000": 0.7084958952360115, "mrr@5": 0.822530864197531, "mrr@10": 0.8256172839506173, "mrr@20": 0.8312135395468729, "mrr@100": 0.8312135395468729, "map@10": 0.252790310803154, "map@100": 0.4167226126575051, "map@1000": 0.4453140296658028, "recall@5": 0.18614078594442926, "recall@20": 0.4086825782708611, "recall@100": 0.6653105214752016, "recall@1000": 0.8997902674684761, "precision@1": 0.7592592592592593, "precision@3": 0.6666666666666666, "precision@5": 0.6259259259259259, "precision@10": 0.5296296296296297, "precision@100": 0.17870370370370367}}