{"run.bm25-1000--monot5-3b-msmarco.dl22-passage.txt": {"judge@10": 0.8407894736842102, "judge@20": 0.7690789473684213, "judge@100": 0.45815789473684193, "ndcg@3": 0.5813510346396861, "ndcg@5": 0.5761097069409674, "ndcg@10": 0.5332799986328179, "ndcg@20": 0.4888486616352582, "ndcg@100": 0.4025148198456257, "ndcg@1000": 0.41239460368279107, "mrr@5": 0.6445175438596491, "mrr@10": 0.649780701754386, "mrr@20": 0.649780701754386, "mrr@100": 0.6509508702586506, "map@10": 0.10511239051544381, "map@100": 0.16464149380000254, "map@1000": 0.17232595398339848, "recall@5": 0.10668722867905209, "recall@20": 0.1962836062315289, "recall@100": 0.30718181484878393, "recall@1000": 0.354655033583591, "precision@1": 0.5, "precision@3": 0.5087719298245614, "precision@5": 0.48157894736842116, "precision@10": 0.3973684210526316, "precision@100": 0.11986842105263157}, "run.bm25-1000--monot5-base-msmarco.dl22-passage.txt": {"judge@10": 0.8513157894736837, "judge@20": 0.7743421052631579, "judge@100": 0.44986842105263153, "ndcg@3": 0.5170049463314368, "ndcg@5": 0.5301899492159522, "ndcg@10": 0.4957264312023075, "ndcg@20": 0.46822939555882664, "ndcg@100": 0.3867688155780864, "ndcg@1000": 0.4008487148321738, "mrr@5": 0.5763157894736842, "mrr@10": 0.5800751879699249, "mrr@20": 0.5817452284557548, "mrr@100": 0.5825522732416325, "map@10": 0.09190591971528655, "map@100": 0.1491953693382615, "map@1000": 0.1577749918555107, "recall@5": 0.10770977402673762, "recall@20": 0.1952485504596042, "recall@100": 0.3088304167647139, "recall@1000": 0.354655033583591, "precision@1": 0.3815789473684211, "precision@3": 0.4912280701754385, "precision@5": 0.47368421052631576, "precision@10": 0.38552631578947366, "precision@100": 0.1168421052631579}, "run.bm25-1000--monot5-large-msmarco.dl22-passage.txt": {"judge@10": 0.8223684210526312, "judge@20": 0.7407894736842104, "judge@100": 0.4511842105263158, "ndcg@3": 0.5387314846762684, "ndcg@5": 0.5318826407638321, "ndcg@10": 0.5110707824222517, "ndcg@20": 0.4745226780037002, "ndcg@100": 0.3892278900494284, "ndcg@1000": 0.40346814447284524, "mrr@5": 0.6278508771929825, "mrr@10": 0.6316311612364245, "mrr@20": 0.6327276524644946, "mrr@100": 0.6331388366750209, "map@10": 0.09400785094758239, "map@100": 0.15204686365579728, "map@1000": 0.1610394637068145, "recall@5": 0.0955759075950683, "recall@20": 0.20085810700577075, "recall@100": 0.30640407207191656, "recall@1000": 0.354655033583591, "precision@1": 0.4868421052631579, "precision@3": 0.4473684210526316, "precision@5": 0.4342105263157895, "precision@10": 0.38552631578947366, "precision@100": 0.11657894736842107}, "run.bm25-1000--rank1-14b.dl22-passage.txt": {"judge@10": 0.5710526315789476, "judge@20": 0.49934210526315786, "judge@100": 0.31881578947368416, "ndcg@3": 0.5007204561934389, "ndcg@5": 0.4762201143167623, "ndcg@10": 0.43232276768267247, "ndcg@20": 0.40232114044259043, "ndcg@100": 0.34877288993742295, "ndcg@1000": 0.38804439639512606, "mrr@5": 0.6019736842105263, "mrr@10": 0.6154970760233919, "mrr@20": 0.6194637942896457, "mrr@100": 0.6204807361541107, "map@10": 0.10541145662193009, "map@100": 0.1584061571306427, "map@1000": 0.16710842503806825, "recall@5": 0.09855485696962779, "recall@20": 0.19942424688185592, "recall@100": 0.30672246138035897, "recall@1000": 0.354655033583591, "precision@1": 0.4868421052631579, "precision@3": 0.46491228070175433, "precision@5": 0.4131578947368421, "precision@10": 0.3381578947368421, "precision@100": 0.11026315789473683}, "run.bm25-1000--rank1-32b-awq.dl22-passage.txt": {"judge@10": 0.5723684210526316, "judge@20": 0.4947368421052632, "judge@100": 0.30894736842105264, "ndcg@3": 0.5485959333785269, "ndcg@5": 0.5168429324902727, "ndcg@10": 0.4698421674018968, "ndcg@20": 0.4250413981204108, "ndcg@100": 0.3536566043084874, "ndcg@1000": 0.39367937863727015, "mrr@5": 0.6664473684210526, "mrr@10": 0.6635390559732666, "mrr@20": 0.6806443191311612, "mrr@100": 0.6810544353307512, "map@10": 0.10790049621100967, "map@100": 0.16101546114208698, "map@1000": 0.1693719173110246, "recall@5": 0.10580179873912166, "recall@20": 0.19043061551319546, "recall@100": 0.3078593133325325, "recall@1000": 0.354655033583591, "precision@1": 0.5657894736842105, "precision@3": 0.4868421052631579, "precision@5": 0.4473684210526316, "precision@10": 0.36315789473684207, "precision@100": 0.11223684210526318}, "run.bm25-1000--rank1-7b.dl22-passage.txt": {"judge@10": 0.580263157894737, "judge@20": 0.5348684210526317, "judge@100": 0.32736842105263175, "ndcg@3": 0.5168464794881377, "ndcg@5": 0.4783093853459344, "ndcg@10": 0.43925702952259743, "ndcg@20": 0.41651639076445107, "ndcg@100": 0.3521767915181515, "ndcg@1000": 0.39055904448391, "mrr@5": 0.6526315789473685, "mrr@10": 0.6468201754385965, "mrr@20": 0.6495318825910931, "mrr@100": 0.6495318825910931, "map@10": 0.11256598267809943, "map@100": 0.16894227570556652, "map@1000": 0.17772451747812415, "recall@5": 0.11397449968242153, "recall@20": 0.20455724430260702, "recall@100": 0.3050093743973032, "recall@1000": 0.354655033583591, "precision@1": 0.4868421052631579, "precision@3": 0.5043859649122807, "precision@5": 0.431578947368421, "precision@10": 0.34078947368421053, "precision@100": 0.11000000000000001}, "run.bm25-1000--rankllama-v1-13b-lora-passage.dl22-passage.txt": {"judge@10": 0.8486842105263153, "judge@20": 0.7953947368421055, "judge@100": 0.47828947368421065, "ndcg@3": 0.6045276328731127, "ndcg@5": 0.580948985228915, "ndcg@10": 0.5442566481702397, "ndcg@20": 0.5097603890730928, "ndcg@100": 0.41844200039392765, "ndcg@1000": 0.4239424934354439, "mrr@5": 0.6916666666666668, "mrr@10": 0.6964494569757728, "mrr@20": 0.6972718253968254, "mrr@100": 0.6981890824818456, "map@10": 0.11652521170319752, "map@100": 0.18099681816769175, "map@1000": 0.18884859267949694, "recall@5": 0.11562492558153656, "recall@20": 0.220733505063891, "recall@100": 0.31200270141251674, "recall@1000": 0.354655033583591, "precision@1": 0.5657894736842105, "precision@3": 0.5438596491228068, "precision@5": 0.48157894736842105, "precision@10": 0.39999999999999997, "precision@100": 0.12065789473684213}, "run.bm25-1000--rankllama-v1-7b-lora-passage.dl22-passage.txt": {"judge@10": 0.851315789473684, "judge@20": 0.7776315789473683, "judge@100": 0.46631578947368435, "ndcg@3": 0.6205646248862036, "ndcg@5": 0.606073898732599, "ndcg@10": 0.5626341848313029, "ndcg@20": 0.5190529927200583, "ndcg@100": 0.4208645879364188, "ndcg@1000": 0.427113070416754, "mrr@5": 0.7155701754385965, "mrr@10": 0.7144005847953216, "mrr@20": 0.7155967570441254, "mrr@100": 0.7164749257696098, "map@10": 0.11825242854978153, "map@100": 0.18161392170743537, "map@1000": 0.1892377890783888, "recall@5": 0.1169996474418046, "recall@20": 0.21306469402627468, "recall@100": 0.3139334240445578, "recall@1000": 0.354655033583591, "precision@1": 0.5921052631578947, "precision@3": 0.5526315789473685, "precision@5": 0.5105263157894736, "precision@10": 0.41973684210526313, "precision@100": 0.12276315789473682}, "run.bm25-1000.dl22-passage.txt": {"judge@10": 0.8881578947368419, "judge@20": 0.7592105263157896, "judge@100": 0.4401315789473685, "ndcg@3": 0.2872262566732071, "ndcg@5": 0.27709579328826045, "ndcg@10": 0.2552010487624517, "ndcg@20": 0.24483425043679766, "ndcg@100": 0.2337750834365394, "ndcg@1000": 0.3106802613709411, "mrr@5": 0.26710526315789473, "mrr@10": 0.2779605263157895, "mrr@20": 0.28315761358524516, "mrr@100": 0.28932654859165885, "map@10": 0.019367526069479026, "map@100": 0.037359263280937534, "map@1000": 0.047774597185664444, "recall@5": 0.026863124379225622, "recall@20": 0.047632044322983305, "recall@100": 0.15419541587925686, "recall@1000": 0.354655033583591, "precision@1": 0.18421052631578946, "precision@3": 0.16666666666666666, "precision@5": 0.1631578947368421, "precision@10": 0.12894736842105262, "precision@100": 0.06315789473684211}}