{"run.bm25-1000--monot5-3b-msmarco.dl21-passage.txt": {"judge@10": 0.9566037735849053, "judge@20": 0.8981132075471701, "judge@100": 0.5626415094339624, "ndcg@3": 0.9301147530370918, "ndcg@5": 0.8817620507711219, "ndcg@10": 0.8510253289514067, "ndcg@20": 0.7838725425888047, "ndcg@100": 0.5893346132738969, "ndcg@1000": 0.6107457627082927, "mrr@5": 0.9559748427672957, "mrr@10": 0.9559748427672957, "mrr@20": 0.9559748427672957, "mrr@100": 0.9559748427672957, "map@10": 0.11633319023253703, "map@100": 0.343870628206991, "map@1000": 0.39280578799087423, "recall@5": 0.06816223876996157, "recall@20": 0.21409278468497106, "recall@100": 0.4541792895031201, "recall@1000": 0.5910063392349958, "precision@1": 0.9245283018867925, "precision@3": 0.930817610062893, "precision@5": 0.8603773584905661, "precision@10": 0.8264150943396226, "precision@100": 0.3875471698113208}, "run.bm25-1000--monot5-base-msmarco.dl21-passage.txt": {"judge@10": 0.9547169811320753, "judge@20": 0.8962264150943395, "judge@100": 0.5675471698113208, "ndcg@3": 0.918941850736493, "ndcg@5": 0.8899426978891749, "ndcg@10": 0.8393899797236669, "ndcg@20": 0.7751654163968077, "ndcg@100": 0.5862983004119707, "ndcg@1000": 0.6090923163418749, "mrr@5": 0.9811320754716981, "mrr@10": 0.9811320754716981, "mrr@20": 0.9811320754716981, "mrr@100": 0.9811320754716981, "map@10": 0.11253366231380266, "map@100": 0.33730565768561527, "map@1000": 0.38536254054539426, "recall@5": 0.06899543151444579, "recall@20": 0.2037126784147127, "recall@100": 0.4467972331469897, "recall@1000": 0.5910063392349958, "precision@1": 0.9622641509433962, "precision@3": 0.9056603773584905, "precision@5": 0.8679245283018867, "precision@10": 0.8056603773584904, "precision@100": 0.38735849056603777}, "run.bm25-1000--monot5-large-msmarco.dl21-passage.txt": {"judge@10": 0.9547169811320753, "judge@20": 0.8933962264150945, "judge@100": 0.5547169811320755, "ndcg@3": 0.9100875351511581, "ndcg@5": 0.9014332994358448, "ndcg@10": 0.8490189040060044, "ndcg@20": 0.7915506766513927, "ndcg@100": 0.5882780197287019, "ndcg@1000": 0.6107040025788014, "mrr@5": 0.9591194968553459, "mrr@10": 0.9618149146451034, "mrr@20": 0.9618149146451034, "mrr@100": 0.9618149146451034, "map@10": 0.11641829697135517, "map@100": 0.34210061911944145, "map@1000": 0.3904124505414582, "recall@5": 0.07394441810620132, "recall@20": 0.2133795549696275, "recall@100": 0.4513323311370593, "recall@1000": 0.5910063392349958, "precision@1": 0.9433962264150944, "precision@3": 0.8993710691823898, "precision@5": 0.8905660377358489, "precision@10": 0.8207547169811321, "precision@100": 0.3877358490566038}, "run.bm25-1000--rank1-14b.dl21-passage.txt": {"judge@10": 0.7132075471698112, "judge@20": 0.6603773584905662, "judge@100": 0.4498113207547169, "ndcg@3": 0.7547169811320755, "ndcg@5": 0.7442538329299981, "ndcg@10": 0.7234722397414416, "ndcg@20": 0.6727745139566803, "ndcg@100": 0.5607756097949669, "ndcg@1000": 0.6002917210262739, "mrr@5": 0.8685534591194968, "mrr@10": 0.849236298292902, "mrr@20": 0.8602425876010782, "mrr@100": 0.8602425876010782, "map@10": 0.11742317158256148, "map@100": 0.3231690058107207, "map@1000": 0.3776829461160287, "recall@5": 0.07309161991041534, "recall@20": 0.20015101638874885, "recall@100": 0.4464855299595135, "recall@1000": 0.5910063392349958, "precision@1": 0.7735849056603774, "precision@3": 0.7484276729559749, "precision@5": 0.7358490566037735, "precision@10": 0.7094339622641508, "precision@100": 0.36981132075471695}, "run.bm25-1000--rank1-32b-awq.dl21-passage.txt": {"judge@10": 0.7773584905660379, "judge@20": 0.7028301886792452, "judge@100": 0.4547169811320753, "ndcg@3": 0.8513751904888485, "ndcg@5": 0.8306473289012516, "ndcg@10": 0.7884175044476242, "ndcg@20": 0.7422764048227666, "ndcg@100": 0.5929508569703006, "ndcg@1000": 0.6180494908153382, "mrr@5": 0.9261006289308177, "mrr@10": 0.9025157232704402, "mrr@20": 0.9056603773584906, "mrr@100": 0.9056603773584906, "map@10": 0.12488804853550707, "map@100": 0.3537729287763809, "map@1000": 0.40726337168295695, "recall@5": 0.07585832999813123, "recall@20": 0.2235811559862164, "recall@100": 0.4669767021267049, "recall@1000": 0.5910063392349958, "precision@1": 0.8301886792452831, "precision@3": 0.8553459119496856, "precision@5": 0.8226415094339623, "precision@10": 0.7660377358490565, "precision@100": 0.38641509433962257}, "run.bm25-1000--rank1-7b.dl21-passage.txt": {"judge@10": 0.7566037735849057, "judge@20": 0.6764150943396224, "judge@100": 0.44735849056603777, "ndcg@3": 0.8068935969243135, "ndcg@5": 0.8004139885376568, "ndcg@10": 0.7406128216881643, "ndcg@20": 0.6909072396496035, "ndcg@100": 0.5603470564049149, "ndcg@1000": 0.6000751767620797, "mrr@5": 0.9062893081761005, "mrr@10": 0.9072327044025158, "mrr@20": 0.9040880503144654, "mrr@100": 0.9040880503144654, "map@10": 0.11468375903762092, "map@100": 0.3166089752764524, "map@1000": 0.37202347806057245, "recall@5": 0.07186142130415564, "recall@20": 0.20181914364192283, "recall@100": 0.44250082006102137, "recall@1000": 0.5910063392349958, "precision@1": 0.8301886792452831, "precision@3": 0.7987421383647798, "precision@5": 0.7924528301886793, "precision@10": 0.7094339622641511, "precision@100": 0.3679245283018867}, "run.bm25-1000--rankllama-v1-13b-lora-passage.dl21-passage.txt": {"judge@10": 0.9716981132075471, "judge@20": 0.9254716981132076, "judge@100": 0.5849056603773586, "ndcg@3": 0.9233690085291607, "ndcg@5": 0.8950570117663151, "ndcg@10": 0.854607888556629, "ndcg@20": 0.8039603353268822, "ndcg@100": 0.6035945378510122, "ndcg@1000": 0.6172086689003653, "mrr@5": 0.9685534591194968, "mrr@10": 0.9685534591194968, "mrr@20": 0.9685534591194968, "mrr@100": 0.9685534591194968, "map@10": 0.11698824496482846, "map@100": 0.3599286692314178, "map@1000": 0.4076669415381038, "recall@5": 0.07082420176179238, "recall@20": 0.218048457292871, "recall@100": 0.45901162444772203, "recall@1000": 0.5910063392349957, "precision@1": 0.9433962264150944, "precision@3": 0.9182389937106917, "precision@5": 0.8792452830188678, "precision@10": 0.8283018867924528, "precision@100": 0.3998113207547171}, "run.bm25-1000--rankllama-v1-7b-lora-passage.dl21-passage.txt": {"judge@10": 0.9716981132075471, "judge@20": 0.9264150943396232, "judge@100": 0.5871698113207547, "ndcg@3": 0.9266368729641962, "ndcg@5": 0.9032112365315013, "ndcg@10": 0.8620157918429909, "ndcg@20": 0.8124190223725458, "ndcg@100": 0.6065491682628361, "ndcg@1000": 0.6200679489836587, "mrr@5": 0.9811320754716981, "mrr@10": 0.9842767295597485, "mrr@20": 0.9842767295597485, "mrr@100": 0.9842767295597485, "map@10": 0.12003462820333767, "map@100": 0.36432864562870576, "map@1000": 0.41227525219918953, "recall@5": 0.07409999947401892, "recall@20": 0.22067466088711732, "recall@100": 0.45689252276881487, "recall@1000": 0.5910063392349957, "precision@1": 0.9811320754716981, "precision@3": 0.9119496855345912, "precision@5": 0.8830188679245282, "precision@10": 0.8339622641509434, "precision@100": 0.4009433962264151}, "run.bm25-1000.dl21-passage.txt": {"judge@10": 1.0, "judge@20": 0.8801886792452832, "judge@100": 0.5256603773584906, "ndcg@3": 0.6259093738689979, "ndcg@5": 0.6172961402956924, "ndcg@10": 0.5780976736682789, "ndcg@20": 0.5239408146649706, "ndcg@100": 0.40388288685419166, "ndcg@1000": 0.5052104426104443, "mrr@5": 0.7427672955974843, "mrr@10": 0.75285265049416, "mrr@20": 0.7561402434043943, "mrr@100": 0.756926406926407, "map@10": 0.056854035208142834, "map@100": 0.17500377185335966, "map@1000": 0.22388770688864082, "recall@5": 0.040467924082517134, "recall@20": 0.12401503633281413, "recall@100": 0.32332612465890864, "recall@1000": 0.5910063392349957, "precision@1": 0.660377358490566, "precision@3": 0.6163522012578616, "precision@5": 0.6075471698113208, "precision@10": 0.5547169811320755, "precision@100": 0.27999999999999997}}