{"run.bm25-1000--monot5-3b-msmarco.dl20-passage.txt": {"judge@10": 0.9888888888888888, "judge@20": 0.9351851851851852, "judge@100": 0.5874074074074074, "ndcg@3": 0.9945170016487802, "ndcg@5": 0.9833381815378339, "ndcg@10": 0.9421872106279521, "ndcg@20": 0.878542773943184, "ndcg@100": 0.8041881764962208, "ndcg@1000": 0.8337321354251062, "mrr@5": 1.0, "mrr@10": 1.0, "mrr@20": 1.0, "mrr@100": 1.0, "map@10": 0.29578214675726505, "map@100": 0.6743634166305952, "map@1000": 0.696884575816849, "recall@5": 0.16715699717643503, "recall@20": 0.45796509378575967, "recall@100": 0.7589326644441914, "recall@1000": 0.8146327882811311, "precision@1": 1.0, "precision@3": 0.9938271604938271, "precision@5": 0.9777777777777777, "precision@10": 0.9203703703703703, "precision@100": 0.34685185185185186}, "run.bm25-1000--monot5-base-msmarco.dl20-passage.txt": {"judge@10": 0.9870370370370369, "judge@20": 0.9175925925925926, "judge@100": 0.5688888888888888, "ndcg@3": 0.971653309741162, "ndcg@5": 0.9716734311627029, "ndcg@10": 0.9448969088518944, "ndcg@20": 0.8915453547012803, "ndcg@100": 0.8104926566632643, "ndcg@1000": 0.8359556829561468, "mrr@5": 0.9861111111111112, "mrr@10": 0.9861111111111112, "mrr@20": 0.9861111111111112, "mrr@100": 0.9861111111111112, "map@10": 0.2972046452779861, "map@100": 0.6881680705428767, "map@1000": 0.7092005066312401, "recall@5": 0.16547113764743826, "recall@20": 0.4687639026225692, "recall@100": 0.7666927551632327, "recall@1000": 0.8146327882811311, "precision@1": 0.9814814814814815, "precision@3": 0.9691358024691357, "precision@5": 0.9703703703703703, "precision@10": 0.9314814814814815, "precision@100": 0.35185185185185197}, "run.bm25-1000--monot5-large-msmarco.dl20-passage.txt": {"judge@10": 0.9759259259259259, "judge@20": 0.9092592592592595, "judge@100": 0.5744444444444444, "ndcg@3": 1.0, "ndcg@5": 0.9894553680177692, "ndcg@10": 0.9678171675759507, "ndcg@20": 0.9175929188170936, "ndcg@100": 0.8362901926230174, "ndcg@1000": 0.8510406615125297, "mrr@5": 1.0, "mrr@10": 1.0, "mrr@20": 1.0, "mrr@100": 1.0, "map@10": 0.31564865619878446, "map@100": 0.7376289757666422, "map@1000": 0.7537744331807053, "recall@5": 0.1678376890335975, "recall@20": 0.4929238911667608, "recall@100": 0.7864923273998804, "recall@1000": 0.8146327882811311, "precision@1": 1.0, "precision@3": 1.0, "precision@5": 0.9851851851851853, "precision@10": 0.9555555555555556, "precision@100": 0.36407407407407416}, "run.bm25-1000--rank1-14b.dl20-passage.txt": {"judge@10": 0.8555555555555552, "judge@20": 0.7814814814814816, "judge@100": 0.47481481481481475, "ndcg@3": 0.7636044326483588, "ndcg@5": 0.7656550925396343, "ndcg@10": 0.7237890287242985, "ndcg@20": 0.6715093419091779, "ndcg@100": 0.6266012152170922, "ndcg@1000": 0.7260989620233174, "mrr@5": 0.8416666666666667, "mrr@10": 0.8410493827160495, "mrr@20": 0.8410493827160495, "mrr@100": 0.8410493827160495, "map@10": 0.18841523200386256, "map@100": 0.43087478910529287, "map@1000": 0.47179543411767466, "recall@5": 0.1251558374821364, "recall@20": 0.34804349127877826, "recall@100": 0.616352026488664, "recall@1000": 0.8146327882811311, "precision@1": 0.7407407407407407, "precision@3": 0.7716049382716049, "precision@5": 0.7703703703703703, "precision@10": 0.7074074074074074, "precision@100": 0.26851851851851855}, "run.bm25-1000--rank1-32b-awq.dl20-passage.txt": {"judge@10": 0.8796296296296295, "judge@20": 0.789814814814815, "judge@100": 0.476111111111111, "ndcg@3": 0.837678506722433, "ndcg@5": 0.8307885209374265, "ndcg@10": 0.7693875174025062, "ndcg@20": 0.7008886647441787, "ndcg@100": 0.6471075449796091, "ndcg@1000": 0.7402867617472134, "mrr@5": 0.9141975308641975, "mrr@10": 0.9122134038800704, "mrr@20": 0.9122134038800704, "mrr@100": 0.9122134038800704, "map@10": 0.20347666552672108, "map@100": 0.4509658805151745, "map@1000": 0.48844186233251075, "recall@5": 0.13190919719852537, "recall@20": 0.35676029411892174, "recall@100": 0.625510082211588, "recall@1000": 0.8146327882811311, "precision@1": 0.8703703703703703, "precision@3": 0.8271604938271605, "precision@5": 0.8222222222222222, "precision@10": 0.7370370370370369, "precision@100": 0.2748148148148148}, "run.bm25-1000--rank1-7b.dl20-passage.txt": {"judge@10": 0.824074074074074, "judge@20": 0.7703703703703703, "judge@100": 0.48314814814814827, "ndcg@3": 0.8397480301872924, "ndcg@5": 0.8101414618355733, "ndcg@10": 0.740420252096729, "ndcg@20": 0.6883339605539377, "ndcg@100": 0.648390523129578, "ndcg@1000": 0.7391376651304137, "mrr@5": 0.938888888888889, "mrr@10": 0.9372427983539096, "mrr@20": 0.9372427983539096, "mrr@100": 0.9372427983539096, "map@10": 0.19501732447610529, "map@100": 0.4479465888356543, "map@1000": 0.4876046022869444, "recall@5": 0.12804007342523274, "recall@20": 0.34837331196920673, "recall@100": 0.6355926841938072, "recall@1000": 0.8146327882811311, "precision@1": 0.9074074074074074, "precision@3": 0.8209876543209875, "precision@5": 0.785185185185185, "precision@10": 0.6981481481481482, "precision@100": 0.28}, "run.bm25-1000--rankllama-v1-13b-lora-passage.dl20-passage.txt": {"judge@10": 0.9777777777777776, "judge@20": 0.9287037037037038, "judge@100": 0.5918518518518517, "ndcg@3": 0.9890340032975605, "ndcg@5": 0.9739655340485759, "ndcg@10": 0.9290671348840233, "ndcg@20": 0.8684585225057526, "ndcg@100": 0.7959809535892062, "ndcg@1000": 0.8276453416389442, "mrr@5": 1.0, "mrr@10": 1.0, "mrr@20": 1.0, "mrr@100": 1.0, "map@10": 0.2861869933349067, "map@100": 0.6569165006597645, "map@1000": 0.6807516233897313, "recall@5": 0.1629081595942641, "recall@20": 0.448314830779857, "recall@100": 0.7557459198518269, "recall@1000": 0.8146327882811312, "precision@1": 1.0, "precision@3": 0.9876543209876543, "precision@5": 0.9666666666666667, "precision@10": 0.9055555555555556, "precision@100": 0.34462962962962956}, "run.bm25-1000--rankllama-v1-7b-lora-passage.dl20-passage.txt": {"judge@10": 0.9851851851851849, "judge@20": 0.9287037037037037, "judge@100": 0.5864814814814816, "ndcg@3": 0.9869644798327012, "ndcg@5": 0.9724698344478098, "ndcg@10": 0.9309941388914141, "ndcg@20": 0.8710948119254555, "ndcg@100": 0.7992843293999625, "ndcg@1000": 0.8287312087722342, "mrr@5": 0.9907407407407407, "mrr@10": 0.9907407407407407, "mrr@20": 0.9907407407407407, "mrr@100": 0.9907407407407407, "map@10": 0.28872533724846294, "map@100": 0.6634371476347333, "map@1000": 0.6858928419478216, "recall@5": 0.16246724248668035, "recall@20": 0.44718441647436685, "recall@100": 0.7593677552995234, "recall@1000": 0.8146327882811312, "precision@1": 0.9814814814814815, "precision@3": 0.9876543209876544, "precision@5": 0.9666666666666667, "precision@10": 0.9092592592592591, "precision@100": 0.3470370370370371}, "run.bm25-1000.dl20-passage.txt": {"judge@10": 0.9944444444444445, "judge@20": 0.9138888888888891, "judge@100": 0.5294444444444444, "ndcg@3": 0.7711569544644379, "ndcg@5": 0.7270557407278275, "ndcg@10": 0.6540465491401041, "ndcg@20": 0.5835341807702216, "ndcg@100": 0.550687693445723, "ndcg@1000": 0.6804586183949314, "mrr@5": 0.8679012345679012, "mrr@10": 0.8705467372134039, "mrr@20": 0.8747875581208915, "mrr@100": 0.8747875581208915, "map@10": 0.17230819111200865, "map@100": 0.34794083673492576, "map@1000": 0.38957123745750327, "recall@5": 0.11148310691172372, "recall@20": 0.28458068524961555, "recall@100": 0.5390472304954117, "recall@1000": 0.8146327882811312, "precision@1": 0.8333333333333334, "precision@3": 0.7530864197530863, "precision@5": 0.6962962962962963, "precision@10": 0.6055555555555556, "precision@100": 0.2312962962962963}}