{"run.bm25-1000--monot5-3b-msmarco.dl19-passage.txt": {"judge@10": 0.9651162790697673, "judge@20": 0.8930232558139535, "judge@100": 0.5579069767441859, "ndcg@3": 0.8372093023255814, "ndcg@5": 0.8178646446031363, "ndcg@10": 0.7873986052865446, "ndcg@20": 0.7359342179589478, "ndcg@100": 0.6591365321516548, "ndcg@1000": 0.6799089040633599, "mrr@5": 0.9147286821705425, "mrr@10": 0.9147286821705425, "mrr@20": 0.9168428470754052, "mrr@100": 0.9168428470754052, "map@10": 0.19353806997126716, "map@100": 0.4168021234674381, "map@1000": 0.4674096149402357, "recall@5": 0.1287654537735175, "recall@20": 0.320014768478712, "recall@100": 0.5590671434536334, "recall@1000": 0.6982330916333418, "precision@1": 0.8604651162790697, "precision@3": 0.8294573643410852, "precision@5": 0.8046511627906976, "precision@10": 0.7534883720930232, "precision@100": 0.3323255813953488}, "run.bm25-1000--monot5-base-msmarco.dl19-passage.txt": {"judge@10": 0.9488372093023255, "judge@20": 0.8883720930232557, "judge@100": 0.546046511627907, "ndcg@3": 0.841237135233881, "ndcg@5": 0.805173604618183, "ndcg@10": 0.7639835303687239, "ndcg@20": 0.7187175005195603, "ndcg@100": 0.6413811681122905, "ndcg@1000": 0.6678962573197301, "mrr@5": 0.936046511627907, "mrr@10": 0.9386304909560724, "mrr@20": 0.9386304909560724, "mrr@100": 0.9386304909560724, "map@10": 0.172875260604899, "map@100": 0.39023240324180314, "map@1000": 0.43997572684758013, "recall@5": 0.12445241272260013, "recall@20": 0.30453154480810524, "recall@100": 0.5491633985261051, "recall@1000": 0.6982330916333418, "precision@1": 0.9069767441860465, "precision@3": 0.821705426356589, "precision@5": 0.7767441860465116, "precision@10": 0.7186046511627907, "precision@100": 0.3248837209302326}, "run.bm25-1000--monot5-large-msmarco.dl19-passage.txt": {"judge@10": 0.9488372093023257, "judge@20": 0.8965116279069768, "judge@100": 0.5511627906976744, "ndcg@3": 0.8756652644159586, "ndcg@5": 0.8331070092969035, "ndcg@10": 0.7758568157942377, "ndcg@20": 0.7317332353158892, "ndcg@100": 0.6565872158063505, "ndcg@1000": 0.6802398444161013, "mrr@5": 0.9263565891472867, "mrr@10": 0.9289405684754521, "mrr@20": 0.9289405684754521, "mrr@100": 0.9289405684754521, "map@10": 0.18169206636669347, "map@100": 0.4106323579630476, "map@1000": 0.4624953677158253, "recall@5": 0.12805777265193016, "recall@20": 0.314937733541691, "recall@100": 0.5534763633234009, "recall@1000": 0.6982330916333418, "precision@1": 0.8837209302325582, "precision@3": 0.8682170542635658, "precision@5": 0.8093023255813951, "precision@10": 0.7255813953488374, "precision@100": 0.32976744186046514}, "run.bm25-1000--rank1-14b.dl19-passage.txt": {"judge@10": 0.8093023255813951, "judge@20": 0.7348837209302325, "judge@100": 0.48209302325581405, "ndcg@3": 0.8139534883720928, "ndcg@5": 0.7847636730403976, "ndcg@10": 0.7839513453665841, "ndcg@20": 0.7316328067987751, "ndcg@100": 0.682929821141126, "ndcg@1000": 0.6931028545911536, "mrr@5": 0.8903100775193798, "mrr@10": 0.8903100775193798, "mrr@20": 0.8903100775193798, "mrr@100": 0.8903100775193798, "map@10": 0.21291765826126086, "map@100": 0.46069197920458027, "map@1000": 0.5133118555082921, "recall@5": 0.13268944309492967, "recall@20": 0.3401290086731975, "recall@100": 0.5822120674135187, "recall@1000": 0.6982330916333418, "precision@1": 0.813953488372093, "precision@3": 0.8139534883720928, "precision@5": 0.7720930232558139, "precision@10": 0.7604651162790699, "precision@100": 0.34279069767441855}, "run.bm25-1000--rank1-32b-awq.dl19-passage.txt": {"judge@10": 0.8302325581395347, "judge@20": 0.7744186046511625, "judge@100": 0.48232558139534903, "ndcg@3": 0.871378575023785, "ndcg@5": 0.86599259703307, "ndcg@10": 0.8407851308404527, "ndcg@20": 0.8020119489282873, "ndcg@100": 0.7287751316514245, "ndcg@1000": 0.7232276362344487, "mrr@5": 0.9534883720930233, "mrr@10": 0.9451827242524916, "mrr@20": 0.9451827242524916, "mrr@100": 0.9451827242524916, "map@10": 0.23818038418614473, "map@100": 0.5223487719044453, "map@1000": 0.5711939157827645, "recall@5": 0.14954736003674982, "recall@20": 0.38365621660202126, "recall@100": 0.6076098699279479, "recall@1000": 0.6982330916333418, "precision@1": 0.9069767441860465, "precision@3": 0.8604651162790696, "precision@5": 0.8558139534883722, "precision@10": 0.8069767441860464, "precision@100": 0.3606976744186046}, "run.bm25-1000--rank1-7b.dl19-passage.txt": {"judge@10": 0.8465116279069768, "judge@20": 0.7860465116279067, "judge@100": 0.49139534883720937, "ndcg@3": 0.8659218456514274, "ndcg@5": 0.8396529351211094, "ndcg@10": 0.8087937603946155, "ndcg@20": 0.77051835890497, "ndcg@100": 0.6897816437040382, "ndcg@1000": 0.6989289282067955, "mrr@5": 0.9418604651162791, "mrr@10": 0.9418604651162791, "mrr@20": 0.9437984496124031, "mrr@100": 0.9437984496124031, "map@10": 0.21751974401823204, "map@100": 0.4688903940145264, "map@1000": 0.5199942185628467, "recall@5": 0.13627073083976957, "recall@20": 0.3587774649811801, "recall@100": 0.581325825839168, "recall@1000": 0.6982330916333418, "precision@1": 0.9069767441860465, "precision@3": 0.8527131782945736, "precision@5": 0.8186046511627908, "precision@10": 0.769767441860465, "precision@100": 0.34534883720930226}, "run.bm25-1000--rankllama-v1-13b-lora-passage.dl19-passage.txt": {"judge@10": 0.9767441860465115, "judge@20": 0.9116279069767441, "judge@100": 0.5765116279069766, "ndcg@3": 0.8590362198150118, "ndcg@5": 0.8298969420071864, "ndcg@10": 0.7996140892282431, "ndcg@20": 0.7407394393608412, "ndcg@100": 0.6723103184463644, "ndcg@1000": 0.6872641174040276, "mrr@5": 0.9348837209302326, "mrr@10": 0.9348837209302326, "mrr@20": 0.9364341085271317, "mrr@100": 0.9364341085271317, "map@10": 0.19374477448864058, "map@100": 0.4304868537653955, "map@1000": 0.4816064759530189, "recall@5": 0.12615155362608962, "recall@20": 0.3194894570935484, "recall@100": 0.5744626176923485, "recall@1000": 0.6982330916333418, "precision@1": 0.9069767441860465, "precision@3": 0.8449612403100776, "precision@5": 0.8093023255813953, "precision@10": 0.7604651162790699, "precision@100": 0.3372093023255815}, "run.bm25-1000--rankllama-v1-7b-lora-passage.dl19-passage.txt": {"judge@10": 0.9581395348837206, "judge@20": 0.9069767441860465, "judge@100": 0.5697674418604651, "ndcg@3": 0.8756652644159586, "ndcg@5": 0.8558486053877836, "ndcg@10": 0.805379045756414, "ndcg@20": 0.7558556289127321, "ndcg@100": 0.6795402368851539, "ndcg@1000": 0.691356408015152, "mrr@5": 0.9302325581395349, "mrr@10": 0.9302325581395349, "mrr@20": 0.9323467230443975, "mrr@100": 0.9323467230443975, "map@10": 0.19479763109894532, "map@100": 0.4431496188654485, "map@1000": 0.4929675602331372, "recall@5": 0.13443266717752891, "recall@20": 0.3292584628482093, "recall@100": 0.5759118194642059, "recall@1000": 0.6982330916333418, "precision@1": 0.8837209302325582, "precision@3": 0.8682170542635658, "precision@5": 0.841860465116279, "precision@10": 0.7627906976744185, "precision@100": 0.3425581395348838}, "run.bm25-1000.dl19-passage.txt": {"judge@10": 1.0, "judge@20": 0.9139534883720931, "judge@100": 0.5248837209302326, "ndcg@3": 0.6238791438358863, "ndcg@5": 0.6219446739988039, "ndcg@10": 0.5771098572218158, "ndcg@20": 0.5165882722242757, "ndcg@100": 0.4878085662632519, "ndcg@1000": 0.581318960205883, "mrr@5": 0.751937984496124, "mrr@10": 0.7583979328165376, "mrr@20": 0.7583979328165376, "mrr@100": 0.7591731266149871, "map@10": 0.11590569408383988, "map@100": 0.24794000364602103, "map@1000": 0.30400863520313703, "recall@5": 0.09716535917636493, "recall@20": 0.2137146013864024, "recall@100": 0.426803885945446, "recall@1000": 0.6982330916333418, "precision@1": 0.627906976744186, "precision@3": 0.6201550387596899, "precision@5": 0.6186046511627907, "precision@10": 0.5441860465116278, "precision@100": 0.24930232558139537}}