{"run.bm25-1000--monot5-3b-msmarco.dl20-passage.txt": {"judge@10": 0.9888888888888888, "judge@20": 0.9351851851851852, "judge@100": 0.5874074074074074, "ndcg@3": 0.9433066194823242, "ndcg@5": 0.9028198090998566, "ndcg@10": 0.8480109543310641, "ndcg@20": 0.787931840858406, "ndcg@100": 0.7124353504857068, "ndcg@1000": 0.7371260614189876, "mrr@5": 0.9814814814814815, "mrr@10": 0.9814814814814815, "mrr@20": 0.9814814814814815, "mrr@100": 0.9814814814814815, "map@10": 0.27683045974868553, "map@100": 0.5227524623346924, "map@1000": 0.5458553677605559, "recall@5": 0.17929168774496393, "recall@20": 0.4351341120528673, "recall@100": 0.6566184862074752, "recall@1000": 0.7425188904065777, "precision@1": 0.9814814814814815, "precision@3": 0.9320987654320987, "precision@5": 0.8777777777777777, "precision@10": 0.7925925925925925, "precision@100": 0.26703703703703713}, "run.bm25-1000--monot5-base-msmarco.dl20-passage.txt": {"judge@10": 0.9870370370370369, "judge@20": 0.9175925925925926, "judge@100": 0.5688888888888888, "ndcg@3": 0.8868193654240295, "ndcg@5": 0.8590147543507535, "ndcg@10": 0.80191539896177, "ndcg@20": 0.742892561922548, "ndcg@100": 0.6848143043114326, "ndcg@1000": 0.7145583468721739, "mrr@5": 0.9351851851851852, "mrr@10": 0.9351851851851852, "mrr@20": 0.9351851851851852, "mrr@100": 0.9351851851851852, "map@10": 0.2521237656623256, "map@100": 0.4838699553238373, "map@1000": 0.5065889536387579, "recall@5": 0.17560836802577254, "recall@20": 0.4064863549365478, "recall@100": 0.6460685566244707, "recall@1000": 0.7425188904065777, "precision@1": 0.8888888888888888, "precision@3": 0.8827160493827159, "precision@5": 0.8444444444444443, "precision@10": 0.7537037037037037, "precision@100": 0.2612962962962963}, "run.bm25-1000--monot5-large-msmarco.dl20-passage.txt": {"judge@10": 0.9759259259259259, "judge@20": 0.9092592592592595, "judge@100": 0.5744444444444444, "ndcg@3": 0.8801985421106897, "ndcg@5": 0.8415305995534444, "ndcg@10": 0.8043145124805083, "ndcg@20": 0.7426500451398456, "ndcg@100": 0.6937854438551437, "ndcg@1000": 0.7175328426459271, "mrr@5": 0.9182098765432097, "mrr@10": 0.9212962962962963, "mrr@20": 0.9212962962962963, "mrr@100": 0.9212962962962963, "map@10": 0.2580085007100494, "map@100": 0.4990131254793532, "map@1000": 0.5211918265129935, "recall@5": 0.16762646238193113, "recall@20": 0.4053757906430576, "recall@100": 0.6564691555114777, "recall@1000": 0.7425188904065777, "precision@1": 0.8888888888888888, "precision@3": 0.8765432098765432, "precision@5": 0.8222222222222221, "precision@10": 0.7592592592592593, "precision@100": 0.2690740740740741}, "run.bm25-1000--rank1-14b.dl20-passage.txt": {"judge@10": 0.8555555555555552, "judge@20": 0.7814814814814816, "judge@100": 0.47481481481481475, "ndcg@3": 0.8648873720191506, "ndcg@5": 0.8539837976921001, "ndcg@10": 0.8171656232924313, "ndcg@20": 0.7765018900848246, "ndcg@100": 0.7288150157141551, "ndcg@1000": 0.7451304550811614, "mrr@5": 0.9104938271604938, "mrr@10": 0.9135802469135802, "mrr@20": 0.9135802469135802, "mrr@100": 0.9135802469135802, "map@10": 0.2903023130171878, "map@100": 0.5683930543405813, "map@1000": 0.5871989205290161, "recall@5": 0.18506128192447713, "recall@20": 0.45116147604395285, "recall@100": 0.6864237965394963, "recall@1000": 0.7425188904065777, "precision@1": 0.8703703703703703, "precision@3": 0.8641975308641974, "precision@5": 0.8481481481481481, "precision@10": 0.7759259259259258, "precision@100": 0.2737037037037037}, "run.bm25-1000--rank1-32b-awq.dl20-passage.txt": {"judge@10": 0.8796296296296295, "judge@20": 0.789814814814815, "judge@100": 0.476111111111111, "ndcg@3": 0.8987170606292082, "ndcg@5": 0.8954414781983445, "ndcg@10": 0.8627035582746905, "ndcg@20": 0.8256202205619197, "ndcg@100": 0.7672026746709975, "ndcg@1000": 0.772397537710839, "mrr@5": 0.9290123456790123, "mrr@10": 0.9265432098765432, "mrr@20": 0.9265432098765432, "mrr@100": 0.9265432098765432, "map@10": 0.3299698295210708, "map@100": 0.6395858398198419, "map@1000": 0.6534752896817385, "recall@5": 0.20383708722814156, "recall@20": 0.4923255286501065, "recall@100": 0.7079638432764298, "recall@1000": 0.7425188904065777, "precision@1": 0.9074074074074074, "precision@3": 0.8950617283950616, "precision@5": 0.8925925925925925, "precision@10": 0.824074074074074, "precision@100": 0.2864814814814815}, "run.bm25-1000--rank1-7b.dl20-passage.txt": {"judge@10": 0.824074074074074, "judge@20": 0.7703703703703703, "judge@100": 0.48314814814814827, "ndcg@3": 0.8877510639267688, "ndcg@5": 0.8645475649316485, "ndcg@10": 0.7986828271965719, "ndcg@20": 0.7627215723163109, "ndcg@100": 0.7238406983309611, "ndcg@1000": 0.740042319158888, "mrr@5": 0.9450617283950616, "mrr@10": 0.9434156378600823, "mrr@20": 0.9434156378600823, "mrr@100": 0.9434156378600823, "map@10": 0.2775815536803896, "map@100": 0.552559692261542, "map@1000": 0.571449072427391, "recall@5": 0.1841049064601369, "recall@20": 0.43543863355978835, "recall@100": 0.6835753655150024, "recall@1000": 0.7425188904065777, "precision@1": 0.9259259259259259, "precision@3": 0.8765432098765431, "precision@5": 0.8481481481481481, "precision@10": 0.7425925925925926, "precision@100": 0.2757407407407408}, "run.bm25-1000--rankllama-v1-13b-lora-passage.dl20-passage.txt": {"judge@10": 0.9777777777777776, "judge@20": 0.9287037037037038, "judge@100": 0.5918518518518517, "ndcg@3": 0.9291332743529054, "ndcg@5": 0.8952813253930892, "ndcg@10": 0.8365388097365416, "ndcg@20": 0.7751996365138114, "ndcg@100": 0.7160904316578437, "ndcg@1000": 0.7370137406013116, "mrr@5": 0.9722222222222222, "mrr@10": 0.9722222222222222, "mrr@20": 0.9722222222222222, "mrr@100": 0.9722222222222222, "map@10": 0.27836730286433997, "map@100": 0.5311165343577815, "map@1000": 0.5524700766719347, "recall@5": 0.18731715214682684, "recall@20": 0.42603758932920865, "recall@100": 0.6624249033652009, "recall@1000": 0.7425188904065779, "precision@1": 0.9629629629629629, "precision@3": 0.9197530864197531, "precision@5": 0.8740740740740739, "precision@10": 0.7796296296296296, "precision@100": 0.2694444444444445}, "run.bm25-1000--rankllama-v1-7b-lora-passage.dl20-passage.txt": {"judge@10": 0.9851851851851849, "judge@20": 0.9287037037037037, "judge@100": 0.5864814814814816, "ndcg@3": 0.9204429275747062, "ndcg@5": 0.89711548917558, "ndcg@10": 0.8428907461777172, "ndcg@20": 0.7868098956968543, "ndcg@100": 0.7224066057492154, "ndcg@1000": 0.7398415068303454, "mrr@5": 0.9722222222222222, "mrr@10": 0.9722222222222222, "mrr@20": 0.9722222222222222, "mrr@100": 0.9722222222222222, "map@10": 0.28046459932595214, "map@100": 0.5358268322308372, "map@1000": 0.5560896658807828, "recall@5": 0.18534365607296813, "recall@20": 0.432332236015129, "recall@100": 0.6676384482644496, "recall@1000": 0.7425188904065779, "precision@1": 0.9629629629629629, "precision@3": 0.9074074074074074, "precision@5": 0.8777777777777774, "precision@10": 0.7870370370370372, "precision@100": 0.2738888888888889}, "run.bm25-1000.dl20-passage.txt": {"judge@10": 0.9944444444444445, "judge@20": 0.9138888888888891, "judge@100": 0.5294444444444444, "ndcg@3": 0.602214637873531, "ndcg@5": 0.6000971919681108, "ndcg@10": 0.5559270580768375, "ndcg@20": 0.5191721288918552, "ndcg@100": 0.5156667298589868, "ndcg@1000": 0.6019522226048198, "mrr@5": 0.7512345679012347, "mrr@10": 0.7538800705467372, "mrr@20": 0.7553045719712387, "mrr@100": 0.7553045719712387, "map@10": 0.15928034450637976, "map@100": 0.3024119777560305, "map@1000": 0.33231150960610406, "recall@5": 0.11922367646383492, "recall@20": 0.2908272426347104, "recall@100": 0.5215746950973574, "recall@1000": 0.7425188904065779, "precision@1": 0.6666666666666666, "precision@3": 0.5864197530864197, "precision@5": 0.5888888888888888, "precision@10": 0.5185185185185185, "precision@100": 0.20037037037037042}}