{"run.bm25-1000--monot5-3b-msmarco.dl23-passage.txt": {"judge@10": 0.8158536585365853, "judge@20": 0.7140243902439021, "judge@100": 0.3647560975609756, "ndcg@3": 0.6607844834617495, "ndcg@5": 0.6273345195380718, "ndcg@10": 0.5720255163136744, "ndcg@20": 0.5059278242352215, "ndcg@100": 0.40590845476598764, "ndcg@1000": 0.4370362593702805, "mrr@5": 0.8119918699186991, "mrr@10": 0.8133468834688345, "mrr@20": 0.8140243902439024, "mrr@100": 0.8140243902439024, "map@10": 0.11968214226280596, "map@100": 0.20385839783086343, "map@1000": 0.2203427229047621, "recall@5": 0.09674830393921714, "recall@20": 0.20919350191356717, "recall@100": 0.3359960831167544, "recall@1000": 0.4252042122877709, "precision@1": 0.6829268292682927, "precision@3": 0.6504065040650406, "precision@5": 0.6048780487804878, "precision@10": 0.5268292682926828, "precision@100": 0.1719512195121951}, "run.bm25-1000--monot5-base-msmarco.dl23-passage.txt": {"judge@10": 0.767073170731707, "judge@20": 0.6737804878048781, "judge@100": 0.3500000000000001, "ndcg@3": 0.6290369877210384, "ndcg@5": 0.5828639181052068, "ndcg@10": 0.5256488050835882, "ndcg@20": 0.46591682082774405, "ndcg@100": 0.3844257924908606, "ndcg@1000": 0.4218069216515849, "mrr@5": 0.8012195121951218, "mrr@10": 0.8054200542005421, "mrr@20": 0.8061374143153196, "mrr@100": 0.8061374143153196, "map@10": 0.10764092372573096, "map@100": 0.18425585539287778, "map@1000": 0.20094117600498215, "recall@5": 0.09016483882659712, "recall@20": 0.1839515330889306, "recall@100": 0.32186678898274584, "recall@1000": 0.4252042122877709, "precision@1": 0.6951219512195121, "precision@3": 0.6097560975609755, "precision@5": 0.5487804878048781, "precision@10": 0.47560975609756095, "precision@100": 0.16536585365853662}, "run.bm25-1000--monot5-large-msmarco.dl23-passage.txt": {"judge@10": 0.7817073170731703, "judge@20": 0.678658536585366, "judge@100": 0.35268292682926844, "ndcg@3": 0.6769324343459036, "ndcg@5": 0.6356236894753882, "ndcg@10": 0.5728894050368077, "ndcg@20": 0.494205612807774, "ndcg@100": 0.405102195808229, "ndcg@1000": 0.43712644272493134, "mrr@5": 0.8536585365853658, "mrr@10": 0.855691056910569, "mrr@20": 0.8563008130081301, "mrr@100": 0.8568815331010453, "map@10": 0.12148262733755126, "map@100": 0.20267096571869636, "map@1000": 0.21887887912788395, "recall@5": 0.09705243840245135, "recall@20": 0.1984610790657229, "recall@100": 0.33452128156282696, "recall@1000": 0.4252042122877709, "precision@1": 0.7682926829268293, "precision@3": 0.6544715447154471, "precision@5": 0.6024390243902439, "precision@10": 0.5182926829268293, "precision@100": 0.1698780487804878}, "run.bm25-1000--rank1-14b.dl23-passage.txt": {"judge@10": 0.5792682926829268, "judge@20": 0.4865853658536585, "judge@100": 0.28024390243902436, "ndcg@3": 0.6764546186100335, "ndcg@5": 0.6410666251491227, "ndcg@10": 0.5730741532560218, "ndcg@20": 0.5047827663339365, "ndcg@100": 0.4368380103963997, "ndcg@1000": 0.45945139280078107, "mrr@5": 0.8191056910569104, "mrr@10": 0.8101626016260163, "mrr@20": 0.8122967479674796, "mrr@100": 0.8140243902439024, "map@10": 0.15408067852707572, "map@100": 0.24154461606674799, "map@1000": 0.25863180690293447, "recall@5": 0.12294005823188338, "recall@20": 0.2297187772563728, "recall@100": 0.36186538689340136, "recall@1000": 0.4252042122877709, "precision@1": 0.7073170731707317, "precision@3": 0.6666666666666666, "precision@5": 0.6170731707317073, "precision@10": 0.5207317073170732, "precision@100": 0.18085365853658533}, "run.bm25-1000--rank1-32b-awq.dl23-passage.txt": {"judge@10": 0.6085365853658538, "judge@20": 0.5067073170731707, "judge@100": 0.2753658536585367, "ndcg@3": 0.6663716529399957, "ndcg@5": 0.6158844015859534, "ndcg@10": 0.5548246907728055, "ndcg@20": 0.48067380743977245, "ndcg@100": 0.4080997960433858, "ndcg@1000": 0.43969298130176304, "mrr@5": 0.8148373983739837, "mrr@10": 0.8295876887340302, "mrr@20": 0.8288670678914583, "mrr@100": 0.8288670678914583, "map@10": 0.12708278379292268, "map@100": 0.20447458890330697, "map@1000": 0.22143920655430827, "recall@5": 0.09768114470700767, "recall@20": 0.20381558280497025, "recall@100": 0.33834030308897933, "recall@1000": 0.4252042122877709, "precision@1": 0.7439024390243902, "precision@3": 0.6422764227642276, "precision@5": 0.578048780487805, "precision@10": 0.49756097560975604, "precision@100": 0.1701219512195122}, "run.bm25-1000--rank1-7b.dl23-passage.txt": {"judge@10": 0.5573170731707319, "judge@20": 0.46646341463414626, "judge@100": 0.28060975609756106, "ndcg@3": 0.6325120009181031, "ndcg@5": 0.5969987360882882, "ndcg@10": 0.5138557117471921, "ndcg@20": 0.44970810008223944, "ndcg@100": 0.39255508187760807, "ndcg@1000": 0.4287062841199672, "mrr@5": 0.7910569105691057, "mrr@10": 0.794541231126597, "mrr@20": 0.7961211659542854, "mrr@100": 0.7959874475118377, "map@10": 0.11718324878766112, "map@100": 0.19124033268017418, "map@1000": 0.20936475021763146, "recall@5": 0.10138699898826388, "recall@20": 0.19608412088565508, "recall@100": 0.33368462656561637, "recall@1000": 0.4252042122877709, "precision@1": 0.6951219512195121, "precision@3": 0.6178861788617886, "precision@5": 0.5707317073170731, "precision@10": 0.4548780487804879, "precision@100": 0.1653658536585366}, "run.bm25-1000--rankllama-v1-13b-lora-passage.dl23-passage.txt": {"judge@10": 0.8219512195121946, "judge@20": 0.7256097560975608, "judge@100": 0.3702439024390244, "ndcg@3": 0.7035705763442386, "ndcg@5": 0.6588009440598906, "ndcg@10": 0.5866520119331738, "ndcg@20": 0.5112577179040316, "ndcg@100": 0.409869092194825, "ndcg@1000": 0.4414777629813588, "mrr@5": 0.8703252032520324, "mrr@10": 0.8723577235772357, "mrr@20": 0.8723577235772357, "mrr@100": 0.8723577235772357, "map@10": 0.12788192549252508, "map@100": 0.20728989362826622, "map@1000": 0.22383691035320097, "recall@5": 0.09794030026321186, "recall@20": 0.20823760797431298, "recall@100": 0.3341211349725721, "recall@1000": 0.4252042122877709, "precision@1": 0.7926829268292683, "precision@3": 0.678861788617886, "precision@5": 0.621951219512195, "precision@10": 0.526829268292683, "precision@100": 0.17036585365853657}, "run.bm25-1000--rankllama-v1-7b-lora-passage.dl23-passage.txt": {"judge@10": 0.8158536585365849, "judge@20": 0.7164634146341462, "judge@100": 0.3719512195121952, "ndcg@3": 0.6891275562971231, "ndcg@5": 0.6483625896825966, "ndcg@10": 0.5737281250760131, "ndcg@20": 0.5020081847471142, "ndcg@100": 0.406346931816952, "ndcg@1000": 0.43811569253801885, "mrr@5": 0.8709349593495934, "mrr@10": 0.8726771196283389, "mrr@20": 0.8726771196283389, "mrr@100": 0.8726771196283389, "map@10": 0.12044959844168214, "map@100": 0.20260203112960704, "map@1000": 0.21930104616562865, "recall@5": 0.09972688868847318, "recall@20": 0.20381502401618481, "recall@100": 0.3356745782264908, "recall@1000": 0.4252042122877709, "precision@1": 0.7804878048780488, "precision@3": 0.6666666666666665, "precision@5": 0.6146341463414635, "precision@10": 0.5146341463414634, "precision@100": 0.16987804878048782}, "run.bm25-1000.dl23-passage.txt": {"judge@10": 0.9036585365853657, "judge@20": 0.7841463414634148, "judge@100": 0.3267073170731707, "ndcg@3": 0.3842495075166354, "ndcg@5": 0.3586792684396036, "ndcg@10": 0.32850578687189075, "ndcg@20": 0.30091314639702016, "ndcg@100": 0.25597355957909607, "ndcg@1000": 0.33648848432570194, "mrr@5": 0.588821138211382, "mrr@10": 0.6026374370886566, "mrr@20": 0.6058754806026949, "mrr@100": 0.606452633157395, "map@10": 0.052072399203697065, "map@100": 0.09465482463995836, "map@1000": 0.1116161966406223, "recall@5": 0.04647225526694143, "recall@20": 0.12321016942354196, "recall@100": 0.23461741705594827, "recall@1000": 0.4252042122877709, "precision@1": 0.5121951219512195, "precision@3": 0.34959349593495936, "precision@5": 0.326829268292683, "precision@10": 0.29512195121951224, "precision@100": 0.1123170731707317}}