{"run.bm25-1000--monot5-3b-msmarco.dl23-passage.txt": {"judge@10": 0.8158536585365853, "judge@20": 0.7140243902439021, "judge@100": 0.3647560975609756, "ndcg@3": 0.6507015177917116, "ndcg@5": 0.6217793398960587, "ndcg@10": 0.5760015884544025, "ndcg@20": 0.5149655863142901, "ndcg@100": 0.40692886212637436, "ndcg@1000": 0.4368123906515098, "mrr@5": 0.8191056910569104, "mrr@10": 0.8211382113821137, "mrr@20": 0.8211382113821137, "mrr@100": 0.8211382113821137, "map@10": 0.11821575113320003, "map@100": 0.20119884293958812, "map@1000": 0.21756888582133627, "recall@5": 0.09611009988078796, "recall@20": 0.21279500533718845, "recall@100": 0.3374743475201124, "recall@1000": 0.4295809307492737, "precision@1": 0.6829268292682927, "precision@3": 0.6382113821138211, "precision@5": 0.6000000000000001, "precision@10": 0.5353658536585365, "precision@100": 0.17426829268292682}, "run.bm25-1000--monot5-base-msmarco.dl23-passage.txt": {"judge@10": 0.767073170731707, "judge@20": 0.6737804878048781, "judge@100": 0.3500000000000001, "ndcg@3": 0.6511793335275816, "ndcg@5": 0.5934735420208983, "ndcg@10": 0.5369567746659892, "ndcg@20": 0.47662595202758734, "ndcg@100": 0.3869510796414436, "ndcg@1000": 0.4236770981457494, "mrr@5": 0.8479674796747967, "mrr@10": 0.850440379403794, "mrr@20": 0.850440379403794, "mrr@100": 0.850440379403794, "map@10": 0.10704764483540659, "map@100": 0.18144324035210424, "map@1000": 0.19819169015859261, "recall@5": 0.088792011675664, "recall@20": 0.1838568729774636, "recall@100": 0.3221511409445994, "recall@1000": 0.4295809307492737, "precision@1": 0.7439024390243902, "precision@3": 0.6260162601626017, "precision@5": 0.5512195121951219, "precision@10": 0.4829268292682928, "precision@100": 0.16792682926829267}, "run.bm25-1000--monot5-large-msmarco.dl23-passage.txt": {"judge@10": 0.7817073170731703, "judge@20": 0.678658536585366, "judge@100": 0.35268292682926844, "ndcg@3": 0.6760473931658908, "ndcg@5": 0.627809487577772, "ndcg@10": 0.5660717495029711, "ndcg@20": 0.49766977115407596, "ndcg@100": 0.40276214504324614, "ndcg@1000": 0.4350305712455006, "mrr@5": 0.8841463414634146, "mrr@10": 0.8841463414634146, "mrr@20": 0.8847560975609756, "mrr@100": 0.8847560975609756, "map@10": 0.1154157463576014, "map@100": 0.19497666051124699, "map@1000": 0.2113683399919108, "recall@5": 0.09483406187048572, "recall@20": 0.1958995267750478, "recall@100": 0.33281412694934753, "recall@1000": 0.4295809307492737, "precision@1": 0.8048780487804879, "precision@3": 0.6463414634146342, "precision@5": 0.5878048780487805, "precision@10": 0.5085365853658536, "precision@100": 0.17097560975609755}, "run.bm25-1000--rank1-14b.dl23-passage.txt": {"judge@10": 0.5792682926829268, "judge@20": 0.4865853658536585, "judge@100": 0.28024390243902436, "ndcg@3": 0.6477043203305171, "ndcg@5": 0.6098315547034332, "ndcg@10": 0.5432975206403045, "ndcg@20": 0.4763279430508556, "ndcg@100": 0.4071182326128993, "ndcg@1000": 0.4391563557511165, "mrr@5": 0.8252032520325202, "mrr@10": 0.816260162601626, "mrr@20": 0.8183943089430894, "mrr@100": 0.8201219512195121, "map@10": 0.1285816791642157, "map@100": 0.20172399086095996, "map@1000": 0.21943440445947313, "recall@5": 0.11048189956793614, "recall@20": 0.20273280566623156, "recall@100": 0.34272103602957543, "recall@1000": 0.4295809307492737, "precision@1": 0.7073170731707317, "precision@3": 0.6300813008130082, "precision@5": 0.5804878048780487, "precision@10": 0.48902439024390254, "precision@100": 0.17012195121951218}, "run.bm25-1000--rank1-32b-awq.dl23-passage.txt": {"judge@10": 0.6085365853658538, "judge@20": 0.5067073170731707, "judge@100": 0.2753658536585367, "ndcg@3": 0.70520491688955, "ndcg@5": 0.6625891972257588, "ndcg@10": 0.6013373829162882, "ndcg@20": 0.5329532456659168, "ndcg@100": 0.44554835100218365, "ndcg@1000": 0.46466954497552043, "mrr@5": 0.8402439024390245, "mrr@10": 0.8509291521486642, "mrr@20": 0.8490998838559813, "mrr@100": 0.8490998838559813, "map@10": 0.1519083378875236, "map@100": 0.2428399861306888, "map@1000": 0.25933969185905903, "recall@5": 0.11459080685468627, "recall@20": 0.24050060974280318, "recall@100": 0.3670849247010351, "recall@1000": 0.4295809307492737, "precision@1": 0.7560975609756098, "precision@3": 0.6869918699186992, "precision@5": 0.6317073170731707, "precision@10": 0.5451219512195121, "precision@100": 0.18402439024390244}, "run.bm25-1000--rank1-7b.dl23-passage.txt": {"judge@10": 0.5573170731707319, "judge@20": 0.46646341463414626, "judge@100": 0.28060975609756106, "ndcg@3": 0.6433442659534396, "ndcg@5": 0.6095180325513808, "ndcg@10": 0.5223153242579935, "ndcg@20": 0.4575194151225746, "ndcg@100": 0.39590983388424106, "ndcg@1000": 0.43180804764342046, "mrr@5": 0.8077235772357724, "mrr@10": 0.809465737514518, "mrr@20": 0.8101075860382664, "mrr@100": 0.8099738675958188, "map@10": 0.11968620233779705, "map@100": 0.1915440326357852, "map@1000": 0.2097382243496793, "recall@5": 0.1050753190978064, "recall@20": 0.19373872539212558, "recall@100": 0.33460802345108753, "recall@1000": 0.4295809307492737, "precision@1": 0.7073170731707317, "precision@3": 0.6260162601626017, "precision@5": 0.5829268292682926, "precision@10": 0.45975609756097574, "precision@100": 0.16646341463414635}, "run.bm25-1000--rankllama-v1-13b-lora-passage.dl23-passage.txt": {"judge@10": 0.8219512195121946, "judge@20": 0.7256097560975608, "judge@100": 0.3702439024390244, "ndcg@3": 0.7330701739890536, "ndcg@5": 0.6836344560784683, "ndcg@10": 0.6035351672868093, "ndcg@20": 0.5217195618377802, "ndcg@100": 0.41468725085175007, "ndcg@1000": 0.4452467991721886, "mrr@5": 0.8902439024390244, "mrr@10": 0.8902439024390244, "mrr@20": 0.8902439024390244, "mrr@100": 0.8902439024390244, "map@10": 0.1294074465597208, "map@100": 0.20772598687753777, "map@1000": 0.22408805585266553, "recall@5": 0.10183606729984847, "recall@20": 0.20470821961798105, "recall@100": 0.3352671287467886, "recall@1000": 0.4295809307492737, "precision@1": 0.8048780487804879, "precision@3": 0.7113821138211381, "precision@5": 0.6463414634146343, "precision@10": 0.5390243902439024, "precision@100": 0.17329268292682928}, "run.bm25-1000--rankllama-v1-7b-lora-passage.dl23-passage.txt": {"judge@10": 0.8158536585365849, "judge@20": 0.7164634146341462, "judge@100": 0.3719512195121952, "ndcg@3": 0.7192407114925227, "ndcg@5": 0.6695331151117492, "ndcg@10": 0.5891924601074788, "ndcg@20": 0.512874598616535, "ndcg@100": 0.4118226181780375, "ndcg@1000": 0.44191725682331884, "mrr@5": 0.899390243902439, "mrr@10": 0.9014227642276423, "mrr@20": 0.9014227642276423, "mrr@100": 0.9014227642276423, "map@10": 0.11996384179600059, "map@100": 0.20132687964813686, "map@1000": 0.2178746262823897, "recall@5": 0.09817283438918688, "recall@20": 0.20242354294754739, "recall@100": 0.33776859486109584, "recall@1000": 0.4295809307492737, "precision@1": 0.8292682926829268, "precision@3": 0.6910569105691057, "precision@5": 0.6292682926829268, "precision@10": 0.525609756097561, "precision@100": 0.17341463414634148}, "run.bm25-1000.dl23-passage.txt": {"judge@10": 0.9036585365853657, "judge@20": 0.7841463414634148, "judge@100": 0.3267073170731707, "ndcg@3": 0.3871109631631156, "ndcg@5": 0.36493459340351464, "ndcg@10": 0.34067885660698116, "ndcg@20": 0.3069198483388811, "ndcg@100": 0.25718631263445757, "ndcg@1000": 0.3384837078831418, "mrr@5": 0.5821138211382114, "mrr@10": 0.5956591173054588, "mrr@20": 0.5989931139321383, "mrr@100": 0.5999360315823977, "map@10": 0.056391992797465144, "map@100": 0.09687144635219558, "map@1000": 0.11382041591991447, "recall@5": 0.04994401890192859, "recall@20": 0.12008044366366137, "recall@100": 0.22992591280099522, "recall@1000": 0.4295809307492737, "precision@1": 0.4878048780487805, "precision@3": 0.36178861788617883, "precision@5": 0.3390243902439025, "precision@10": 0.3121951219512195, "precision@100": 0.11451219512195121}}