{"run.bm25-1000--monot5-3b-msmarco.dl21-passage.txt": {"judge@10": 0.9566037735849053, "judge@20": 0.8981132075471701, "judge@100": 0.5626415094339624, "ndcg@3": 0.9867185266219975, "ndcg@5": 0.9691943907611136, "ndcg@10": 0.9575920102498706, "ndcg@20": 0.8994683836097034, "ndcg@100": 0.6935881140453515, "ndcg@1000": 0.7225717726213031, "mrr@5": 0.9905660377358491, "mrr@10": 0.9905660377358491, "mrr@20": 0.9905660377358491, "mrr@100": 0.9905660377358491, "map@10": 0.13713996874679887, "map@100": 0.4788423593562275, "map@1000": 0.5333906157382303, "recall@5": 0.07137056116481108, "recall@20": 0.2521271953494501, "recall@100": 0.5733779473522806, "recall@1000": 0.6946491661021194, "precision@1": 0.9811320754716981, "precision@3": 0.9874213836477986, "precision@5": 0.9622641509433962, "precision@10": 0.9490566037735848, "precision@100": 0.4654716981132075}, "run.bm25-1000--monot5-base-msmarco.dl21-passage.txt": {"judge@10": 0.9547169811320753, "judge@20": 0.8962264150943395, "judge@100": 0.5675471698113208, "ndcg@3": 0.9888270976994012, "ndcg@5": 0.981742337512287, "ndcg@10": 0.9655152392157265, "ndcg@20": 0.9185378115350816, "ndcg@100": 0.7260448733817989, "ndcg@1000": 0.735561940392798, "mrr@5": 1.0, "mrr@10": 1.0, "mrr@20": 1.0, "mrr@100": 1.0, "map@10": 0.13862924095969922, "map@100": 0.5255821774789381, "map@1000": 0.5747664666880979, "recall@5": 0.07141939733573689, "recall@20": 0.2594775034054305, "recall@100": 0.6023567048797527, "recall@1000": 0.6946491661021194, "precision@1": 1.0, "precision@3": 0.9874213836477986, "precision@5": 0.9773584905660376, "precision@10": 0.9547169811320754, "precision@100": 0.49132075471698117}, "run.bm25-1000--monot5-large-msmarco.dl21-passage.txt": {"judge@10": 0.9547169811320753, "judge@20": 0.8933962264150945, "judge@100": 0.5547169811320755, "ndcg@3": 0.9822913688293299, "ndcg@5": 0.9816894884861765, "ndcg@10": 0.9572044958128737, "ndcg@20": 0.8985345012592024, "ndcg@100": 0.6960425988183667, "ndcg@1000": 0.7231213582517642, "mrr@5": 0.9905660377358491, "mrr@10": 0.9905660377358491, "mrr@20": 0.9905660377358491, "mrr@100": 0.9905660377358491, "map@10": 0.13743377011994745, "map@100": 0.4794575654156974, "map@1000": 0.5341631658826863, "recall@5": 0.07228251633013498, "recall@20": 0.24654662664623236, "recall@100": 0.5721148217837194, "recall@1000": 0.6946491661021194, "precision@1": 0.9811320754716981, "precision@3": 0.9811320754716981, "precision@5": 0.9811320754716981, "precision@10": 0.9452830188679245, "precision@100": 0.4690566037735848}, "run.bm25-1000--rank1-14b.dl21-passage.txt": {"judge@10": 0.7132075471698112, "judge@20": 0.6603773584905662, "judge@100": 0.4498113207547169, "ndcg@3": 0.7214082898681392, "ndcg@5": 0.712754054152826, "ndcg@10": 0.6808490570325401, "ndcg@20": 0.624467463676662, "ndcg@100": 0.517499045350173, "ndcg@1000": 0.6330239613457812, "mrr@5": 0.8433962264150944, "mrr@10": 0.8234501347708895, "mrr@20": 0.8328840970350404, "mrr@100": 0.8331199460916442, "map@10": 0.08633058013384828, "map@100": 0.2799022985162689, "map@1000": 0.346701378032854, "recall@5": 0.05364265520129312, "recall@20": 0.1663889733584723, "recall@100": 0.4396422736356549, "recall@1000": 0.6946491661021194, "precision@1": 0.7358490566037735, "precision@3": 0.7169811320754716, "precision@5": 0.7056603773584905, "precision@10": 0.6622641509433963, "precision@100": 0.3535849056603773}, "run.bm25-1000--rank1-32b-awq.dl21-passage.txt": {"judge@10": 0.7773584905660379, "judge@20": 0.7028301886792452, "judge@100": 0.4547169811320753, "ndcg@3": 0.8180664992249123, "ndcg@5": 0.7988671110235067, "ndcg@10": 0.7418109279970178, "ndcg@20": 0.6663407801522344, "ndcg@100": 0.5342754472257157, "ndcg@1000": 0.642691925817688, "mrr@5": 0.8977987421383649, "mrr@10": 0.8737646001796945, "mrr@20": 0.8769092542677448, "mrr@100": 0.8763102725366876, "map@10": 0.09299160486983536, "map@100": 0.2918327486501481, "map@1000": 0.356173045413699, "recall@5": 0.05790187418745869, "recall@20": 0.1757324656607953, "recall@100": 0.4476176192437853, "recall@1000": 0.6946491661021194, "precision@1": 0.7924528301886793, "precision@3": 0.8238993710691823, "precision@5": 0.7924528301886791, "precision@10": 0.713207547169811, "precision@100": 0.3611320754716981}, "run.bm25-1000--rank1-7b.dl21-passage.txt": {"judge@10": 0.7566037735849057, "judge@20": 0.6764150943396224, "judge@100": 0.44735849056603777, "ndcg@3": 0.7635712967174105, "ndcg@5": 0.7586406627879487, "ndcg@10": 0.710845313944027, "ndcg@20": 0.6432036692016779, "ndcg@100": 0.5202071701677311, "ndcg@1000": 0.6359219774940004, "mrr@5": 0.8748427672955975, "mrr@10": 0.8748427672955975, "mrr@20": 0.8716981132075472, "mrr@100": 0.8725557461406519, "map@10": 0.09198075896076237, "map@100": 0.2839578070854564, "map@1000": 0.3521978821421789, "recall@5": 0.05625617970548467, "recall@20": 0.16937775647554593, "recall@100": 0.4344942971555085, "recall@1000": 0.6946491661021194, "precision@1": 0.7924528301886793, "precision@3": 0.7547169811320753, "precision@5": 0.750943396226415, "precision@10": 0.6849056603773586, "precision@100": 0.35566037735849065}, "run.bm25-1000--rankllama-v1-13b-lora-passage.dl21-passage.txt": {"judge@10": 0.9716981132075471, "judge@20": 0.9254716981132076, "judge@100": 0.5849056603773586, "ndcg@3": 0.9955728422073324, "ndcg@5": 0.9915688013209084, "ndcg@10": 0.9660656918046767, "ndcg@20": 0.9117759323094357, "ndcg@100": 0.7106325244988304, "ndcg@1000": 0.728622812951688, "mrr@5": 1.0, "mrr@10": 1.0, "mrr@20": 1.0, "mrr@100": 1.0, "map@10": 0.13685723916976897, "map@100": 0.5018262550664143, "map@1000": 0.5513038858257355, "recall@5": 0.07225492407530122, "recall@20": 0.24964772571491245, "recall@100": 0.5868929650884525, "recall@1000": 0.6946491661021191, "precision@1": 1.0, "precision@3": 0.9937106918238995, "precision@5": 0.988679245283019, "precision@10": 0.9528301886792452, "precision@100": 0.480188679245283}, "run.bm25-1000--rankllama-v1-7b-lora-passage.dl21-passage.txt": {"judge@10": 0.9716981132075471, "judge@20": 0.9264150943396232, "judge@100": 0.5871698113207547, "ndcg@3": 0.991145684414665, "ndcg@5": 0.9757109001411182, "ndcg@10": 0.960930522773677, "ndcg@20": 0.9094216484751035, "ndcg@100": 0.7089308499877005, "ndcg@1000": 0.726988621941599, "mrr@5": 1.0, "mrr@10": 1.0, "mrr@20": 1.0, "mrr@100": 1.0, "map@10": 0.1360516196467061, "map@100": 0.49743728691087014, "map@1000": 0.547887671826294, "recall@5": 0.07033424339107175, "recall@20": 0.25097707124270763, "recall@100": 0.5839454532752439, "recall@1000": 0.6946491661021191, "precision@1": 1.0, "precision@3": 0.9874213836477987, "precision@5": 0.9660377358490565, "precision@10": 0.9490566037735848, "precision@100": 0.480377358490566}, "run.bm25-1000.dl21-passage.txt": {"judge@10": 1.0, "judge@20": 0.8801886792452832, "judge@100": 0.5256603773584906, "ndcg@3": 0.7069675231325048, "ndcg@5": 0.69956132170281, "ndcg@10": 0.661511379662881, "ndcg@20": 0.6051035770768776, "ndcg@100": 0.4606900521272676, "ndcg@1000": 0.5976125398194008, "mrr@5": 0.7867924528301887, "mrr@10": 0.7974243785564541, "mrr@20": 0.7974243785564541, "mrr@100": 0.7974243785564541, "map@10": 0.07199273207254353, "map@100": 0.22902409880010546, "map@1000": 0.29004149688772457, "recall@5": 0.04610526792707924, "recall@20": 0.148912841165962, "recall@100": 0.37935239607583965, "recall@1000": 0.6946491661021191, "precision@1": 0.6981132075471698, "precision@3": 0.7106918238993712, "precision@5": 0.6981132075471697, "precision@10": 0.6433962264150944, "precision@100": 0.3150943396226415}}