{"run.bm25-1000--monot5-3b-msmarco.dl19-passage.txt": {"judge@10": 0.9651162790697673, "judge@20": 0.8930232558139535, "judge@100": 0.5579069767441859, "ndcg@3": 0.9767441860465116, "ndcg@5": 0.9733472476780766, "ndcg@10": 0.9462729114523415, "ndcg@20": 0.8908168552090241, "ndcg@100": 0.8400190444713842, "ndcg@1000": 0.855288042663897, "mrr@5": 0.9883720930232558, "mrr@10": 0.9883720930232558, "mrr@20": 0.9883720930232558, "mrr@100": 0.9883720930232558, "map@10": 0.2760536284688543, "map@100": 0.6885214246253853, "map@1000": 0.7234453064223273, "recall@5": 0.16097679391633418, "recall@20": 0.44610965499859745, "recall@100": 0.7808288490687069, "recall@1000": 0.8484903461978535, "precision@1": 0.9767441860465116, "precision@3": 0.9767441860465116, "precision@5": 0.9720930232558139, "precision@10": 0.9209302325581395, "precision@100": 0.3813953488372093}, "run.bm25-1000--monot5-base-msmarco.dl19-passage.txt": {"judge@10": 0.9488372093023255, "judge@20": 0.8883720930232557, "judge@100": 0.546046511627907, "ndcg@3": 0.9767441860465116, "ndcg@5": 0.9611421241885565, "ndcg@10": 0.9454305305452864, "ndcg@20": 0.8913814251197777, "ndcg@100": 0.8422455367853424, "ndcg@1000": 0.8560565453746776, "mrr@5": 0.9844961240310076, "mrr@10": 0.9844961240310076, "mrr@20": 0.9844961240310076, "mrr@100": 0.9844961240310076, "map@10": 0.2813881487385418, "map@100": 0.6934952623745548, "map@1000": 0.7277288333351133, "recall@5": 0.1595767089181999, "recall@20": 0.44665869406010944, "recall@100": 0.7851964706280455, "recall@1000": 0.8484903461978535, "precision@1": 0.9767441860465116, "precision@3": 0.9767441860465116, "precision@5": 0.9534883720930233, "precision@10": 0.9209302325581394, "precision@100": 0.3823255813953489}, "run.bm25-1000--monot5-large-msmarco.dl19-passage.txt": {"judge@10": 0.9488372093023257, "judge@20": 0.8965116279069768, "judge@100": 0.5511627906976744, "ndcg@3": 0.9767441860465116, "ndcg@5": 0.9668990284372616, "ndcg@10": 0.9557525780793801, "ndcg@20": 0.9134003710820162, "ndcg@100": 0.8699486625472902, "ndcg@1000": 0.8680268682292456, "mrr@5": 0.9844961240310076, "mrr@10": 0.9844961240310076, "mrr@20": 0.9844961240310076, "mrr@100": 0.9844961240310076, "map@10": 0.28929849389830786, "map@100": 0.7451747394456708, "map@1000": 0.7714188899757047, "recall@5": 0.16029679935629068, "recall@20": 0.4676281514096873, "recall@100": 0.8129994644870379, "recall@1000": 0.8484903461978535, "precision@1": 0.9767441860465116, "precision@3": 0.9767441860465116, "precision@5": 0.9627906976744186, "precision@10": 0.9348837209302324, "precision@100": 0.4002325581395349}, "run.bm25-1000--rank1-14b.dl19-passage.txt": {"judge@10": 0.8093023255813951, "judge@20": 0.7348837209302325, "judge@100": 0.48209302325581405, "ndcg@3": 0.6976744186046512, "ndcg@5": 0.6579481306715957, "ndcg@10": 0.6422390557390991, "ndcg@20": 0.6061717725610908, "ndcg@100": 0.6233689133575683, "ndcg@1000": 0.7206295048321442, "mrr@5": 0.7817829457364341, "mrr@10": 0.7802602436323367, "mrr@20": 0.7799372462163159, "mrr@100": 0.780906238464378, "map@10": 0.1629830372244663, "map@100": 0.39795923858051974, "map@1000": 0.4573277545984842, "recall@5": 0.10756792096371469, "recall@20": 0.2955541858826005, "recall@100": 0.6177142315403351, "recall@1000": 0.8484903461978535, "precision@1": 0.6976744186046512, "precision@3": 0.6976744186046512, "precision@5": 0.6418604651162791, "precision@10": 0.6139534883720931, "precision@100": 0.2941860465116279}, "run.bm25-1000--rank1-32b-awq.dl19-passage.txt": {"judge@10": 0.8302325581395347, "judge@20": 0.7744186046511625, "judge@100": 0.48232558139534903, "ndcg@3": 0.7838120485821891, "ndcg@5": 0.7640166260546213, "ndcg@10": 0.723502523446922, "ndcg@20": 0.6792517273596353, "ndcg@100": 0.658144659525876, "ndcg@1000": 0.7461023640623715, "mrr@5": 0.8837209302325582, "mrr@10": 0.8803248431155406, "mrr@20": 0.8789930999233325, "mrr@100": 0.8789930999233325, "map@10": 0.18447506072800987, "map@100": 0.43709928605547904, "map@1000": 0.4918762389659807, "recall@5": 0.122758341154306, "recall@20": 0.32209716706808184, "recall@100": 0.6315981934825805, "recall@1000": 0.8484903461978535, "precision@1": 0.813953488372093, "precision@3": 0.7751937984496124, "precision@5": 0.7488372093023257, "precision@10": 0.686046511627907, "precision@100": 0.30395348837209296}, "run.bm25-1000--rank1-7b.dl19-passage.txt": {"judge@10": 0.8465116279069768, "judge@20": 0.7860465116279067, "judge@100": 0.49139534883720937, "ndcg@3": 0.8084967589997355, "ndcg@5": 0.7693061412258524, "ndcg@10": 0.7318997290665641, "ndcg@20": 0.6824334650094784, "ndcg@100": 0.6541345393738186, "ndcg@1000": 0.7478762497093991, "mrr@5": 0.9, "mrr@10": 0.9, "mrr@20": 0.9017889087656529, "mrr@100": 0.9026502352083747, "map@10": 0.1855165372593702, "map@100": 0.43211887091578943, "map@1000": 0.4894858372711193, "recall@5": 0.12057187026850179, "recall@20": 0.3218843237968059, "recall@100": 0.6235032515371245, "recall@1000": 0.8484903461978535, "precision@1": 0.8604651162790697, "precision@3": 0.7906976744186045, "precision@5": 0.7395348837209303, "precision@10": 0.6883720930232557, "precision@100": 0.29930232558139536}, "run.bm25-1000--rankllama-v1-13b-lora-passage.dl19-passage.txt": {"judge@10": 0.9767441860465115, "judge@20": 0.9116279069767441, "judge@100": 0.5765116279069766, "ndcg@3": 0.986228748327169, "ndcg@5": 0.9645999310102584, "ndcg@10": 0.9494005171029816, "ndcg@20": 0.8958884105951913, "ndcg@100": 0.8405207776820856, "ndcg@1000": 0.8539635886432193, "mrr@5": 1.0, "mrr@10": 1.0, "mrr@20": 1.0, "mrr@100": 1.0, "map@10": 0.2738789838159731, "map@100": 0.6844026346517625, "map@1000": 0.7187890073479799, "recall@5": 0.157221058995473, "recall@20": 0.44350680375640933, "recall@100": 0.7835716055337274, "recall@1000": 0.8484903461978537, "precision@1": 1.0, "precision@3": 0.9844961240310076, "precision@5": 0.9534883720930233, "precision@10": 0.9232558139534883, "precision@100": 0.3848837209302326}, "run.bm25-1000--rankllama-v1-7b-lora-passage.dl19-passage.txt": {"judge@10": 0.9581395348837206, "judge@20": 0.9069767441860465, "judge@100": 0.5697674418604651, "ndcg@3": 0.983629811882927, "ndcg@5": 0.9661185489498246, "ndcg@10": 0.9464390969245954, "ndcg@20": 0.8944983988642295, "ndcg@100": 0.8412604434539539, "ndcg@1000": 0.8527663319662234, "mrr@5": 0.9883720930232558, "mrr@10": 0.9883720930232558, "mrr@20": 0.9883720930232558, "mrr@100": 0.9883720930232558, "map@10": 0.2720481135656297, "map@100": 0.685422352006867, "map@1000": 0.7182986984434461, "recall@5": 0.15665568562805765, "recall@20": 0.4431924147484629, "recall@100": 0.7859779374369358, "recall@1000": 0.8484903461978537, "precision@1": 0.9767441860465116, "precision@3": 0.9844961240310076, "precision@5": 0.958139534883721, "precision@10": 0.9209302325581394, "precision@100": 0.3872093023255814}, "run.bm25-1000.dl19-passage.txt": {"judge@10": 1.0, "judge@20": 0.9139534883720931, "judge@100": 0.5248837209302326, "ndcg@3": 0.7332725877669126, "ndcg@5": 0.7301960381325977, "ndcg@10": 0.6869744243023885, "ndcg@20": 0.620706516200857, "ndcg@100": 0.5999598168948154, "ndcg@1000": 0.7160764372555285, "mrr@5": 0.8534883720930233, "mrr@10": 0.8560723514211886, "mrr@20": 0.8560723514211886, "mrr@100": 0.8560723514211886, "map@10": 0.15950093495285933, "map@100": 0.3676773930444062, "map@1000": 0.4229521316754173, "recall@5": 0.11597880203100347, "recall@20": 0.29154392850394606, "recall@100": 0.576928100094608, "recall@1000": 0.8484903461978537, "precision@1": 0.7674418604651163, "precision@3": 0.7209302325581395, "precision@5": 0.7209302325581396, "precision@10": 0.6534883720930232, "precision@100": 0.2711627906976744}}