{"run.bm25-1000--monot5-3b-msmarco.dl21-passage.txt": {"judge@10": 0.9566037735849053, "judge@20": 0.8981132075471701, "judge@100": 0.5626415094339624, "ndcg@3": 0.9678506020936956, "ndcg@5": 0.9398633180307344, "ndcg@10": 0.9302565299902492, "ndcg@20": 0.8781003471895525, "ndcg@100": 0.7245091313364245, "ndcg@1000": 0.7650118600069418, "mrr@5": 0.9779874213836478, "mrr@10": 0.9779874213836478, "mrr@20": 0.9779874213836478, "mrr@100": 0.9779874213836478, "map@10": 0.16302768339246945, "map@100": 0.5330265768222162, "map@1000": 0.5817957230939845, "recall@5": 0.0871085616467658, "recall@20": 0.2987325512019443, "recall@100": 0.644421398178462, "recall@1000": 0.751297275976167, "precision@1": 0.9622641509433962, "precision@3": 0.9685534591194968, "precision@5": 0.9283018867924527, "precision@10": 0.920754716981132, "precision@100": 0.4420754716981133}, "run.bm25-1000--monot5-base-msmarco.dl21-passage.txt": {"judge@10": 0.9547169811320753, "judge@20": 0.8962264150943395, "judge@100": 0.5675471698113208, "ndcg@3": 0.9743863309637669, "ndcg@5": 0.9583668959607665, "ndcg@10": 0.9294326469423887, "ndcg@20": 0.8764488124609533, "ndcg@100": 0.7283267504926287, "ndcg@1000": 0.7670891774854256, "mrr@5": 1.0, "mrr@10": 1.0, "mrr@20": 1.0, "mrr@100": 1.0, "map@10": 0.15848999380255188, "map@100": 0.5347475323346959, "map@1000": 0.5828460073356637, "recall@5": 0.08813021732767076, "recall@20": 0.290196746453733, "recall@100": 0.6458731424190296, "recall@1000": 0.751297275976167, "precision@1": 1.0, "precision@3": 0.9685534591194968, "precision@5": 0.9471698113207546, "precision@10": 0.9094339622641509, "precision@100": 0.44490566037735846}, "run.bm25-1000--monot5-large-msmarco.dl21-passage.txt": {"judge@10": 0.9547169811320753, "judge@20": 0.8933962264150945, "judge@100": 0.5547169811320755, "ndcg@3": 0.9589962865083604, "ndcg@5": 0.9599023784803946, "ndcg@10": 0.9257544573153973, "ndcg@20": 0.8671048393213299, "ndcg@100": 0.7124713435113639, "ndcg@1000": 0.7605458523127454, "mrr@5": 0.9779874213836478, "mrr@10": 0.9779874213836478, "mrr@20": 0.9779874213836478, "mrr@100": 0.9779874213836478, "map@10": 0.16079155608997, "map@100": 0.5166860794026874, "map@1000": 0.5688797925960256, "recall@5": 0.09187416538166283, "recall@20": 0.28523074777497764, "recall@100": 0.6288557765391795, "recall@1000": 0.751297275976167, "precision@1": 0.9622641509433962, "precision@3": 0.9559748427672956, "precision@5": 0.9584905660377357, "precision@10": 0.909433962264151, "precision@100": 0.43509433962264155}, "run.bm25-1000--rank1-14b.dl21-passage.txt": {"judge@10": 0.7132075471698112, "judge@20": 0.6603773584905662, "judge@100": 0.4498113207547169, "ndcg@3": 0.7169811320754716, "ndcg@5": 0.7010059706717828, "ndcg@10": 0.666471005558798, "ndcg@20": 0.6228284827333341, "ndcg@100": 0.5575688723977323, "ndcg@1000": 0.6771511675633641, "mrr@5": 0.8591194968553458, "mrr@10": 0.8398023360287511, "mrr@20": 0.8476639712488768, "mrr@100": 0.8476639712488768, "map@10": 0.10882033062207763, "map@100": 0.3282927211252472, "map@1000": 0.3930642858062528, "recall@5": 0.07206315086835238, "recall@20": 0.21093696874649026, "recall@100": 0.5086473912524218, "recall@1000": 0.751297275976167, "precision@1": 0.7547169811320755, "precision@3": 0.7044025157232704, "precision@5": 0.6867924528301886, "precision@10": 0.6433962264150944, "precision@100": 0.3424528301886793}, "run.bm25-1000--rank1-32b-awq.dl21-passage.txt": {"judge@10": 0.7773584905660379, "judge@20": 0.7028301886792452, "judge@100": 0.4547169811320753, "ndcg@3": 0.810371476997209, "ndcg@5": 0.7880741398814134, "ndcg@10": 0.7296371352871591, "ndcg@20": 0.6627578307718172, "ndcg@100": 0.5740966352478915, "ndcg@1000": 0.688128083377655, "mrr@5": 0.9072327044025158, "mrr@10": 0.8820754716981132, "mrr@20": 0.8742138364779873, "mrr@100": 0.8742138364779873, "map@10": 0.11697715493469771, "map@100": 0.33936054957505035, "map@1000": 0.40329848545601116, "recall@5": 0.07741721205854807, "recall@20": 0.2114974071859378, "recall@100": 0.5148075087725322, "recall@1000": 0.751297275976167, "precision@1": 0.7735849056603774, "precision@3": 0.8176100628930818, "precision@5": 0.781132075471698, "precision@10": 0.6999999999999998, "precision@100": 0.3501886792452831}, "run.bm25-1000--rank1-7b.dl21-passage.txt": {"judge@10": 0.7566037735849057, "judge@20": 0.6764150943396224, "judge@100": 0.44735849056603777, "ndcg@3": 0.7591441389247431, "ndcg@5": 0.7529654707096629, "ndcg@10": 0.697392583462763, "ndcg@20": 0.6498825388163647, "ndcg@100": 0.5620217245252338, "ndcg@1000": 0.6829696608064193, "mrr@5": 0.8937106918238994, "mrr@10": 0.8937106918238994, "mrr@20": 0.8905660377358491, "mrr@100": 0.8905660377358491, "map@10": 0.11420580069889695, "map@100": 0.3341289675068903, "map@1000": 0.4011076637298269, "recall@5": 0.07472090335983886, "recall@20": 0.21388926017502127, "recall@100": 0.5078083088768726, "recall@1000": 0.751297275976167, "precision@1": 0.8113207547169812, "precision@3": 0.7421383647798742, "precision@5": 0.7396226415094339, "precision@10": 0.6660377358490566, "precision@100": 0.34377358490566035}, "run.bm25-1000--rankllama-v1-13b-lora-passage.dl21-passage.txt": {"judge@10": 0.9716981132075471, "judge@20": 0.9254716981132076, "judge@100": 0.5849056603773586, "ndcg@3": 1.0, "ndcg@5": 0.9975244324997672, "ndcg@10": 0.9695672107357962, "ndcg@20": 0.9271446288932796, "ndcg@100": 0.7771832770790692, "ndcg@1000": 0.7925957334160518, "mrr@5": 1.0, "mrr@10": 1.0, "mrr@20": 1.0, "mrr@100": 1.0, "map@10": 0.18317567826300557, "map@100": 0.6215034218210803, "map@1000": 0.6610851088745502, "recall@5": 0.10130812995292218, "recall@20": 0.314301512184345, "recall@100": 0.6849178446341699, "recall@1000": 0.7512972759761671, "precision@1": 1.0, "precision@3": 1.0, "precision@5": 0.9962264150943396, "precision@10": 0.9566037735849056, "precision@100": 0.47622641509433966}, "run.bm25-1000--rankllama-v1-7b-lora-passage.dl21-passage.txt": {"judge@10": 0.9716981132075471, "judge@20": 0.9264150943396232, "judge@100": 0.5871698113207547, "ndcg@3": 0.9955728422073324, "ndcg@5": 0.9791909638197441, "ndcg@10": 0.9630189978188454, "ndcg@20": 0.9200860097206737, "ndcg@100": 0.7634356668588473, "ndcg@1000": 0.7862967681535266, "mrr@5": 1.0, "mrr@10": 1.0, "mrr@20": 1.0, "mrr@100": 1.0, "map@10": 0.17745603959880238, "map@100": 0.5965300516791011, "map@1000": 0.6398818775986328, "recall@5": 0.09531895480447954, "recall@20": 0.31208929608543134, "recall@100": 0.6704853650537682, "recall@1000": 0.7512972759761671, "precision@1": 1.0, "precision@3": 0.9937106918238994, "precision@5": 0.969811320754717, "precision@10": 0.9509433962264149, "precision@100": 0.4662264150943396}, "run.bm25-1000.dl21-passage.txt": {"judge@10": 1.0, "judge@20": 0.8801886792452832, "judge@100": 0.5256603773584906, "ndcg@3": 0.7069675231325048, "ndcg@5": 0.6973661933031502, "ndcg@10": 0.6416142359704763, "ndcg@20": 0.5870054689508187, "ndcg@100": 0.4743507219652301, "ndcg@1000": 0.6258026380215577, "mrr@5": 0.7836477987421384, "mrr@10": 0.7932315064390537, "mrr@20": 0.7966620381714723, "mrr@100": 0.7966620381714723, "map@10": 0.08263065241383394, "map@100": 0.2554487747675197, "map@1000": 0.3155639497774925, "recall@5": 0.05653777722438176, "recall@20": 0.17420134911947355, "recall@100": 0.4252383624235002, "recall@1000": 0.7512972759761671, "precision@1": 0.7169811320754716, "precision@3": 0.7044025157232705, "precision@5": 0.6905660377358491, "precision@10": 0.6132075471698114, "precision@100": 0.2941509433962264}}