{"run.bm25-1000--monot5-3b-msmarco.dl22-passage.txt": {"judge@10": 0.8407894736842102, "judge@20": 0.7690789473684213, "judge@100": 0.45815789473684193, "ndcg@3": 0.6406945692135205, "ndcg@5": 0.6253000938190594, "ndcg@10": 0.5703962730766294, "ndcg@20": 0.506132488285829, "ndcg@100": 0.369287630564537, "ndcg@1000": 0.37433352537507913, "mrr@5": 0.781578947368421, "mrr@10": 0.7851033834586466, "mrr@20": 0.7851033834586466, "mrr@100": 0.7851033834586466, "map@10": 0.08186124814170151, "map@100": 0.1629632411944424, "map@1000": 0.17937249302598893, "recall@5": 0.06763608337497778, "recall@20": 0.16900466650034782, "recall@100": 0.2954738140240527, "recall@1000": 0.3654251420936023, "precision@1": 0.6710526315789473, "precision@3": 0.6359649122807016, "precision@5": 0.6157894736842104, "precision@10": 0.531578947368421, "precision@100": 0.20105263157894737}, "run.bm25-1000--monot5-base-msmarco.dl22-passage.txt": {"judge@10": 0.8513157894736837, "judge@20": 0.7743421052631579, "judge@100": 0.44986842105263153, "ndcg@3": 0.5607161247308535, "ndcg@5": 0.5676931161253949, "ndcg@10": 0.5248698605068016, "ndcg@20": 0.4720224074947266, "ndcg@100": 0.35027956047858133, "ndcg@1000": 0.35817936288460084, "mrr@5": 0.6767543859649122, "mrr@10": 0.6811403508771929, "mrr@20": 0.6832763727500569, "mrr@100": 0.683605320118478, "map@10": 0.06820621649782724, "map@100": 0.14601931597818774, "map@1000": 0.1632332576199044, "recall@5": 0.06260563206212873, "recall@20": 0.16459520910988512, "recall@100": 0.29075644042963933, "recall@1000": 0.3654251420936023, "precision@1": 0.5131578947368421, "precision@3": 0.5657894736842105, "precision@5": 0.5736842105263158, "precision@10": 0.5039473684210527, "precision@100": 0.19697368421052633}, "run.bm25-1000--monot5-large-msmarco.dl22-passage.txt": {"judge@10": 0.8223684210526312, "judge@20": 0.7407894736842104, "judge@100": 0.4511842105263158, "ndcg@3": 0.5578513861744959, "ndcg@5": 0.5550688284811871, "ndcg@10": 0.532002641033164, "ndcg@20": 0.47840340959158595, "ndcg@100": 0.35763992502755926, "ndcg@1000": 0.3624404738985818, "mrr@5": 0.7135964912280702, "mrr@10": 0.7224519632414369, "mrr@20": 0.7224519632414369, "mrr@100": 0.7224519632414369, "map@10": 0.06938112901047762, "map@100": 0.15119739294346204, "map@1000": 0.16779445244228602, "recall@5": 0.05381128712042136, "recall@20": 0.16514016522646213, "recall@100": 0.2954504242279049, "recall@1000": 0.3654251420936023, "precision@1": 0.5921052631578947, "precision@3": 0.5526315789473684, "precision@5": 0.5499999999999999, "precision@10": 0.5105263157894737, "precision@100": 0.20144736842105262}, "run.bm25-1000--rank1-14b.dl22-passage.txt": {"judge@10": 0.5710526315789476, "judge@20": 0.49934210526315786, "judge@100": 0.31881578947368416, "ndcg@3": 0.6346663074080444, "ndcg@5": 0.6125069652039159, "ndcg@10": 0.5395475136602587, "ndcg@20": 0.4717086908311103, "ndcg@100": 0.3688386579141837, "ndcg@1000": 0.38795265672938734, "mrr@5": 0.7489035087719298, "mrr@10": 0.7600877192982456, "mrr@20": 0.763048245614035, "mrr@100": 0.7631944444444445, "map@10": 0.10701873917149857, "map@100": 0.17739953404799122, "map@1000": 0.19467690133444626, "recall@5": 0.09321424743430314, "recall@20": 0.17390235698239365, "recall@100": 0.2914962306091158, "recall@1000": 0.3654251420936023, "precision@1": 0.6447368421052632, "precision@3": 0.6228070175438597, "precision@5": 0.5894736842105263, "precision@10": 0.4828947368421053, "precision@100": 0.1838157894736842}, "run.bm25-1000--rank1-32b-awq.dl22-passage.txt": {"judge@10": 0.5723684210526316, "judge@20": 0.4947368421052632, "judge@100": 0.30894736842105264, "ndcg@3": 0.6694357224222502, "ndcg@5": 0.6205337469782398, "ndcg@10": 0.5538917419004562, "ndcg@20": 0.4861838252626696, "ndcg@100": 0.3730697232559867, "ndcg@1000": 0.3904357497810104, "mrr@5": 0.8081140350877193, "mrr@10": 0.8020989974937344, "mrr@20": 0.819204260651629, "mrr@100": 0.8198308270676692, "map@10": 0.1051664218156002, "map@100": 0.1780783543759203, "map@1000": 0.19521220429957928, "recall@5": 0.08785676064106394, "recall@20": 0.17199165552900975, "recall@100": 0.2905568903382535, "recall@1000": 0.3654251420936023, "precision@1": 0.7236842105263158, "precision@3": 0.644736842105263, "precision@5": 0.5789473684210527, "precision@10": 0.48947368421052645, "precision@100": 0.18565789473684213}, "run.bm25-1000--rank1-7b.dl22-passage.txt": {"judge@10": 0.580263157894737, "judge@20": 0.5348684210526317, "judge@100": 0.32736842105263175, "ndcg@3": 0.6625990060384257, "ndcg@5": 0.6175146223496273, "ndcg@10": 0.5725012683141216, "ndcg@20": 0.5271501887017189, "ndcg@100": 0.4019926145844088, "ndcg@1000": 0.4065876516611539, "mrr@5": 0.7833333333333333, "mrr@10": 0.7783991228070175, "mrr@20": 0.7783991228070175, "mrr@100": 0.7783991228070175, "map@10": 0.11889408022841003, "map@100": 0.20850801498704152, "map@1000": 0.22426912551322356, "recall@5": 0.09721463456846148, "recall@20": 0.20207285203207725, "recall@100": 0.3135307516858393, "recall@1000": 0.3654251420936023, "precision@1": 0.6447368421052632, "precision@3": 0.6578947368421052, "precision@5": 0.5894736842105263, "precision@10": 0.5210526315789474, "precision@100": 0.20131578947368423}, "run.bm25-1000--rankllama-v1-13b-lora-passage.dl22-passage.txt": {"judge@10": 0.8486842105263153, "judge@20": 0.7953947368421055, "judge@100": 0.47828947368421065, "ndcg@3": 0.6525284713412068, "ndcg@5": 0.6123539006675868, "ndcg@10": 0.5589788620573964, "ndcg@20": 0.5007421743902671, "ndcg@100": 0.37523172461486665, "ndcg@1000": 0.3757652119169904, "mrr@5": 0.775, "mrr@10": 0.775, "mrr@20": 0.7781481676218519, "mrr@100": 0.7781481676218519, "map@10": 0.08069809631856453, "map@100": 0.16711420800477117, "map@1000": 0.18266620911737183, "recall@5": 0.06564660050206217, "recall@20": 0.16994671554597293, "recall@100": 0.3020083136416224, "recall@1000": 0.3654251420936023, "precision@1": 0.6578947368421053, "precision@3": 0.6491228070175438, "precision@5": 0.5921052631578947, "precision@10": 0.5197368421052633, "precision@100": 0.20631578947368423}, "run.bm25-1000--rankllama-v1-7b-lora-passage.dl22-passage.txt": {"judge@10": 0.851315789473684, "judge@20": 0.7776315789473683, "judge@100": 0.46631578947368435, "ndcg@3": 0.6510580204582807, "ndcg@5": 0.6435394697565734, "ndcg@10": 0.581825620936685, "ndcg@20": 0.5126367950518476, "ndcg@100": 0.37707479479485667, "ndcg@1000": 0.37643783527719393, "mrr@5": 0.7701754385964912, "mrr@10": 0.7718201754385965, "mrr@20": 0.7740131578947368, "mrr@100": 0.7744668784029037, "map@10": 0.08360971922193845, "map@100": 0.16809353444815875, "map@1000": 0.18425280943950917, "recall@5": 0.06803403618749732, "recall@20": 0.15695527280155377, "recall@100": 0.3027946553458281, "recall@1000": 0.3654251420936023, "precision@1": 0.6578947368421053, "precision@3": 0.644736842105263, "precision@5": 0.6368421052631578, "precision@10": 0.5447368421052632, "precision@100": 0.20750000000000002}, "run.bm25-1000.dl22-passage.txt": {"judge@10": 0.8881578947368419, "judge@20": 0.7592105263157896, "judge@100": 0.4401315789473685, "ndcg@3": 0.2870483204754808, "ndcg@5": 0.276580236306728, "ndcg@10": 0.24880334041461405, "ndcg@20": 0.23300182479398335, "ndcg@100": 0.19053383175036917, "ndcg@1000": 0.26072848213022065, "mrr@5": 0.4234649122807018, "mrr@10": 0.44392752715121125, "mrr@20": 0.451522064039377, "mrr@100": 0.4531529018883987, "map@10": 0.020947150844708943, "map@100": 0.050653451333579735, "map@1000": 0.06851317030304908, "recall@5": 0.022614574291780522, "recall@20": 0.06682797677482707, "recall@100": 0.17387318133524757, "recall@1000": 0.3654251420936023, "precision@1": 0.32894736842105265, "precision@3": 0.2763157894736842, "precision@5": 0.2657894736842105, "precision@10": 0.23026315789473684, "precision@100": 0.11973684210526318}}