{"run.bm25-1000--monot5-3b-msmarco.dl21-passage.txt": {"judge@10": 0.9566037735849053, "judge@20": 0.8981132075471701, "judge@100": 0.5626415094339624, "ndcg@3": 0.9168332796590892, "ndcg@5": 0.8694071704361571, "ndcg@10": 0.8352540054662819, "ndcg@20": 0.7699720219672096, "ndcg@100": 0.5799030829068283, "ndcg@1000": 0.6052586499886967, "mrr@5": 0.9559748427672957, "mrr@10": 0.9559748427672957, "mrr@20": 0.9559748427672957, "mrr@100": 0.9559748427672957, "map@10": 0.11663900320797153, "map@100": 0.3401119194811185, "map@1000": 0.38711522115621466, "recall@5": 0.06819772373919823, "recall@20": 0.21481146689374125, "recall@100": 0.4500594501912047, "recall@1000": 0.5833681616251079, "precision@1": 0.9245283018867925, "precision@3": 0.9119496855345911, "precision@5": 0.8452830188679245, "precision@10": 0.8075471698113208, "precision@100": 0.37283018867924533}, "run.bm25-1000--monot5-base-msmarco.dl21-passage.txt": {"judge@10": 0.9547169811320753, "judge@20": 0.8962264150943395, "judge@100": 0.5675471698113208, "ndcg@3": 0.8989146328505593, "ndcg@5": 0.8702369212458219, "ndcg@10": 0.8230422893010619, "ndcg@20": 0.75627272544781, "ndcg@100": 0.5775403202200897, "ndcg@1000": 0.6029746586395007, "mrr@5": 0.9685534591194968, "mrr@10": 0.9685534591194968, "mrr@20": 0.9685534591194968, "mrr@100": 0.9685534591194968, "map@10": 0.11285829324123167, "map@100": 0.3339789618161519, "map@1000": 0.3805759488755272, "recall@5": 0.06889310145428382, "recall@20": 0.20275013746795537, "recall@100": 0.445908810069598, "recall@1000": 0.5833681616251079, "precision@1": 0.9433962264150944, "precision@3": 0.8867924528301886, "precision@5": 0.8490566037735849, "precision@10": 0.7905660377358488, "precision@100": 0.37358490566037744}, "run.bm25-1000--monot5-large-msmarco.dl21-passage.txt": {"judge@10": 0.9547169811320753, "judge@20": 0.8933962264150945, "judge@100": 0.5547169811320755, "ndcg@3": 0.8912196106228562, "ndcg@5": 0.885040942407776, "ndcg@10": 0.8302390831927458, "ndcg@20": 0.7713222088957413, "ndcg@100": 0.5793665059308457, "ndcg@1000": 0.6039542313405876, "mrr@5": 0.949685534591195, "mrr@10": 0.9523809523809524, "mrr@20": 0.9523809523809524, "mrr@100": 0.9523809523809524, "map@10": 0.11497401383112746, "map@100": 0.337333326551267, "map@1000": 0.3840428296976751, "recall@5": 0.07429495235450227, "recall@20": 0.21492614689257847, "recall@100": 0.4519547522069728, "recall@1000": 0.5833681616251079, "precision@1": 0.9245283018867925, "precision@3": 0.880503144654088, "precision@5": 0.8754716981132074, "precision@10": 0.8018867924528302, "precision@100": 0.3730188679245283}, "run.bm25-1000--rank1-14b.dl21-passage.txt": {"judge@10": 0.7132075471698112, "judge@20": 0.6603773584905662, "judge@100": 0.4498113207547169, "ndcg@3": 0.7502898233394079, "ndcg@5": 0.743810214952751, "ndcg@10": 0.7191307881408845, "ndcg@20": 0.6592086074486798, "ndcg@100": 0.5546443995534558, "ndcg@1000": 0.5937141661333136, "mrr@5": 0.8591194968553458, "mrr@10": 0.8398023360287511, "mrr@20": 0.8508086253369272, "mrr@100": 0.8508086253369272, "map@10": 0.11611629744778715, "map@100": 0.3196540351335765, "map@1000": 0.3709159480799187, "recall@5": 0.07302859172069488, "recall@20": 0.20045820170680834, "recall@100": 0.44610166353933073, "recall@1000": 0.5833681616251079, "precision@1": 0.7547169811320755, "precision@3": 0.7484276729559749, "precision@5": 0.7396226415094339, "precision@10": 0.7056603773584905, "precision@100": 0.35886792452830196}, "run.bm25-1000--rank1-32b-awq.dl21-passage.txt": {"judge@10": 0.7773584905660379, "judge@20": 0.7028301886792452, "judge@100": 0.4547169811320753, "ndcg@3": 0.8413615815458818, "ndcg@5": 0.8181786535290557, "ndcg@10": 0.7679049063753571, "ndcg@20": 0.7102774273561442, "ndcg@100": 0.5694958714559085, "ndcg@1000": 0.6031970515685422, "mrr@5": 0.9261006289308177, "mrr@10": 0.9025157232704402, "mrr@20": 0.9056603773584906, "mrr@100": 0.9056603773584906, "map@10": 0.11793949984948031, "map@100": 0.3305140504393962, "map@1000": 0.3816866907960165, "recall@5": 0.07472615040969598, "recall@20": 0.21122460401545456, "recall@100": 0.4507980235436994, "recall@1000": 0.5833681616251079, "precision@1": 0.8301886792452831, "precision@3": 0.8427672955974843, "precision@5": 0.8075471698113206, "precision@10": 0.741509433962264, "precision@100": 0.3645283018867924}, "run.bm25-1000--rank1-7b.dl21-passage.txt": {"judge@10": 0.7566037735849057, "judge@20": 0.6764150943396224, "judge@100": 0.44735849056603777, "ndcg@3": 0.8068935969243135, "ndcg@5": 0.8053651235381225, "ndcg@10": 0.7598274413477826, "ndcg@20": 0.7102718881096171, "ndcg@100": 0.5790981196339932, "ndcg@1000": 0.6084085329596582, "mrr@5": 0.9062893081761005, "mrr@10": 0.9072327044025158, "mrr@20": 0.9040880503144654, "mrr@100": 0.9040880503144654, "map@10": 0.12570925068156072, "map@100": 0.34747732054586394, "map@1000": 0.3991825935945375, "recall@5": 0.0752997129873446, "recall@20": 0.22134816194036813, "recall@100": 0.4615856931241301, "recall@1000": 0.5833681616251079, "precision@1": 0.8301886792452831, "precision@3": 0.7987421383647798, "precision@5": 0.7999999999999998, "precision@10": 0.7358490566037738, "precision@100": 0.369811320754717}, "run.bm25-1000--rankllama-v1-13b-lora-passage.dl21-passage.txt": {"judge@10": 0.9716981132075471, "judge@20": 0.9254716981132076, "judge@100": 0.5849056603773586, "ndcg@3": 0.9189418507364933, "ndcg@5": 0.8912965089871163, "ndcg@10": 0.841553360522127, "ndcg@20": 0.791100503850027, "ndcg@100": 0.597723987125664, "ndcg@1000": 0.6119365739725078, "mrr@5": 0.9779874213836477, "mrr@10": 0.9779874213836477, "mrr@20": 0.9779874213836477, "mrr@100": 0.9779874213836477, "map@10": 0.1159097091238011, "map@100": 0.35666107885449244, "map@1000": 0.40192891483668924, "recall@5": 0.07156678344950691, "recall@20": 0.21845693440565878, "recall@100": 0.46181179689071405, "recall@1000": 0.5833681616251079, "precision@1": 0.9622641509433962, "precision@3": 0.9056603773584905, "precision@5": 0.8716981132075471, "precision@10": 0.8094339622641509, "precision@100": 0.3881132075471698}, "run.bm25-1000--rankllama-v1-7b-lora-passage.dl21-passage.txt": {"judge@10": 0.9716981132075471, "judge@20": 0.9264150943396232, "judge@100": 0.5871698113207547, "ndcg@3": 0.9089282417935263, "ndcg@5": 0.8868154143167648, "ndcg@10": 0.8435966159265562, "ndcg@20": 0.791651979049571, "ndcg@100": 0.6018993662997179, "ndcg@1000": 0.6132224077171599, "mrr@5": 0.9811320754716981, "mrr@10": 0.9842767295597485, "mrr@20": 0.9842767295597485, "mrr@100": 0.9842767295597485, "map@10": 0.1168350100294131, "map@100": 0.3631606011914007, "map@1000": 0.4064912672339337, "recall@5": 0.07112944084290578, "recall@20": 0.217985747315747, "recall@100": 0.46250675717789175, "recall@1000": 0.5833681616251079, "precision@1": 0.9811320754716981, "precision@3": 0.8867924528301887, "precision@5": 0.8641509433962264, "precision@10": 0.8132075471698113, "precision@100": 0.39264150943396225}, "run.bm25-1000.dl21-passage.txt": {"judge@10": 1.0, "judge@20": 0.8801886792452832, "judge@100": 0.5256603773584906, "ndcg@3": 0.5660377358490566, "ndcg@5": 0.5660377358490566, "ndcg@10": 0.5491876565886414, "ndcg@20": 0.500662613757303, "ndcg@100": 0.3887090509435771, "ndcg@1000": 0.4932192007160784, "mrr@5": 0.6955974842767295, "mrr@10": 0.702538185085355, "mrr@20": 0.706935655909019, "mrr@100": 0.7077218194310315, "map@10": 0.05446414205814737, "map@100": 0.16932053319082477, "map@1000": 0.21604911728908252, "recall@5": 0.03783661623731078, "recall@20": 0.12308580314461495, "recall@100": 0.3167127740112353, "recall@1000": 0.5833681616251079, "precision@1": 0.5849056603773585, "precision@3": 0.559748427672956, "precision@5": 0.5622641509433963, "precision@10": 0.5377358490566038, "precision@100": 0.26716981132075474}}