{"run.bm25-1000--monot5-3b-msmarco.dl23-passage.txt": {"judge@10": 0.8158536585365853, "judge@20": 0.7140243902439021, "judge@100": 0.3647560975609756, "ndcg@3": 0.8301533338629397, "ndcg@5": 0.813182278578133, "ndcg@10": 0.7800042121161109, "ndcg@20": 0.7011369050758175, "ndcg@100": 0.603568527559895, "ndcg@1000": 0.622191778143915, "mrr@5": 0.8882113821138211, "mrr@10": 0.8882113821138211, "mrr@20": 0.8882113821138211, "mrr@100": 0.8882113821138211, "map@10": 0.21356521362971592, "map@100": 0.41929352363749745, "map@1000": 0.4372171325662717, "recall@5": 0.13824324432286422, "recall@20": 0.3427382674463525, "recall@100": 0.5341691682058488, "recall@1000": 0.5785417859993036, "precision@1": 0.7926829268292683, "precision@3": 0.8373983739837398, "precision@5": 0.8097560975609757, "precision@10": 0.7548780487804879, "precision@100": 0.25085365853658537}, "run.bm25-1000--monot5-base-msmarco.dl23-passage.txt": {"judge@10": 0.767073170731707, "judge@20": 0.6737804878048781, "judge@100": 0.3500000000000001, "ndcg@3": 0.7890721718174892, "ndcg@5": 0.7591283834821936, "ndcg@10": 0.7087089366940476, "ndcg@20": 0.6343173894959886, "ndcg@100": 0.5508857920988305, "ndcg@1000": 0.5874659059301136, "mrr@5": 0.899390243902439, "mrr@10": 0.899390243902439, "mrr@20": 0.899390243902439, "mrr@100": 0.899390243902439, "map@10": 0.1668328199773032, "map@100": 0.3378028420193464, "map@1000": 0.359783417429991, "recall@5": 0.11779101664053221, "recall@20": 0.2903997080006454, "recall@100": 0.5000815025947132, "recall@1000": 0.5785417859993036, "precision@1": 0.8170731707317073, "precision@3": 0.7804878048780487, "precision@5": 0.7390243902439023, "precision@10": 0.6707317073170731, "precision@100": 0.23073170731707315}, "run.bm25-1000--monot5-large-msmarco.dl23-passage.txt": {"judge@10": 0.7817073170731703, "judge@20": 0.678658536585366, "judge@100": 0.35268292682926844, "ndcg@3": 0.77735486560214, "ndcg@5": 0.7481536159063457, "ndcg@10": 0.7113314551262482, "ndcg@20": 0.6275866146632038, "ndcg@100": 0.5527572548490244, "ndcg@1000": 0.5874074157162897, "mrr@5": 0.9146341463414634, "mrr@10": 0.9146341463414634, "mrr@20": 0.9146341463414634, "mrr@100": 0.9146341463414634, "map@10": 0.16640857520121669, "map@100": 0.3395972134418707, "map@1000": 0.36130052149358044, "recall@5": 0.11304091569040925, "recall@20": 0.2905608786756973, "recall@100": 0.5047099507531467, "recall@1000": 0.5785417859993036, "precision@1": 0.8536585365853658, "precision@3": 0.7601626016260162, "precision@5": 0.7243902439024389, "precision@10": 0.6756097560975609, "precision@100": 0.23231707317073172}, "run.bm25-1000--rank1-14b.dl23-passage.txt": {"judge@10": 0.5792682926829268, "judge@20": 0.4865853658536585, "judge@100": 0.28024390243902436, "ndcg@3": 0.5825043980120563, "ndcg@5": 0.557153034636276, "ndcg@10": 0.4964831164634414, "ndcg@20": 0.42616278152879966, "ndcg@100": 0.4033577921643817, "ndcg@1000": 0.49615863435804475, "mrr@5": 0.7479674796747967, "mrr@10": 0.740040650406504, "mrr@20": 0.7388211382113822, "mrr@100": 0.7415003695491501, "map@10": 0.10732345509727116, "map@100": 0.1952226757235402, "map@1000": 0.2243354070689651, "recall@5": 0.08953894259782537, "recall@20": 0.19252262803364686, "recall@100": 0.38286467352691084, "recall@1000": 0.5785417859993036, "precision@1": 0.5975609756097561, "precision@3": 0.5772357723577235, "precision@5": 0.5414634146341464, "precision@10": 0.4585365853658537, "precision@100": 0.1720731707317073}, "run.bm25-1000--rank1-32b-awq.dl23-passage.txt": {"judge@10": 0.6085365853658538, "judge@20": 0.5067073170731707, "judge@100": 0.2753658536585367, "ndcg@3": 0.6233140764280781, "ndcg@5": 0.5825408527135507, "ndcg@10": 0.5262555529992593, "ndcg@20": 0.44856462468398234, "ndcg@100": 0.409589180881217, "ndcg@1000": 0.5023969598268062, "mrr@5": 0.797560975609756, "mrr@10": 0.7964576074332173, "mrr@20": 0.7974553901383169, "mrr@100": 0.7975837598430666, "map@10": 0.11425158145378415, "map@100": 0.1998730675290425, "map@1000": 0.2274753605420053, "recall@5": 0.08541860843878443, "recall@20": 0.19943812777511144, "recall@100": 0.38022663379404215, "recall@1000": 0.5785417859993036, "precision@1": 0.6951219512195121, "precision@3": 0.6016260162601625, "precision@5": 0.5512195121951219, "precision@10": 0.48048780487804876, "precision@100": 0.16951219512195123}, "run.bm25-1000--rank1-7b.dl23-passage.txt": {"judge@10": 0.5573170731707319, "judge@20": 0.46646341463414626, "judge@100": 0.28060975609756106, "ndcg@3": 0.6067589000997811, "ndcg@5": 0.5745011483826842, "ndcg@10": 0.4999067886007609, "ndcg@20": 0.4255660318981884, "ndcg@100": 0.4092930594751231, "ndcg@1000": 0.4991283565228701, "mrr@5": 0.78130081300813, "mrr@10": 0.7830429732868757, "mrr@20": 0.7830429732868757, "mrr@100": 0.7839716248147702, "map@10": 0.10742803646423543, "map@100": 0.1962982841802895, "map@1000": 0.22449672044763272, "recall@5": 0.08671967109365428, "recall@20": 0.18691296913778851, "recall@100": 0.38863669925692884, "recall@1000": 0.5785417859993036, "precision@1": 0.6829268292682927, "precision@3": 0.5853658536585366, "precision@5": 0.5463414634146341, "precision@10": 0.4487804878048781, "precision@100": 0.17451219512195124}, "run.bm25-1000--rankllama-v1-13b-lora-passage.dl23-passage.txt": {"judge@10": 0.8219512195121946, "judge@20": 0.7256097560975608, "judge@100": 0.3702439024390244, "ndcg@3": 0.8336283470600043, "ndcg@5": 0.8076934533515325, "ndcg@10": 0.7486106098870883, "ndcg@20": 0.6681927269819882, "ndcg@100": 0.5743325394113723, "ndcg@1000": 0.6023274126532856, "mrr@5": 0.9237804878048781, "mrr@10": 0.9237804878048781, "mrr@20": 0.9237804878048781, "mrr@100": 0.9237804878048781, "map@10": 0.18442956198056396, "map@100": 0.37076358087322053, "map@1000": 0.39046900208471835, "recall@5": 0.12440270917213955, "recall@20": 0.30928702247474965, "recall@100": 0.5142777379128195, "recall@1000": 0.5785417859993036, "precision@1": 0.8658536585365854, "precision@3": 0.8211382113821137, "precision@5": 0.7878048780487804, "precision@10": 0.7073170731707317, "precision@100": 0.24097560975609764}, "run.bm25-1000--rankllama-v1-7b-lora-passage.dl23-passage.txt": {"judge@10": 0.8158536585365849, "judge@20": 0.7164634146341462, "judge@100": 0.3719512195121952, "ndcg@3": 0.8378526596223674, "ndcg@5": 0.7979459809244526, "ndcg@10": 0.7364670724609498, "ndcg@20": 0.6614742969212409, "ndcg@100": 0.570547341114915, "ndcg@1000": 0.5995502007780397, "mrr@5": 0.9237804878048781, "mrr@10": 0.9237804878048781, "mrr@20": 0.9237804878048781, "mrr@100": 0.9237804878048781, "map@10": 0.17796106048221555, "map@100": 0.3628412503391533, "map@1000": 0.3829273734916165, "recall@5": 0.121327270403768, "recall@20": 0.30630299791924576, "recall@100": 0.5117411747729038, "recall@1000": 0.5785417859993036, "precision@1": 0.8658536585365854, "precision@3": 0.8292682926829268, "precision@5": 0.7731707317073171, "precision@10": 0.6890243902439025, "precision@100": 0.24012195121951216}, "run.bm25-1000.dl23-passage.txt": {"judge@10": 0.9036585365853657, "judge@20": 0.7841463414634148, "judge@100": 0.3267073170731707, "ndcg@3": 0.502725713831766, "ndcg@5": 0.4743751014762349, "ndcg@10": 0.4278955968953433, "ndcg@20": 0.37654980019320766, "ndcg@100": 0.3349598263378669, "ndcg@1000": 0.4518255598395039, "mrr@5": 0.6871951219512196, "mrr@10": 0.6935588463027488, "mrr@20": 0.6977282648174816, "mrr@100": 0.6983786713215469, "map@10": 0.0775904211291444, "map@100": 0.1485242295596839, "map@1000": 0.17480125110768882, "recall@5": 0.06238953366418538, "recall@20": 0.16330329938183213, "recall@100": 0.3182776501952384, "recall@1000": 0.5785417859993036, "precision@1": 0.5975609756097561, "precision@3": 0.47560975609756095, "precision@5": 0.4463414634146341, "precision@10": 0.39146341463414636, "precision@100": 0.1415853658536585}}