{"run.bm25-1000--monot5-3b-msmarco.dl22-passage.txt": {"judge@10": 0.8407894736842102, "judge@20": 0.7690789473684213, "judge@100": 0.45815789473684193, "ndcg@3": 0.7398196629675121, "ndcg@5": 0.7081881857561155, "ndcg@10": 0.6513469327561147, "ndcg@20": 0.6225691267000042, "ndcg@100": 0.6172826667878498, "ndcg@1000": 0.6300777477454549, "mrr@5": 0.8611842105263158, "mrr@10": 0.8611842105263158, "mrr@20": 0.8611842105263158, "mrr@100": 0.8611842105263158, "map@10": 0.3060897174059992, "map@100": 0.4412032223166918, "map@1000": 0.4494790697026114, "recall@5": 0.2686419240120587, "recall@20": 0.48327451603368937, "recall@100": 0.6274498013491682, "recall@1000": 0.6544403508518347, "precision@1": 0.7894736842105263, "precision@3": 0.7061403508771928, "precision@5": 0.6421052631578947, "precision@10": 0.5249999999999999, "precision@100": 0.1355263157894737}, "run.bm25-1000--monot5-base-msmarco.dl22-passage.txt": {"judge@10": 0.8513157894736837, "judge@20": 0.7743421052631579, "judge@100": 0.44986842105263153, "ndcg@3": 0.656139779193081, "ndcg@5": 0.664739761992687, "ndcg@10": 0.6094706860730374, "ndcg@20": 0.5846704615538484, "ndcg@100": 0.5868607958098987, "ndcg@1000": 0.6004954632164942, "mrr@5": 0.7754385964912281, "mrr@10": 0.779093567251462, "mrr@20": 0.779093567251462, "mrr@100": 0.779093567251462, "map@10": 0.2718287859666226, "map@100": 0.40244103386481483, "map@1000": 0.4109771569630523, "recall@5": 0.26030757923764025, "recall@20": 0.4666444454001663, "recall@100": 0.623548987825589, "recall@1000": 0.6544403508518347, "precision@1": 0.6710526315789473, "precision@3": 0.6359649122807017, "precision@5": 0.6263157894736843, "precision@10": 0.5065789473684209, "precision@100": 0.13578947368421054}, "run.bm25-1000--monot5-large-msmarco.dl22-passage.txt": {"judge@10": 0.8223684210526312, "judge@20": 0.7407894736842104, "judge@100": 0.4511842105263158, "ndcg@3": 0.6542383632702862, "ndcg@5": 0.6207660843850709, "ndcg@10": 0.585489802780016, "ndcg@20": 0.5649641750588613, "ndcg@100": 0.5785120748850714, "ndcg@1000": 0.5943383153851647, "mrr@5": 0.806798245614035, "mrr@10": 0.8095760233918129, "mrr@20": 0.8105881691408007, "mrr@100": 0.8105881691408007, "map@10": 0.2569500446642743, "map@100": 0.3872997541294949, "map@1000": 0.3965235648708476, "recall@5": 0.20941740999415806, "recall@20": 0.4468480910834241, "recall@100": 0.6184358882352224, "recall@1000": 0.6544403508518347, "precision@1": 0.7368421052631579, "precision@3": 0.6184210526315789, "precision@5": 0.5631578947368421, "precision@10": 0.4802631578947367, "precision@100": 0.13447368421052633}, "run.bm25-1000--rank1-14b.dl22-passage.txt": {"judge@10": 0.5710526315789476, "judge@20": 0.49934210526315786, "judge@100": 0.31881578947368416, "ndcg@3": 0.3564857579500669, "ndcg@5": 0.3526878606890762, "ndcg@10": 0.32170307505613804, "ndcg@20": 0.31132991635772694, "ndcg@100": 0.36925372342303736, "ndcg@1000": 0.4343540119448217, "mrr@5": 0.5151315789473684, "mrr@10": 0.5269893483709274, "mrr@20": 0.5329373584791541, "mrr@100": 0.5342319148520265, "map@10": 0.1115053954337223, "map@100": 0.17635944925115205, "map@1000": 0.19194837095776168, "recall@5": 0.11787570589035495, "recall@20": 0.2660378287275124, "recall@100": 0.47646036689142757, "recall@1000": 0.6544403508518347, "precision@1": 0.3815789473684211, "precision@3": 0.34649122807017546, "precision@5": 0.3368421052631579, "precision@10": 0.2697368421052632, "precision@100": 0.09500000000000001}, "run.bm25-1000--rank1-32b-awq.dl22-passage.txt": {"judge@10": 0.5723684210526316, "judge@20": 0.4947368421052632, "judge@100": 0.30894736842105264, "ndcg@3": 0.4399993470751127, "ndcg@5": 0.41443158648168293, "ndcg@10": 0.3741161471963362, "ndcg@20": 0.35435212875920047, "ndcg@100": 0.3946000184884927, "ndcg@1000": 0.4646469571228049, "mrr@5": 0.5951754385964912, "mrr@10": 0.6079104010025063, "mrr@20": 0.62193359695091, "mrr@100": 0.622484252435776, "map@10": 0.14512455912171718, "map@100": 0.20718900437960178, "map@1000": 0.22372096558956522, "recall@5": 0.14009987145124084, "recall@20": 0.2738460978571405, "recall@100": 0.45396363500397724, "recall@1000": 0.6544403508518347, "precision@1": 0.4868421052631579, "precision@3": 0.41666666666666674, "precision@5": 0.37368421052631584, "precision@10": 0.29605263157894735, "precision@100": 0.09526315789473684}, "run.bm25-1000--rank1-7b.dl22-passage.txt": {"judge@10": 0.580263157894737, "judge@20": 0.5348684210526317, "judge@100": 0.32736842105263175, "ndcg@3": 0.4116807491248079, "ndcg@5": 0.37341383362328645, "ndcg@10": 0.3521180241072926, "ndcg@20": 0.35592439568977613, "ndcg@100": 0.3994219055166221, "ndcg@1000": 0.4620228275192842, "mrr@5": 0.5892543859649123, "mrr@10": 0.5935463659147869, "mrr@20": 0.59914170259565, "mrr@100": 0.5995313012904546, "map@10": 0.12947078267881973, "map@100": 0.20602204407451657, "map@1000": 0.22164832174788107, "recall@5": 0.11610365697960179, "recall@20": 0.2908101246227823, "recall@100": 0.48316363144059377, "recall@1000": 0.6544403508518347, "precision@1": 0.47368421052631576, "precision@3": 0.38596491228070173, "precision@5": 0.32894736842105265, "precision@10": 0.28289473684210525, "precision@100": 0.09973684210526317}, "run.bm25-1000--rankllama-v1-13b-lora-passage.dl22-passage.txt": {"judge@10": 0.8486842105263153, "judge@20": 0.7953947368421055, "judge@100": 0.47828947368421065, "ndcg@3": 0.8349840400079722, "ndcg@5": 0.8062376152842419, "ndcg@10": 0.757932227998765, "ndcg@20": 0.7199380263159018, "ndcg@100": 0.6852754813508934, "ndcg@1000": 0.6887430540930999, "mrr@5": 0.8881578947368421, "mrr@10": 0.8881578947368421, "mrr@20": 0.8881578947368421, "mrr@100": 0.8881578947368421, "map@10": 0.4162123917063109, "map@100": 0.568812253760113, "map@1000": 0.5738260867623277, "recall@5": 0.3210163983583957, "recall@20": 0.5588734477484383, "recall@100": 0.6454827302051075, "recall@1000": 0.6544403508518347, "precision@1": 0.8289473684210527, "precision@3": 0.8157894736842105, "precision@5": 0.7421052631578947, "precision@10": 0.6276315789473683, "precision@100": 0.14526315789473684}, "run.bm25-1000--rankllama-v1-7b-lora-passage.dl22-passage.txt": {"judge@10": 0.851315789473684, "judge@20": 0.7776315789473683, "judge@100": 0.46631578947368435, "ndcg@3": 0.8060034457530897, "ndcg@5": 0.7809612378411729, "ndcg@10": 0.7252351146527601, "ndcg@20": 0.6801105120122153, "ndcg@100": 0.6604615494409412, "ndcg@1000": 0.6672024119766032, "mrr@5": 0.8881578947368421, "mrr@10": 0.8881578947368421, "mrr@20": 0.8881578947368421, "mrr@100": 0.8881578947368421, "map@10": 0.3747930595869915, "map@100": 0.5122344780033358, "map@1000": 0.5185308851577295, "recall@5": 0.30343874187427344, "recall@20": 0.5254957558493095, "recall@100": 0.6399936857608688, "recall@1000": 0.6544403508518347, "precision@1": 0.8289473684210527, "precision@3": 0.7763157894736842, "precision@5": 0.7157894736842104, "precision@10": 0.5934210526315788, "precision@100": 0.1411842105263158}, "run.bm25-1000.dl22-passage.txt": {"judge@10": 0.8881578947368419, "judge@20": 0.7592105263157896, "judge@100": 0.4401315789473685, "ndcg@3": 0.22690961905826634, "ndcg@5": 0.22901266340059082, "ndcg@10": 0.2054946455561427, "ndcg@20": 0.19829292855622802, "ndcg@100": 0.25776982524160363, "ndcg@1000": 0.356717401993685, "mrr@5": 0.33157894736842103, "mrr@10": 0.34476817042606517, "mrr@20": 0.3503898932594753, "mrr@100": 0.35606057855554524, "map@10": 0.06302451984712473, "map@100": 0.10511453400159403, "map@1000": 0.12177597470837435, "recall@5": 0.0771757850611433, "recall@20": 0.15519816834936057, "recall@100": 0.35410347339891113, "recall@1000": 0.6544403508518347, "precision@1": 0.2236842105263158, "precision@3": 0.22807017543859648, "precision@5": 0.2236842105263158, "precision@10": 0.17894736842105263, "precision@100": 0.07513157894736842}}