{"run.bm25-1000--monot5-3b-msmarco.dl21-passage.txt": {"judge@10": 0.9566037735849053, "judge@20": 0.8981132075471701, "judge@100": 0.5626415094339624, "ndcg@3": 0.6990673702554181, "ndcg@5": 0.6800675762177448, "ndcg@10": 0.6796783616396568, "ndcg@20": 0.657183148543455, "ndcg@100": 0.5650263635472795, "ndcg@1000": 0.5997164922231667, "mrr@5": 0.7830188679245284, "mrr@10": 0.7928421683138664, "mrr@20": 0.7928421683138664, "mrr@100": 0.7942505848166226, "map@10": 0.11999803202428722, "map@100": 0.3061337936846155, "map@1000": 0.33530456576879203, "recall@5": 0.08065976177980667, "recall@20": 0.2706031958059759, "recall@100": 0.511212615315735, "recall@1000": 0.6148534681091683, "precision@1": 0.7358490566037735, "precision@3": 0.6540880503144654, "precision@5": 0.6226415094339623, "precision@10": 0.6075471698113208, "precision@100": 0.2647169811320755}, "run.bm25-1000--monot5-base-msmarco.dl21-passage.txt": {"judge@10": 0.9547169811320753, "judge@20": 0.8962264150943395, "judge@100": 0.5675471698113208, "ndcg@3": 0.6885309060568537, "ndcg@5": 0.6870685613709155, "ndcg@10": 0.6739767920896303, "ndcg@20": 0.6476347363690095, "ndcg@100": 0.5630408263204166, "ndcg@1000": 0.5995006319938271, "mrr@5": 0.8160377358490566, "mrr@10": 0.8237870619946092, "mrr@20": 0.8237870619946092, "mrr@100": 0.8251504217024606, "map@10": 0.13078414173516287, "map@100": 0.30917879765539164, "map@1000": 0.33923417628844377, "recall@5": 0.10055993257324508, "recall@20": 0.25276940372728524, "recall@100": 0.5060680547345952, "recall@1000": 0.6148534681091683, "precision@1": 0.7735849056603774, "precision@3": 0.6729559748427673, "precision@5": 0.6452830188679246, "precision@10": 0.6, "precision@100": 0.2632075471698113}, "run.bm25-1000--monot5-large-msmarco.dl21-passage.txt": {"judge@10": 0.9547169811320753, "judge@20": 0.8933962264150945, "judge@100": 0.5547169811320755, "ndcg@3": 0.7007726083768197, "ndcg@5": 0.7023834770116681, "ndcg@10": 0.6845093690700973, "ndcg@20": 0.6595530354133499, "ndcg@100": 0.5636925733312459, "ndcg@1000": 0.6004446526013084, "mrr@5": 0.830817610062893, "mrr@10": 0.8331761006289308, "mrr@20": 0.834224318658281, "mrr@100": 0.8347960739470174, "map@10": 0.1326977065368799, "map@100": 0.31267156115398814, "map@1000": 0.3425886247310317, "recall@5": 0.09812272754252829, "recall@20": 0.26747116070347715, "recall@100": 0.5058272413880486, "recall@1000": 0.6148534681091683, "precision@1": 0.7924528301886793, "precision@3": 0.6666666666666667, "precision@5": 0.6566037735849057, "precision@10": 0.6018867924528302, "precision@100": 0.26415094339622647}, "run.bm25-1000--rank1-14b.dl21-passage.txt": {"judge@10": 0.7132075471698112, "judge@20": 0.6603773584905662, "judge@100": 0.4498113207547169, "ndcg@3": 0.5693644873695738, "ndcg@5": 0.5596079380750353, "ndcg@10": 0.5536395904241035, "ndcg@20": 0.5253581170220135, "ndcg@100": 0.498419890783051, "ndcg@1000": 0.5666433195254196, "mrr@5": 0.7066037735849057, "mrr@10": 0.7349805330937407, "mrr@20": 0.7532195268044325, "mrr@100": 0.7441288271476951, "map@10": 0.11723733640046782, "map@100": 0.26349590345636814, "map@1000": 0.2983980895483172, "recall@5": 0.09069472765705539, "recall@20": 0.22586519728021873, "recall@100": 0.48331715841539, "recall@1000": 0.6148534681091683, "precision@1": 0.660377358490566, "precision@3": 0.5723270440251571, "precision@5": 0.5433962264150944, "precision@10": 0.5113207547169811, "precision@100": 0.239622641509434}, "run.bm25-1000--rank1-32b-awq.dl21-passage.txt": {"judge@10": 0.7773584905660379, "judge@20": 0.7028301886792452, "judge@100": 0.4547169811320753, "ndcg@3": 0.6655829699896955, "ndcg@5": 0.6496104810762358, "ndcg@10": 0.6196545893464785, "ndcg@20": 0.5895024440836625, "ndcg@100": 0.5208943521364529, "ndcg@1000": 0.5843396739403816, "mrr@5": 0.7515723270440252, "mrr@10": 0.7498652291105121, "mrr@20": 0.7420822102425875, "mrr@100": 0.743085337921485, "map@10": 0.1347434140156306, "map@100": 0.28893935528957465, "map@1000": 0.3236057580610711, "recall@5": 0.10686296024884848, "recall@20": 0.25491305850467333, "recall@100": 0.48645412803907073, "recall@1000": 0.6148534681091683, "precision@1": 0.6226415094339622, "precision@3": 0.6477987421383646, "precision@5": 0.6226415094339622, "precision@10": 0.5547169811320755, "precision@100": 0.2449056603773585}, "run.bm25-1000--rank1-7b.dl21-passage.txt": {"judge@10": 0.7566037735849057, "judge@20": 0.6764150943396224, "judge@100": 0.44735849056603777, "ndcg@3": 0.6202217019479214, "ndcg@5": 0.616825481634165, "ndcg@10": 0.5870390961291596, "ndcg@20": 0.5635493832503389, "ndcg@100": 0.505909529128565, "ndcg@1000": 0.5746958588544573, "mrr@5": 0.7641509433962265, "mrr@10": 0.77848158131177, "mrr@20": 0.7748876909254268, "mrr@100": 0.775142662878512, "map@10": 0.1222761188952465, "map@100": 0.2721655804636618, "map@1000": 0.30772942282686383, "recall@5": 0.09083067997394978, "recall@20": 0.24412306458689836, "recall@100": 0.4747261132993796, "recall@1000": 0.6148534681091683, "precision@1": 0.6792452830188679, "precision@3": 0.6037735849056602, "precision@5": 0.5849056603773585, "precision@10": 0.5113207547169811, "precision@100": 0.23754716981132076}, "run.bm25-1000--rankllama-v1-13b-lora-passage.dl21-passage.txt": {"judge@10": 0.9716981132075471, "judge@20": 0.9254716981132076, "judge@100": 0.5849056603773586, "ndcg@3": 0.7438504185246886, "ndcg@5": 0.728560160044938, "ndcg@10": 0.7111828833947148, "ndcg@20": 0.6915304034245311, "ndcg@100": 0.5918093680905251, "ndcg@1000": 0.6161708567124414, "mrr@5": 0.8481132075471699, "mrr@10": 0.8512578616352201, "mrr@20": 0.8512578616352201, "mrr@100": 0.8524283717679945, "map@10": 0.13987607887901968, "map@100": 0.34222429357819517, "map@1000": 0.370382732483946, "recall@5": 0.10252981719174586, "recall@20": 0.2837975867633385, "recall@100": 0.5225258261426589, "recall@1000": 0.6148534681091683, "precision@1": 0.8113207547169812, "precision@3": 0.7358490566037734, "precision@5": 0.6943396226415095, "precision@10": 0.630188679245283, "precision@100": 0.2741509433962264}, "run.bm25-1000--rankllama-v1-7b-lora-passage.dl21-passage.txt": {"judge@10": 0.9716981132075471, "judge@20": 0.9264150943396232, "judge@100": 0.5871698113207547, "ndcg@3": 0.7379355736185582, "ndcg@5": 0.7205196767176114, "ndcg@10": 0.7034801719226293, "ndcg@20": 0.6926585357897683, "ndcg@100": 0.5923094288924439, "ndcg@1000": 0.616051258101733, "mrr@5": 0.8213836477987421, "mrr@10": 0.8251572327044026, "mrr@20": 0.8251572327044026, "mrr@100": 0.826506662811152, "map@10": 0.13319896560102482, "map@100": 0.3392713066590779, "map@1000": 0.3673496750409945, "recall@5": 0.09254283763013738, "recall@20": 0.27735531955062437, "recall@100": 0.5242054420382374, "recall@1000": 0.6148534681091683, "precision@1": 0.7735849056603774, "precision@3": 0.7169811320754715, "precision@5": 0.6754716981132075, "precision@10": 0.6188679245283019, "precision@100": 0.27641509433962264}, "run.bm25-1000.dl21-passage.txt": {"judge@10": 1.0, "judge@20": 0.8801886792452832, "judge@100": 0.5256603773584906, "ndcg@3": 0.45126187067918644, "ndcg@5": 0.4493662552110684, "ndcg@10": 0.445830579553293, "ndcg@20": 0.4308600601444063, "ndcg@100": 0.39134475815884934, "ndcg@1000": 0.5041166219548308, "mrr@5": 0.4817610062893082, "mrr@10": 0.4980533093740641, "mrr@20": 0.5028315500013613, "mrr@100": 0.5060448569719878, "map@10": 0.06218056089762155, "map@100": 0.1357458346613891, "map@1000": 0.1707660052033948, "recall@5": 0.05260694102856405, "recall@20": 0.14678984621997446, "recall@100": 0.3261024605287327, "recall@1000": 0.6148534681091683, "precision@1": 0.3584905660377358, "precision@3": 0.36477987421383645, "precision@5": 0.36981132075471695, "precision@10": 0.35471698113207556, "precision@100": 0.16584905660377358}}