{"run.bm25-1000--monot5-3b-msmarco.dl20-passage.txt": {"judge@10": 0.9888888888888888, "judge@20": 0.9351851851851852, "judge@100": 0.5874074074074074, "ndcg@3": 0.9323406227798848, "ndcg@5": 0.8970488697612071, "ndcg@10": 0.8309195157027088, "ndcg@20": 0.76880834412323, "ndcg@100": 0.7038094403186427, "ndcg@1000": 0.7247500251450526, "mrr@5": 0.9814814814814815, "mrr@10": 0.9814814814814815, "mrr@20": 0.9814814814814815, "mrr@100": 0.9817019400352733, "map@10": 0.27177111567806317, "map@100": 0.5101288106727948, "map@1000": 0.5310835456373143, "recall@5": 0.17690984676836213, "recall@20": 0.42358141262968707, "recall@100": 0.6568819236281455, "recall@1000": 0.7385728112840481, "precision@1": 0.9814814814814815, "precision@3": 0.9197530864197531, "precision@5": 0.8740740740740739, "precision@10": 0.7722222222222223, "precision@100": 0.2637037037037037}, "run.bm25-1000--monot5-base-msmarco.dl20-passage.txt": {"judge@10": 0.9870370370370369, "judge@20": 0.9175925925925926, "judge@100": 0.5688888888888888, "ndcg@3": 0.8801985421106896, "ndcg@5": 0.8469405384365075, "ndcg@10": 0.7883674184725804, "ndcg@20": 0.7310469329670776, "ndcg@100": 0.6738313249346682, "ndcg@1000": 0.7031233800374117, "mrr@5": 0.9444444444444444, "mrr@10": 0.9444444444444444, "mrr@20": 0.9444444444444444, "mrr@100": 0.9444444444444444, "map@10": 0.24442074435530306, "map@100": 0.4733771504688115, "map@1000": 0.49487687749296727, "recall@5": 0.16867241846535402, "recall@20": 0.3976726988499588, "recall@100": 0.6337562631137872, "recall@1000": 0.7385728112840481, "precision@1": 0.9074074074074074, "precision@3": 0.8703703703703703, "precision@5": 0.8259259259259258, "precision@10": 0.7370370370370369, "precision@100": 0.25685185185185183}, "run.bm25-1000--monot5-large-msmarco.dl20-passage.txt": {"judge@10": 0.9759259259259259, "judge@20": 0.9092592592592595, "judge@100": 0.5744444444444444, "ndcg@3": 0.8475066784627522, "ndcg@5": 0.8181785667696901, "ndcg@10": 0.7806899423940915, "ndcg@20": 0.7276013662007254, "ndcg@100": 0.6835064308615502, "ndcg@1000": 0.7052417858212562, "mrr@5": 0.9049382716049384, "mrr@10": 0.9080246913580248, "mrr@20": 0.9080246913580248, "mrr@100": 0.9080246913580248, "map@10": 0.2474264648407939, "map@100": 0.4860643539171214, "map@1000": 0.5068307293901095, "recall@5": 0.1621116444410433, "recall@20": 0.39619558122188675, "recall@100": 0.6493003390726151, "recall@1000": 0.7385728112840481, "precision@1": 0.8703703703703703, "precision@3": 0.8395061728395061, "precision@5": 0.7999999999999999, "precision@10": 0.7370370370370368, "precision@100": 0.2646296296296296}, "run.bm25-1000--rank1-14b.dl20-passage.txt": {"judge@10": 0.8555555555555552, "judge@20": 0.7814814814814816, "judge@100": 0.47481481481481475, "ndcg@3": 0.8943718872401086, "ndcg@5": 0.8919220421609318, "ndcg@10": 0.8663628856644088, "ndcg@20": 0.8268045916109001, "ndcg@100": 0.7629389065185014, "ndcg@1000": 0.7679025107971434, "mrr@5": 0.9290123456790123, "mrr@10": 0.9320987654320987, "mrr@20": 0.9320987654320987, "mrr@100": 0.9320987654320987, "map@10": 0.33170693751482255, "map@100": 0.628396488880095, "map@1000": 0.6423233343670266, "recall@5": 0.20615036289813146, "recall@20": 0.49719418734885923, "recall@100": 0.7053639623062018, "recall@1000": 0.7385728112840481, "precision@1": 0.8888888888888888, "precision@3": 0.8950617283950616, "precision@5": 0.8851851851851852, "precision@10": 0.8222222222222222, "precision@100": 0.27796296296296297}, "run.bm25-1000--rank1-32b-awq.dl20-passage.txt": {"judge@10": 0.8796296296296295, "judge@20": 0.789814814814815, "judge@100": 0.476111111111111, "ndcg@3": 0.8834058905376692, "ndcg@5": 0.8765360261742035, "ndcg@10": 0.8337806189047737, "ndcg@20": 0.7835780361506179, "ndcg@100": 0.7307221141769888, "ndcg@1000": 0.7451796530746839, "mrr@5": 0.9290123456790123, "mrr@10": 0.9291887125220457, "mrr@20": 0.9291887125220457, "mrr@100": 0.9291887125220457, "map@10": 0.3042915942016253, "map@100": 0.5765088955682095, "map@1000": 0.5932160471494603, "recall@5": 0.19526550896189698, "recall@20": 0.4565258602004573, "recall@100": 0.6805428256009877, "recall@1000": 0.7385728112840481, "precision@1": 0.9074074074074074, "precision@3": 0.8765432098765432, "precision@5": 0.8703703703703705, "precision@10": 0.7870370370370371, "precision@100": 0.2709259259259259}, "run.bm25-1000--rank1-7b.dl20-passage.txt": {"judge@10": 0.824074074074074, "judge@20": 0.7703703703703703, "judge@100": 0.48314814814814827, "ndcg@3": 0.8909584123537481, "ndcg@5": 0.8729324553560771, "ndcg@10": 0.8065267918805832, "ndcg@20": 0.7717485777446913, "ndcg@100": 0.7246941010141609, "ndcg@1000": 0.7378718608588187, "mrr@5": 0.9580246913580247, "mrr@10": 0.9563786008230453, "mrr@20": 0.9563786008230453, "mrr@100": 0.9563786008230453, "map@10": 0.2810402288420153, "map@100": 0.5533554964932671, "map@1000": 0.5707116883505446, "recall@5": 0.19200103495409582, "recall@20": 0.44954848484818793, "recall@100": 0.6849011234034653, "recall@1000": 0.7385728112840481, "precision@1": 0.9444444444444444, "precision@3": 0.8765432098765431, "precision@5": 0.8555555555555555, "precision@10": 0.7481481481481481, "precision@100": 0.27129629629629626}, "run.bm25-1000--rankllama-v1-13b-lora-passage.dl20-passage.txt": {"judge@10": 0.9777777777777776, "judge@20": 0.9287037037037038, "judge@100": 0.5918518518518517, "ndcg@3": 0.9193051026125859, "ndcg@5": 0.8860237666421019, "ndcg@10": 0.8224888352783956, "ndcg@20": 0.7590642770229195, "ndcg@100": 0.7055368760474784, "ndcg@1000": 0.724876900065721, "mrr@5": 0.9722222222222222, "mrr@10": 0.9722222222222222, "mrr@20": 0.9722222222222222, "mrr@100": 0.9726970560303893, "map@10": 0.26749445670484034, "map@100": 0.5133365193446571, "map@1000": 0.5338117039688969, "recall@5": 0.1815506944120561, "recall@20": 0.4131067554692697, "recall@100": 0.6581803815278059, "recall@1000": 0.7385728112840477, "precision@1": 0.9629629629629629, "precision@3": 0.9074074074074073, "precision@5": 0.8629629629629627, "precision@10": 0.7629629629629631, "precision@100": 0.26481481481481484}, "run.bm25-1000--rankllama-v1-7b-lora-passage.dl20-passage.txt": {"judge@10": 0.9851851851851849, "judge@20": 0.9287037037037037, "judge@100": 0.5864814814814816, "ndcg@3": 0.910614755834387, "ndcg@5": 0.879743022099998, "ndcg@10": 0.8255363072625735, "ndcg@20": 0.7698372363685748, "ndcg@100": 0.7098821689641552, "ndcg@1000": 0.7256831274193467, "mrr@5": 0.9629629629629629, "mrr@10": 0.9629629629629629, "mrr@20": 0.9629629629629629, "mrr@100": 0.9632275132275132, "map@10": 0.26863041713368474, "map@100": 0.5190136207235027, "map@1000": 0.5381944413751902, "recall@5": 0.18055570383373212, "recall@20": 0.42195835311889646, "recall@100": 0.6634438240406035, "recall@1000": 0.7385728112840477, "precision@1": 0.9444444444444444, "precision@3": 0.9012345679012346, "precision@5": 0.8592592592592591, "precision@10": 0.7703703703703704, "precision@100": 0.2687037037037037}, "run.bm25-1000.dl20-passage.txt": {"judge@10": 0.9944444444444445, "judge@20": 0.9138888888888891, "judge@100": 0.5294444444444444, "ndcg@3": 0.6143184595380907, "ndcg@5": 0.6037102524164764, "ndcg@10": 0.5551578278141079, "ndcg@20": 0.5120095185852952, "ndcg@100": 0.5008630907710664, "ndcg@1000": 0.5906048517984783, "mrr@5": 0.755246913580247, "mrr@10": 0.7578924162257498, "mrr@20": 0.7610004193337526, "mrr@100": 0.7610004193337526, "map@10": 0.1595997436585959, "map@100": 0.2950013419606539, "map@1000": 0.32439482147713183, "recall@5": 0.11981164464751934, "recall@20": 0.2844648228322662, "recall@100": 0.4999512775379844, "recall@1000": 0.7385728112840477, "precision@1": 0.6666666666666666, "precision@3": 0.5987654320987653, "precision@5": 0.5888888888888889, "precision@10": 0.5129629629629631, "precision@100": 0.1925925925925926}}