{"run.bm25-1000--monot5-3b-msmarco.dl20-passage.txt": {"judge@10": 0.9888888888888888, "judge@20": 0.9351851851851852, "judge@100": 0.5874074074074074, "ndcg@3": 0.8728263734841247, "ndcg@5": 0.8558397232293294, "ndcg@10": 0.8229541957994638, "ndcg@20": 0.7955194431402363, "ndcg@100": 0.7307780231448364, "ndcg@1000": 0.7636881850879094, "mrr@5": 0.9320987654320988, "mrr@10": 0.9370590828924162, "mrr@20": 0.9370590828924162, "mrr@100": 0.9370590828924162, "map@10": 0.37252250433353296, "map@100": 0.5700246447134251, "map@1000": 0.5831060483055471, "recall@5": 0.26779233960598225, "recall@20": 0.564294981124096, "recall@100": 0.7382522859858321, "recall@1000": 0.7873743188923759, "precision@1": 0.9259259259259259, "precision@3": 0.8333333333333334, "precision@5": 0.7703703703703705, "precision@10": 0.6722222222222222, "precision@100": 0.1907407407407407}, "run.bm25-1000--monot5-base-msmarco.dl20-passage.txt": {"judge@10": 0.9870370370370369, "judge@20": 0.9175925925925926, "judge@100": 0.5688888888888888, "ndcg@3": 0.8356265456091804, "ndcg@5": 0.8189359439735665, "ndcg@10": 0.7903575680531398, "ndcg@20": 0.7618591592167717, "ndcg@100": 0.7047405555561292, "ndcg@1000": 0.7446531095934597, "mrr@5": 0.9111111111111112, "mrr@10": 0.9154835390946502, "mrr@20": 0.9154835390946502, "mrr@100": 0.9154835390946502, "map@10": 0.35172578939055155, "map@100": 0.5446665527290807, "map@1000": 0.5564490006732338, "recall@5": 0.26739945481729616, "recall@20": 0.5376827460726112, "recall@100": 0.7396903265104933, "recall@1000": 0.7873743188923759, "precision@1": 0.8888888888888888, "precision@3": 0.8271604938271605, "precision@5": 0.7592592592592594, "precision@10": 0.648148148148148, "precision@100": 0.1918518518518518}, "run.bm25-1000--monot5-large-msmarco.dl20-passage.txt": {"judge@10": 0.9759259259259259, "judge@20": 0.9092592592592595, "judge@100": 0.5744444444444444, "ndcg@3": 0.8558780099254389, "ndcg@5": 0.8317055223767291, "ndcg@10": 0.811381023560475, "ndcg@20": 0.7686420320217413, "ndcg@100": 0.7186456196514144, "ndcg@1000": 0.7532723945453952, "mrr@5": 0.8935185185185185, "mrr@10": 0.9003086419753087, "mrr@20": 0.9003086419753087, "mrr@100": 0.9003086419753087, "map@10": 0.3688299049576856, "map@100": 0.5658826304864791, "map@1000": 0.5765322474050847, "recall@5": 0.2841521908272788, "recall@20": 0.5374922777256976, "recall@100": 0.749189517743991, "recall@1000": 0.7873743188923759, "precision@1": 0.8703703703703703, "precision@3": 0.814814814814815, "precision@5": 0.7592592592592593, "precision@10": 0.6592592592592591, "precision@100": 0.19592592592592592}, "run.bm25-1000--rank1-14b.dl20-passage.txt": {"judge@10": 0.8555555555555552, "judge@20": 0.7814814814814816, "judge@100": 0.47481481481481475, "ndcg@3": 0.7879084297552651, "ndcg@5": 0.7910107283445157, "ndcg@10": 0.7715117350545162, "ndcg@20": 0.7483220637177125, "ndcg@100": 0.6966189320871848, "ndcg@1000": 0.7420701388967473, "mrr@5": 0.845679012345679, "mrr@10": 0.8487654320987653, "mrr@20": 0.849740090968161, "mrr@100": 0.849740090968161, "map@10": 0.36308504585405366, "map@100": 0.5696563894222598, "map@1000": 0.5815240365615103, "recall@5": 0.28329680726537015, "recall@20": 0.5650025719816155, "recall@100": 0.7512538271717938, "recall@1000": 0.7873743188923759, "precision@1": 0.7592592592592593, "precision@3": 0.7839506172839505, "precision@5": 0.7592592592592593, "precision@10": 0.6629629629629629, "precision@100": 0.1912962962962963}, "run.bm25-1000--rank1-32b-awq.dl20-passage.txt": {"judge@10": 0.8796296296296295, "judge@20": 0.789814814814815, "judge@100": 0.476111111111111, "ndcg@3": 0.840438551942173, "ndcg@5": 0.8344418658769326, "ndcg@10": 0.8042656235952462, "ndcg@20": 0.7661593900431328, "ndcg@100": 0.7108595916843631, "ndcg@1000": 0.7570092755110612, "mrr@5": 0.9012345679012346, "mrr@10": 0.8987654320987654, "mrr@20": 0.9003086419753085, "mrr@100": 0.9003086419753085, "map@10": 0.38135013181817995, "map@100": 0.5890335981594246, "map@1000": 0.6006541841682497, "recall@5": 0.28698489564354057, "recall@20": 0.5651861491212914, "recall@100": 0.7507859435336734, "recall@1000": 0.7873743188923759, "precision@1": 0.8703703703703703, "precision@3": 0.8209876543209877, "precision@5": 0.7777777777777778, "precision@10": 0.672222222222222, "precision@100": 0.19166666666666668}, "run.bm25-1000--rank1-7b.dl20-passage.txt": {"judge@10": 0.824074074074074, "judge@20": 0.7703703703703703, "judge@100": 0.48314814814814827, "ndcg@3": 0.8202653164395438, "ndcg@5": 0.8061302003479461, "ndcg@10": 0.7665663544665037, "ndcg@20": 0.7433269010578094, "ndcg@100": 0.7002862487722138, "ndcg@1000": 0.7446835969599248, "mrr@5": 0.9080246913580247, "mrr@10": 0.9063786008230452, "mrr@20": 0.9063786008230452, "mrr@100": 0.9068791013235459, "map@10": 0.36460640437206715, "map@100": 0.5757949001105933, "map@1000": 0.5873855297167504, "recall@5": 0.28186498496020446, "recall@20": 0.5270552902295466, "recall@100": 0.7514762084668506, "recall@1000": 0.7873743188923759, "precision@1": 0.8703703703703703, "precision@3": 0.7962962962962963, "precision@5": 0.7518518518518519, "precision@10": 0.6351851851851853, "precision@100": 0.19444444444444445}, "run.bm25-1000--rankllama-v1-13b-lora-passage.dl20-passage.txt": {"judge@10": 0.9777777777777776, "judge@20": 0.9287037037037038, "judge@100": 0.5918518518518517, "ndcg@3": 0.8844135025217237, "ndcg@5": 0.8638083242043554, "ndcg@10": 0.8321842041595319, "ndcg@20": 0.7995670288422981, "ndcg@100": 0.7395663062801967, "ndcg@1000": 0.7684441705478838, "mrr@5": 0.9259259259259259, "mrr@10": 0.9308862433862433, "mrr@20": 0.9308862433862433, "mrr@100": 0.9308862433862433, "map@10": 0.3868903500224367, "map@100": 0.5845539443120896, "map@1000": 0.5968339522225778, "recall@5": 0.284604662184532, "recall@20": 0.5568355736112597, "recall@100": 0.7460255259080019, "recall@1000": 0.7873743188923756, "precision@1": 0.9074074074074074, "precision@3": 0.8580246913580247, "precision@5": 0.7962962962962963, "precision@10": 0.6759259259259258, "precision@100": 0.19592592592592586}, "run.bm25-1000--rankllama-v1-7b-lora-passage.dl20-passage.txt": {"judge@10": 0.9851851851851849, "judge@20": 0.9287037037037037, "judge@100": 0.5864814814814816, "ndcg@3": 0.8732060616646182, "ndcg@5": 0.8595694931196204, "ndcg@10": 0.8281340667411862, "ndcg@20": 0.7989179341975527, "ndcg@100": 0.7387448745488716, "ndcg@1000": 0.7651507918857227, "mrr@5": 0.9305555555555556, "mrr@10": 0.9332010582010581, "mrr@20": 0.9332010582010581, "mrr@100": 0.9332010582010581, "map@10": 0.3821930106818954, "map@100": 0.584130667187947, "map@1000": 0.5947197143366013, "recall@5": 0.3022940162651092, "recall@20": 0.5593514632703749, "recall@100": 0.7525510234571484, "recall@1000": 0.7873743188923756, "precision@1": 0.9074074074074074, "precision@3": 0.8395061728395061, "precision@5": 0.7962962962962963, "precision@10": 0.6722222222222222, "precision@100": 0.19888888888888887}, "run.bm25-1000.dl20-passage.txt": {"judge@10": 0.9944444444444445, "judge@20": 0.9138888888888891, "judge@100": 0.5294444444444444, "ndcg@3": 0.5613738904298607, "ndcg@5": 0.5680236303549245, "ndcg@10": 0.5445461246204601, "ndcg@20": 0.5320495517381021, "ndcg@100": 0.5353299830782822, "ndcg@1000": 0.6344483413423282, "mrr@5": 0.6555555555555556, "mrr@10": 0.6605158730158732, "mrr@20": 0.6629691810247367, "mrr@100": 0.6636490879848368, "map@10": 0.17576209069909315, "map@100": 0.28386400492965297, "map@1000": 0.3053839389247623, "recall@5": 0.17475273172866906, "recall@20": 0.3541952549636164, "recall@100": 0.5713399471923931, "recall@1000": 0.7873743188923756, "precision@1": 0.5555555555555556, "precision@3": 0.44444444444444436, "precision@5": 0.44814814814814813, "precision@10": 0.3796296296296297, "precision@100": 0.13574074074074075}}