{"run.bm25-1000--monot5-3b-msmarco.dl19-passage.txt": {"judge@10": 0.9651162790697673, "judge@20": 0.8930232558139535, "judge@100": 0.5579069767441859, "ndcg@3": 0.9767441860465116, "ndcg@5": 0.9831924052873267, "ndcg@10": 0.9614790525991916, "ndcg@20": 0.9209732341843062, "ndcg@100": 0.8941883531180871, "ndcg@1000": 0.8897213825269218, "mrr@5": 0.9883720930232558, "mrr@10": 0.9883720930232558, "mrr@20": 0.9883720930232558, "mrr@100": 0.9883720930232558, "map@10": 0.4384579704197985, "map@100": 0.827079621524801, "map@1000": 0.8323424922941784, "recall@5": 0.2531821607167549, "recall@20": 0.6486804513031296, "recall@100": 0.8551644332390571, "recall@1000": 0.860443133866595, "precision@1": 0.9767441860465116, "precision@3": 0.9767441860465116, "precision@5": 0.9767441860465116, "precision@10": 0.9232558139534884, "precision@100": 0.27534883720930237}, "run.bm25-1000--monot5-base-msmarco.dl19-passage.txt": {"judge@10": 0.9488372093023255, "judge@20": 0.8883720930232557, "judge@100": 0.546046511627907, "ndcg@3": 0.971287456674154, "ndcg@5": 0.9507501816306063, "ndcg@10": 0.9154975016043524, "ndcg@20": 0.8704959640758436, "ndcg@100": 0.8626596566452939, "ndcg@1000": 0.8662925356218092, "mrr@5": 0.9844961240310076, "mrr@10": 0.9844961240310076, "mrr@20": 0.9844961240310076, "mrr@100": 0.9844961240310076, "map@10": 0.39497328739871107, "map@100": 0.7466616268678143, "map@1000": 0.7568498805661217, "recall@5": 0.24014506215640055, "recall@20": 0.6029083611915498, "recall@100": 0.8421511870950465, "recall@1000": 0.860443133866595, "precision@1": 0.9767441860465116, "precision@3": 0.9689922480620154, "precision@5": 0.9302325581395349, "precision@10": 0.8651162790697675, "precision@100": 0.26627906976744187}, "run.bm25-1000--monot5-large-msmarco.dl19-passage.txt": {"judge@10": 0.9488372093023257, "judge@20": 0.8965116279069768, "judge@100": 0.5511627906976744, "ndcg@3": 0.9603739979294388, "ndcg@5": 0.9421714200042262, "ndcg@10": 0.9062319028006812, "ndcg@20": 0.8746936256248622, "ndcg@100": 0.8614743881914058, "ndcg@1000": 0.8644259716382587, "mrr@5": 0.9728682170542634, "mrr@10": 0.9728682170542634, "mrr@20": 0.9728682170542634, "mrr@100": 0.9728682170542634, "map@10": 0.3861649159772749, "map@100": 0.7441226537177689, "map@1000": 0.7539369445590777, "recall@5": 0.23828775298889987, "recall@20": 0.6108680328253134, "recall@100": 0.8441191482088968, "recall@1000": 0.860443133866595, "precision@1": 0.9534883720930233, "precision@3": 0.9612403100775193, "precision@5": 0.9255813953488371, "precision@10": 0.8581395348837209, "precision@100": 0.26651162790697674}, "run.bm25-1000--rank1-14b.dl19-passage.txt": {"judge@10": 0.8093023255813951, "judge@20": 0.7348837209302325, "judge@100": 0.48209302325581405, "ndcg@3": 0.6238791438358862, "ndcg@5": 0.5920635436749987, "ndcg@10": 0.5785833802844451, "ndcg@20": 0.5556977323437436, "ndcg@100": 0.6355954710414463, "ndcg@1000": 0.7015603031016994, "mrr@5": 0.732170542635659, "mrr@10": 0.7294573643410853, "mrr@20": 0.7306813545491636, "mrr@100": 0.7319767441860465, "map@10": 0.21500876902751057, "map@100": 0.4221292805852308, "map@1000": 0.45396270396797955, "recall@5": 0.15583991561163024, "recall@20": 0.3798769258919012, "recall@100": 0.7071419533830565, "recall@1000": 0.860443133866595, "precision@1": 0.6046511627906976, "precision@3": 0.627906976744186, "precision@5": 0.572093023255814, "precision@10": 0.5372093023255814, "precision@100": 0.21465116279069768}, "run.bm25-1000--rank1-32b-awq.dl19-passage.txt": {"judge@10": 0.8302325581395347, "judge@20": 0.7744186046511625, "judge@100": 0.48232558139534903, "ndcg@3": 0.6839031669318202, "ndcg@5": 0.6850159457057899, "ndcg@10": 0.6532584198193603, "ndcg@20": 0.6215145104287271, "ndcg@100": 0.6798786454778025, "ndcg@1000": 0.7333064205873491, "mrr@5": 0.8449612403100774, "mrr@10": 0.844407530454042, "mrr@20": 0.844407530454042, "mrr@100": 0.8465507133085793, "map@10": 0.23704859135485187, "map@100": 0.46824327798269305, "map@1000": 0.49492709858823, "recall@5": 0.17334332432862729, "recall@20": 0.41551233435361573, "recall@100": 0.7316512078486382, "recall@1000": 0.860443133866595, "precision@1": 0.7674418604651163, "precision@3": 0.6589147286821706, "precision@5": 0.6604651162790698, "precision@10": 0.6023255813953489, "precision@100": 0.22534883720930232}, "run.bm25-1000--rank1-7b.dl19-passage.txt": {"judge@10": 0.8465116279069768, "judge@20": 0.7860465116279067, "judge@100": 0.49139534883720937, "ndcg@3": 0.727815858394555, "ndcg@5": 0.6977538144758773, "ndcg@10": 0.6581838920738003, "ndcg@20": 0.6221616550924705, "ndcg@100": 0.6702829821725397, "ndcg@1000": 0.7307242906996773, "mrr@5": 0.8275193798449612, "mrr@10": 0.8275193798449612, "mrr@20": 0.8275193798449612, "mrr@100": 0.8292842029356788, "map@10": 0.24067286145786318, "map@100": 0.4617481456413359, "map@1000": 0.49026123598287796, "recall@5": 0.17305150298442476, "recall@20": 0.41356959132280147, "recall@100": 0.7155873594097103, "recall@1000": 0.860443133866595, "precision@1": 0.7209302325581395, "precision@3": 0.7286821705426356, "precision@5": 0.6744186046511628, "precision@10": 0.6046511627906976, "precision@100": 0.2204651162790698}, "run.bm25-1000--rankllama-v1-13b-lora-passage.dl19-passage.txt": {"judge@10": 0.9767441860465115, "judge@20": 0.9116279069767441, "judge@100": 0.5765116279069766, "ndcg@3": 0.987657644791227, "ndcg@5": 0.9815803518084018, "ndcg@10": 0.9348452815946171, "ndcg@20": 0.8887104042059258, "ndcg@100": 0.8705796710117464, "ndcg@1000": 0.8734061671764567, "mrr@5": 1.0, "mrr@10": 1.0, "mrr@20": 1.0, "mrr@100": 1.0, "map@10": 0.40471432100916904, "map@100": 0.7596338662963693, "map@1000": 0.7697264755563894, "recall@5": 0.2499192276365461, "recall@20": 0.609315799975371, "recall@100": 0.8440609368912468, "recall@1000": 0.8604431338665948, "precision@1": 1.0, "precision@3": 0.9844961240310076, "precision@5": 0.9674418604651163, "precision@10": 0.8813953488372093, "precision@100": 0.2672093023255814}, "run.bm25-1000--rankllama-v1-7b-lora-passage.dl19-passage.txt": {"judge@10": 0.9581395348837206, "judge@20": 0.9069767441860465, "judge@100": 0.5697674418604651, "ndcg@3": 0.987657644791227, "ndcg@5": 0.9720808516952066, "ndcg@10": 0.9357044823459512, "ndcg@20": 0.8841569443694347, "ndcg@100": 0.8689140955284743, "ndcg@1000": 0.8716454387001389, "mrr@5": 1.0, "mrr@10": 1.0, "mrr@20": 1.0, "mrr@100": 1.0, "map@10": 0.4077002943138436, "map@100": 0.755871058903513, "map@1000": 0.7655807284351719, "recall@5": 0.24452055654020058, "recall@20": 0.6065334813290414, "recall@100": 0.8443338974675261, "recall@1000": 0.8604431338665948, "precision@1": 1.0, "precision@3": 0.9844961240310078, "precision@5": 0.9534883720930233, "precision@10": 0.886046511627907, "precision@100": 0.2669767441860465}, "run.bm25-1000.dl19-passage.txt": {"judge@10": 1.0, "judge@20": 0.9139534883720931, "judge@100": 0.5248837209302326, "ndcg@3": 0.5403404503025903, "ndcg@5": 0.5565067238021366, "ndcg@10": 0.5159160877547607, "ndcg@20": 0.4834921937954455, "ndcg@100": 0.5425871904989386, "ndcg@1000": 0.6493984120859764, "mrr@5": 0.710077519379845, "mrr@10": 0.7194444444444446, "mrr@20": 0.7206684346525227, "mrr@100": 0.7206684346525227, "map@10": 0.16997553088334597, "map@100": 0.318880209487924, "map@1000": 0.35294018917733594, "recall@5": 0.14605725487352172, "recall@20": 0.331049864301063, "recall@100": 0.6003258296132965, "recall@1000": 0.8604431338665948, "precision@1": 0.5813953488372093, "precision@3": 0.5271317829457364, "precision@5": 0.5441860465116279, "precision@10": 0.47441860465116276, "precision@100": 0.17651162790697675}}