{"run.bm25-1000--monot5-3b-msmarco.dl20-passage.txt": {"judge@10": 0.9888888888888888, "judge@20": 0.9351851851851852, "judge@100": 0.5874074074074074, "ndcg@3": 0.9956548266109003, "ndcg@5": 0.984160517872977, "ndcg@10": 0.9406365539757369, "ndcg@20": 0.8855896928283684, "ndcg@100": 0.8366714033580941, "ndcg@1000": 0.8534749474290637, "mrr@5": 1.0, "mrr@10": 1.0, "mrr@20": 1.0, "mrr@100": 1.0, "map@10": 0.342170565411346, "map@100": 0.7184777690193899, "map@1000": 0.7312392777691225, "recall@5": 0.21277768893179855, "recall@20": 0.5116350091247308, "recall@100": 0.805316321955876, "recall@1000": 0.8354995293830646, "precision@1": 1.0, "precision@3": 0.9938271604938271, "precision@5": 0.9740740740740741, "precision@10": 0.8907407407407407, "precision@100": 0.31111111111111106}, "run.bm25-1000--monot5-base-msmarco.dl20-passage.txt": {"judge@10": 0.9870370370370369, "judge@20": 0.9175925925925926, "judge@100": 0.5688888888888888, "ndcg@3": 1.0, "ndcg@5": 0.9975702763423641, "ndcg@10": 0.9816852874002683, "ndcg@20": 0.9377493655903011, "ndcg@100": 0.8661919569903008, "ndcg@1000": 0.8748878749562583, "mrr@5": 1.0, "mrr@10": 1.0, "mrr@20": 1.0, "mrr@100": 1.0, "map@10": 0.3771694172898448, "map@100": 0.7914953931898859, "map@1000": 0.8004445088274041, "recall@5": 0.21878965327709624, "recall@20": 0.5603230638609334, "recall@100": 0.8211022031338778, "recall@1000": 0.8354995293830646, "precision@1": 1.0, "precision@3": 1.0, "precision@5": 0.9925925925925926, "precision@10": 0.9481481481481482, "precision@100": 0.3196296296296296}, "run.bm25-1000--monot5-large-msmarco.dl20-passage.txt": {"judge@10": 0.9759259259259259, "judge@20": 0.9092592592592595, "judge@100": 0.5744444444444444, "ndcg@3": 0.9901718282596806, "ndcg@5": 0.9799225634828863, "ndcg@10": 0.9478373020399827, "ndcg@20": 0.8901936096840161, "ndcg@100": 0.8397826075613076, "ndcg@1000": 0.8549637767864555, "mrr@5": 1.0, "mrr@10": 1.0, "mrr@20": 1.0, "mrr@100": 1.0, "map@10": 0.3488794066752179, "map@100": 0.7262985793175647, "map@1000": 0.738774610193417, "recall@5": 0.2111056059425113, "recall@20": 0.5154240113531231, "recall@100": 0.8093316510232685, "recall@1000": 0.8354995293830646, "precision@1": 1.0, "precision@3": 0.9876543209876544, "precision@5": 0.9703703703703703, "precision@10": 0.9055555555555556, "precision@100": 0.31222222222222223}, "run.bm25-1000--rank1-14b.dl20-passage.txt": {"judge@10": 0.8555555555555552, "judge@20": 0.7814814814814816, "judge@100": 0.47481481481481475, "ndcg@3": 0.7537762609080395, "ndcg@5": 0.7403097052548705, "ndcg@10": 0.695352038767372, "ndcg@20": 0.6583746487032655, "ndcg@100": 0.6517446078659064, "ndcg@1000": 0.7354352644925632, "mrr@5": 0.8447530864197531, "mrr@10": 0.8441358024691359, "mrr@20": 0.8441358024691359, "mrr@100": 0.8441358024691359, "map@10": 0.21262761373071618, "map@100": 0.44982993161210594, "map@1000": 0.48112987992836226, "recall@5": 0.15669271398907303, "recall@20": 0.3861823257257531, "recall@100": 0.6592893477823232, "recall@1000": 0.8354995293830646, "precision@1": 0.7407407407407407, "precision@3": 0.7592592592592591, "precision@5": 0.7333333333333334, "precision@10": 0.6537037037037037, "precision@100": 0.24296296296296305}, "run.bm25-1000--rank1-32b-awq.dl20-passage.txt": {"judge@10": 0.8796296296296295, "judge@20": 0.789814814814815, "judge@100": 0.476111111111111, "ndcg@3": 0.7995036447232757, "ndcg@5": 0.795634117006778, "ndcg@10": 0.7424652194894458, "ndcg@20": 0.6845733949217241, "ndcg@100": 0.6627740453204185, "ndcg@1000": 0.7443964406235016, "mrr@5": 0.9018518518518519, "mrr@10": 0.8998677248677248, "mrr@20": 0.8998677248677248, "mrr@100": 0.8998677248677248, "map@10": 0.23069663103885962, "map@100": 0.4651098573412503, "map@1000": 0.49533815134536224, "recall@5": 0.16415058223489673, "recall@20": 0.39196551348085545, "recall@100": 0.6615021094358396, "recall@1000": 0.8354995293830646, "precision@1": 0.8518518518518519, "precision@3": 0.7839506172839507, "precision@5": 0.7814814814814814, "precision@10": 0.6925925925925925, "precision@100": 0.2453703703703704}, "run.bm25-1000--rank1-7b.dl20-passage.txt": {"judge@10": 0.824074074074074, "judge@20": 0.7703703703703703, "judge@100": 0.48314814814814827, "ndcg@3": 0.7906071714856957, "ndcg@5": 0.7584724745464727, "ndcg@10": 0.700823222123036, "ndcg@20": 0.6700728154085555, "ndcg@100": 0.6566711601364389, "ndcg@1000": 0.7366104817387331, "mrr@5": 0.9064814814814816, "mrr@10": 0.9048353909465021, "mrr@20": 0.9048353909465021, "mrr@100": 0.9048353909465021, "map@10": 0.21096807040193943, "map@100": 0.45389136136503355, "map@1000": 0.4848975243251384, "recall@5": 0.15411026178940368, "recall@20": 0.390383508167794, "recall@100": 0.6687682661018777, "recall@1000": 0.8354995293830646, "precision@1": 0.8518518518518519, "precision@3": 0.7777777777777778, "precision@5": 0.7333333333333334, "precision@10": 0.6462962962962963, "precision@100": 0.24851851851851856}, "run.bm25-1000--rankllama-v1-13b-lora-passage.dl20-passage.txt": {"judge@10": 0.9777777777777776, "judge@20": 0.9287037037037038, "judge@100": 0.5918518518518517, "ndcg@3": 0.9858266548705812, "ndcg@5": 0.9670632965812905, "ndcg@10": 0.9298556714414327, "ndcg@20": 0.8749639089503715, "ndcg@100": 0.8231989645001455, "ndcg@1000": 0.8450777753640841, "mrr@5": 0.9907407407407407, "mrr@10": 0.9907407407407407, "mrr@20": 0.9907407407407407, "mrr@100": 0.9907407407407407, "map@10": 0.3357528542648533, "map@100": 0.6999677361948836, "map@1000": 0.7148780197671759, "recall@5": 0.20743603775681405, "recall@20": 0.5044093031239647, "recall@100": 0.7943949494257935, "recall@1000": 0.8354995293830648, "precision@1": 0.9814814814814815, "precision@3": 0.9876543209876543, "precision@5": 0.9555555555555556, "precision@10": 0.8833333333333333, "precision@100": 0.30722222222222223}, "run.bm25-1000--rankllama-v1-7b-lora-passage.dl20-passage.txt": {"judge@10": 0.9851851851851849, "judge@20": 0.9287037037037037, "judge@100": 0.5864814814814816, "ndcg@3": 0.9869644798327012, "ndcg@5": 0.973020326015601, "ndcg@10": 0.9304173071694519, "ndcg@20": 0.8807274356080905, "ndcg@100": 0.8284486202513969, "ndcg@1000": 0.8480584865543084, "mrr@5": 0.9907407407407407, "mrr@10": 0.9907407407407407, "mrr@20": 0.9907407407407407, "mrr@100": 0.9907407407407407, "map@10": 0.33565252206796314, "map@100": 0.7051298337505549, "map@1000": 0.7190851521692097, "recall@5": 0.20875878907956533, "recall@20": 0.5071390374476186, "recall@100": 0.7995477119566063, "recall@1000": 0.8354995293830648, "precision@1": 0.9814814814814815, "precision@3": 0.9876543209876544, "precision@5": 0.9629629629629629, "precision@10": 0.8833333333333333, "precision@100": 0.30870370370370365}, "run.bm25-1000.dl20-passage.txt": {"judge@10": 0.9944444444444445, "judge@20": 0.9138888888888891, "judge@100": 0.5294444444444444, "ndcg@3": 0.7178770488331229, "ndcg@5": 0.6846380054677236, "ndcg@10": 0.6064793203314757, "ndcg@20": 0.5580251825117813, "ndcg@100": 0.5678551126611029, "ndcg@1000": 0.681492507162608, "mrr@5": 0.8462962962962963, "mrr@10": 0.8462962962962963, "mrr@20": 0.849145299145299, "mrr@100": 0.8499870499870499, "map@10": 0.17855400827567805, "map@100": 0.3569836723126598, "map@1000": 0.3911961184187433, "recall@5": 0.13104291762382067, "recall@20": 0.31027515423670976, "recall@100": 0.5807344732957757, "recall@1000": 0.8354995293830648, "precision@1": 0.7777777777777778, "precision@3": 0.6975308641975309, "precision@5": 0.6555555555555554, "precision@10": 0.5462962962962963, "precision@100": 0.2112962962962963}}