{"run.bm25-1000--monot5-3b-msmarco.dl22-passage.txt": {"judge@10": 0.8407894736842102, "judge@20": 0.7690789473684213, "judge@100": 0.45815789473684193, "ndcg@3": 0.6445903838314925, "ndcg@5": 0.6263893199667195, "ndcg@10": 0.5711873456795594, "ndcg@20": 0.5059884468640816, "ndcg@100": 0.36531199370048373, "ndcg@1000": 0.3659402524591155, "mrr@5": 0.8111842105263158, "mrr@10": 0.8128289473684212, "mrr@20": 0.8128289473684212, "mrr@100": 0.8128289473684212, "map@10": 0.07572925086235206, "map@100": 0.15311922619855112, "map@1000": 0.16959305120594173, "recall@5": 0.0629415438905805, "recall@20": 0.15346429375951087, "recall@100": 0.2740928523015206, "recall@1000": 0.34829265689479555, "precision@1": 0.6973684210526315, "precision@3": 0.6315789473684209, "precision@5": 0.6105263157894738, "precision@10": 0.5328947368421053, "precision@100": 0.2075}, "run.bm25-1000--monot5-base-msmarco.dl22-passage.txt": {"judge@10": 0.8513157894736837, "judge@20": 0.7743421052631579, "judge@100": 0.44986842105263153, "ndcg@3": 0.5722571103109986, "ndcg@5": 0.5787045807852993, "ndcg@10": 0.5378750256898238, "ndcg@20": 0.4760528040008076, "ndcg@100": 0.3440884150287939, "ndcg@1000": 0.3500983654836484, "mrr@5": 0.7008771929824561, "mrr@10": 0.7065789473684211, "mrr@20": 0.707775119617225, "mrr@100": 0.7080884028252449, "map@10": 0.065209078708126, "map@100": 0.13709168451267373, "map@1000": 0.15459169670814757, "recall@5": 0.05902223250863603, "recall@20": 0.14571436154621278, "recall@100": 0.26508414453396306, "recall@1000": 0.34829265689479555, "precision@1": 0.5394736842105263, "precision@3": 0.5745614035087719, "precision@5": 0.5842105263157894, "precision@10": 0.5171052631578948, "precision@100": 0.20065789473684212}, "run.bm25-1000--monot5-large-msmarco.dl22-passage.txt": {"judge@10": 0.8223684210526312, "judge@20": 0.7407894736842104, "judge@100": 0.4511842105263158, "ndcg@3": 0.57490509552931, "ndcg@5": 0.5595106201348488, "ndcg@10": 0.5292136267789009, "ndcg@20": 0.4800097572291783, "ndcg@100": 0.35513587288710935, "ndcg@1000": 0.35642340738676714, "mrr@5": 0.7388157894736842, "mrr@10": 0.7421365914786967, "mrr@20": 0.7427944862155388, "mrr@100": 0.7427631578947368, "map@10": 0.06652252665124346, "map@100": 0.14508338918546076, "map@1000": 0.16199104300697362, "recall@5": 0.05604432352723724, "recall@20": 0.148394144925008, "recall@100": 0.2720947495927049, "recall@1000": 0.34829265689479555, "precision@1": 0.6052631578947368, "precision@3": 0.5701754385964911, "precision@5": 0.55, "precision@10": 0.506578947368421, "precision@100": 0.2073684210526316}, "run.bm25-1000--rank1-14b.dl22-passage.txt": {"judge@10": 0.5710526315789476, "judge@20": 0.49934210526315786, "judge@100": 0.31881578947368416, "ndcg@3": 0.6223168672495508, "ndcg@5": 0.5924411235599325, "ndcg@10": 0.529843816020864, "ndcg@20": 0.46849519320720673, "ndcg@100": 0.36054124421762596, "ndcg@1000": 0.3736520915189406, "mrr@5": 0.7576754385964911, "mrr@10": 0.7675438596491229, "mrr@20": 0.7714442355889725, "mrr@100": 0.7715904344193818, "map@10": 0.09104925102742036, "map@100": 0.16164825233390118, "map@1000": 0.17905392043337834, "recall@5": 0.07443539132477117, "recall@20": 0.16025291715574355, "recall@100": 0.27494848664972465, "recall@1000": 0.34829265689479555, "precision@1": 0.6447368421052632, "precision@3": 0.6140350877192983, "precision@5": 0.5736842105263158, "precision@10": 0.48684210526315796, "precision@100": 0.1923684210526316}, "run.bm25-1000--rank1-32b-awq.dl22-passage.txt": {"judge@10": 0.5723684210526316, "judge@20": 0.4947368421052632, "judge@100": 0.30894736842105264, "ndcg@3": 0.6973684210526314, "ndcg@5": 0.6522531623537869, "ndcg@10": 0.5881712722763814, "ndcg@20": 0.518345063083968, "ndcg@100": 0.39187116072211875, "ndcg@1000": 0.3926898750821283, "mrr@5": 0.8212719298245613, "mrr@10": 0.8152568922305764, "mrr@20": 0.8334586466165415, "mrr@100": 0.8334586466165415, "map@10": 0.10822528869278775, "map@100": 0.18970644997434152, "map@1000": 0.20593279746406967, "recall@5": 0.0805553292687569, "recall@20": 0.1784910070028769, "recall@100": 0.2927050400960421, "recall@1000": 0.34829265689479555, "precision@1": 0.7368421052631579, "precision@3": 0.6842105263157895, "precision@5": 0.6236842105263157, "precision@10": 0.536842105263158, "precision@100": 0.20578947368421055}, "run.bm25-1000--rank1-7b.dl22-passage.txt": {"judge@10": 0.580263157894737, "judge@20": 0.5348684210526317, "judge@100": 0.32736842105263175, "ndcg@3": 0.6237873181324772, "ndcg@5": 0.5750666152617189, "ndcg@10": 0.5267177765906284, "ndcg@20": 0.4772240862962296, "ndcg@100": 0.35322791532179393, "ndcg@1000": 0.3673068195041379, "mrr@5": 0.7745614035087719, "mrr@10": 0.7696271929824562, "mrr@20": 0.7704495614035087, "mrr@100": 0.7704495614035087, "map@10": 0.08143227905527539, "map@100": 0.1533533951656004, "map@1000": 0.17089324935509517, "recall@5": 0.0658204054347925, "recall@20": 0.16102137754629647, "recall@100": 0.26743350625839796, "recall@1000": 0.34829265689479555, "precision@1": 0.631578947368421, "precision@3": 0.6228070175438596, "precision@5": 0.5526315789473685, "precision@10": 0.48684210526315796, "precision@100": 0.19131578947368422}, "run.bm25-1000--rankllama-v1-13b-lora-passage.dl22-passage.txt": {"judge@10": 0.8486842105263153, "judge@20": 0.7953947368421055, "judge@100": 0.47828947368421065, "ndcg@3": 0.6409874857610618, "ndcg@5": 0.6057393063131503, "ndcg@10": 0.5567886334245663, "ndcg@20": 0.5008215739839358, "ndcg@100": 0.37005026368993105, "ndcg@1000": 0.3677305925442462, "mrr@5": 0.7723684210526316, "mrr@10": 0.7723684210526316, "mrr@20": 0.7735645933014353, "mrr@100": 0.7738176297386823, "map@10": 0.07579178314043415, "map@100": 0.15724870503100868, "map@1000": 0.1735758132324869, "recall@5": 0.06175057639222724, "recall@20": 0.15369581747609598, "recall@100": 0.27919034432408996, "recall@1000": 0.34829265689479555, "precision@1": 0.631578947368421, "precision@3": 0.6403508771929823, "precision@5": 0.5894736842105263, "precision@10": 0.5210526315789473, "precision@100": 0.2113157894736842}, "run.bm25-1000--rankllama-v1-7b-lora-passage.dl22-passage.txt": {"judge@10": 0.851315789473684, "judge@20": 0.7776315789473683, "judge@100": 0.46631578947368435, "ndcg@3": 0.6510580204582807, "ndcg@5": 0.6351031261351082, "ndcg@10": 0.5788648770904731, "ndcg@20": 0.5117517989102434, "ndcg@100": 0.3744729416979219, "ndcg@1000": 0.3702898244758924, "mrr@5": 0.7774122807017544, "mrr@10": 0.7792919799498748, "mrr@20": 0.7792919799498748, "mrr@100": 0.7797305764411028, "map@10": 0.07758711856004122, "map@100": 0.1595288434170571, "map@1000": 0.17598873674664553, "recall@5": 0.06375681560706999, "recall@20": 0.15245519176636732, "recall@100": 0.2800125213255093, "recall@1000": 0.34829265689479555, "precision@1": 0.6447368421052632, "precision@3": 0.6491228070175438, "precision@5": 0.6263157894736842, "precision@10": 0.5421052631578946, "precision@100": 0.21342105263157898}, "run.bm25-1000.dl22-passage.txt": {"judge@10": 0.8881578947368419, "judge@20": 0.7592105263157896, "judge@100": 0.4401315789473685, "ndcg@3": 0.309468295331193, "ndcg@5": 0.28933098269528973, "ndcg@10": 0.2582210005703786, "ndcg@20": 0.24109515650655802, "ndcg@100": 0.19451013256691163, "ndcg@1000": 0.2608366304975414, "mrr@5": 0.4554824561403509, "mrr@10": 0.47650898078529663, "mrr@20": 0.48160600364547734, "mrr@100": 0.484147222448731, "map@10": 0.023281502029321582, "map@100": 0.05268408473590049, "map@1000": 0.07001915966588332, "recall@5": 0.024506926374549463, "recall@20": 0.06598963943990388, "recall@100": 0.15791314616009333, "recall@1000": 0.34829265689479555, "precision@1": 0.3684210526315789, "precision@3": 0.293859649122807, "precision@5": 0.2710526315789474, "precision@10": 0.2328947368421053, "precision@100": 0.12434210526315788}}