{"run.bm25-1000--monot5-3b-msmarco.dl22-passage.txt": {"judge@10": 0.8407894736842102, "judge@20": 0.7690789473684213, "judge@100": 0.45815789473684193, "ndcg@3": 0.6260662235937522, "ndcg@5": 0.6166497516974327, "ndcg@10": 0.5684801394965477, "ndcg@20": 0.5029131002999211, "ndcg@100": 0.36294240317780463, "ndcg@1000": 0.36656213066032967, "mrr@5": 0.7629385964912281, "mrr@10": 0.7664630325814537, "mrr@20": 0.7664630325814537, "mrr@100": 0.7670296665576986, "map@10": 0.07881766817318313, "map@100": 0.15741314038043455, "map@1000": 0.17358705670524466, "recall@5": 0.06185109524035539, "recall@20": 0.15982539933593803, "recall@100": 0.279460161335131, "recall@1000": 0.34993457965207314, "precision@1": 0.6447368421052632, "precision@3": 0.6228070175438597, "precision@5": 0.6105263157894737, "precision@10": 0.5368421052631579, "precision@100": 0.20328947368421055}, "run.bm25-1000--monot5-base-msmarco.dl22-passage.txt": {"judge@10": 0.8513157894736837, "judge@20": 0.7743421052631579, "judge@100": 0.44986842105263153, "ndcg@3": 0.5568203101128816, "ndcg@5": 0.5721741765198101, "ndcg@10": 0.5263040454535387, "ndcg@20": 0.4688911396815068, "ndcg@100": 0.34181829275608405, "ndcg@1000": 0.3504351503397305, "mrr@5": 0.6622807017543859, "mrr@10": 0.6658051378446116, "mrr@20": 0.6679411597174755, "mrr@100": 0.6685458423800142, "map@10": 0.06845472885038047, "map@100": 0.1406419354298161, "map@1000": 0.15829167799451482, "recall@5": 0.06051114746091435, "recall@20": 0.14756028239268068, "recall@100": 0.2707048199401419, "recall@1000": 0.34993457965207314, "precision@1": 0.4868421052631579, "precision@3": 0.5701754385964911, "precision@5": 0.5868421052631579, "precision@10": 0.5078947368421054, "precision@100": 0.19657894736842108}, "run.bm25-1000--monot5-large-msmarco.dl22-passage.txt": {"judge@10": 0.8223684210526312, "judge@20": 0.7407894736842104, "judge@100": 0.4511842105263158, "ndcg@3": 0.5711557391851086, "ndcg@5": 0.5698633857303456, "ndcg@10": 0.5399788486840391, "ndcg@20": 0.48417085290146483, "ndcg@100": 0.3521979911300887, "ndcg@1000": 0.3567339116874515, "mrr@5": 0.7135964912280702, "mrr@10": 0.7201127819548873, "mrr@20": 0.7201127819548873, "mrr@100": 0.7207524018379282, "map@10": 0.0715557160166029, "map@100": 0.14915840337975067, "map@1000": 0.1661276010512762, "recall@5": 0.05548054127436669, "recall@20": 0.15632372820180165, "recall@100": 0.2782107156539981, "recall@1000": 0.34993457965207314, "precision@1": 0.5789473684210527, "precision@3": 0.5701754385964911, "precision@5": 0.5684210526315789, "precision@10": 0.5210526315789474, "precision@100": 0.20105263157894737}, "run.bm25-1000--rank1-14b.dl22-passage.txt": {"judge@10": 0.5710526315789476, "judge@20": 0.49934210526315786, "judge@100": 0.31881578947368416, "ndcg@3": 0.6609820968817286, "ndcg@5": 0.6431307377737887, "ndcg@10": 0.5810058445007886, "ndcg@20": 0.5091717683487791, "ndcg@100": 0.39133795162060325, "ndcg@1000": 0.3970093766607027, "mrr@5": 0.7839912280701754, "mrr@10": 0.7957393483709274, "mrr@20": 0.7986998746867168, "mrr@100": 0.7988460735171262, "map@10": 0.11436965964045565, "map@100": 0.19463507127045498, "map@1000": 0.21055854614801223, "recall@5": 0.0903854251253072, "recall@20": 0.18175567081859004, "recall@100": 0.29490589806190304, "recall@1000": 0.34993457965207314, "precision@1": 0.6842105263157895, "precision@3": 0.6535087719298245, "precision@5": 0.6263157894736843, "precision@10": 0.5315789473684212, "precision@100": 0.20105263157894737}, "run.bm25-1000--rank1-32b-awq.dl22-passage.txt": {"judge@10": 0.5723684210526316, "judge@20": 0.4947368421052632, "judge@100": 0.30894736842105264, "ndcg@3": 0.6717146278835251, "ndcg@5": 0.6270897605256571, "ndcg@10": 0.5590426080004203, "ndcg@20": 0.48587195618046575, "ndcg@100": 0.3655430014963351, "ndcg@1000": 0.3793280376127898, "mrr@5": 0.8151315789473684, "mrr@10": 0.8091165413533834, "mrr@20": 0.8276453194389483, "mrr@100": 0.8276453194389483, "map@10": 0.09537959760293509, "map@100": 0.1666974575370845, "map@1000": 0.18365910065871138, "recall@5": 0.07780944554211126, "recall@20": 0.16020189006532398, "recall@100": 0.2789527299075135, "recall@1000": 0.34993457965207314, "precision@1": 0.7368421052631579, "precision@3": 0.6535087719298245, "precision@5": 0.5947368421052632, "precision@10": 0.5026315789473684, "precision@100": 0.1892105263157895}, "run.bm25-1000--rank1-7b.dl22-passage.txt": {"judge@10": 0.580263157894737, "judge@20": 0.5348684210526317, "judge@100": 0.32736842105263175, "ndcg@3": 0.6377536674476678, "ndcg@5": 0.5950530334724289, "ndcg@10": 0.5403951692006799, "ndcg@20": 0.48659944802781235, "ndcg@100": 0.3618085374859894, "ndcg@1000": 0.37540381856510485, "mrr@5": 0.7921052631578946, "mrr@10": 0.7903665413533834, "mrr@20": 0.7903665413533834, "mrr@100": 0.7903665413533834, "map@10": 0.08799112798676273, "map@100": 0.1620597131908202, "map@1000": 0.1789235293013879, "recall@5": 0.0722245351938365, "recall@20": 0.16570787952954236, "recall@100": 0.2787896374945555, "recall@1000": 0.34993457965207314, "precision@1": 0.6578947368421053, "precision@3": 0.6315789473684209, "precision@5": 0.5710526315789474, "precision@10": 0.49342105263157904, "precision@100": 0.19000000000000003}, "run.bm25-1000--rankllama-v1-13b-lora-passage.dl22-passage.txt": {"judge@10": 0.8486842105263153, "judge@20": 0.7953947368421055, "judge@100": 0.47828947368421065, "ndcg@3": 0.6625990060384256, "ndcg@5": 0.6194365743212419, "ndcg@10": 0.5725912708516097, "ndcg@20": 0.5048735282232419, "ndcg@100": 0.36862988855129164, "ndcg@1000": 0.3692355744144999, "mrr@5": 0.7787280701754387, "mrr@10": 0.7787280701754387, "mrr@20": 0.7796679197994988, "mrr@100": 0.7802331995120136, "map@10": 0.08293575107627826, "map@100": 0.1616550391285637, "map@1000": 0.1777354472360836, "recall@5": 0.061177022639596845, "recall@20": 0.1568537971526495, "recall@100": 0.28362715501322927, "recall@1000": 0.34993457965207314, "precision@1": 0.6578947368421053, "precision@3": 0.6622807017543859, "precision@5": 0.6000000000000001, "precision@10": 0.5355263157894736, "precision@100": 0.2060526315789474}, "run.bm25-1000--rankllama-v1-7b-lora-passage.dl22-passage.txt": {"judge@10": 0.851315789473684, "judge@20": 0.7776315789473683, "judge@100": 0.46631578947368435, "ndcg@3": 0.6697286389697917, "ndcg@5": 0.6497365527416367, "ndcg@10": 0.5923870963254476, "ndcg@20": 0.5108524150463254, "ndcg@100": 0.37032722050341277, "ndcg@1000": 0.3707388675158907, "mrr@5": 0.7706140350877192, "mrr@10": 0.7706140350877192, "mrr@20": 0.7706140350877192, "mrr@100": 0.771469734189759, "map@10": 0.0847665869171617, "map@100": 0.16337376472544957, "map@1000": 0.1799634373557295, "recall@5": 0.06614657035101412, "recall@20": 0.1521061816762836, "recall@100": 0.28254714092219774, "recall@1000": 0.34993457965207314, "precision@1": 0.631578947368421, "precision@3": 0.6754385964912281, "precision@5": 0.644736842105263, "precision@10": 0.5578947368421051, "precision@100": 0.2065789473684211}, "run.bm25-1000.dl22-passage.txt": {"judge@10": 0.8881578947368419, "judge@20": 0.7592105263157896, "judge@100": 0.4401315789473685, "ndcg@3": 0.29564840428977307, "ndcg@5": 0.2902879839199811, "ndcg@10": 0.2642665146606882, "ndcg@20": 0.24138237132922533, "ndcg@100": 0.190065574920947, "ndcg@1000": 0.25748936227497987, "mrr@5": 0.431578947368421, "mrr@10": 0.44951441102756884, "mrr@20": 0.4545435064591411, "mrr@100": 0.4569230256942034, "map@10": 0.021882714586764395, "map@100": 0.051005080796738676, "map@1000": 0.06820658341994901, "recall@5": 0.021790633454166555, "recall@20": 0.06546481779992631, "recall@100": 0.15598342446702645, "recall@1000": 0.34993457965207314, "precision@1": 0.32894736842105265, "precision@3": 0.28508771929824556, "precision@5": 0.28157894736842104, "precision@10": 0.2473684210526316, "precision@100": 0.12355263157894736}}