{"run.bm25-1000--monot5-3b-msmarco.dl20-passage.txt": {"judge@10": 0.9888888888888888, "judge@20": 0.9351851851851852, "judge@100": 0.5874074074074074, "ndcg@3": 0.7911059635981841, "ndcg@5": 0.7883840917567853, "ndcg@10": 0.7557210526767867, "ndcg@20": 0.731459447099729, "ndcg@100": 0.6840798352126242, "ndcg@1000": 0.7168254734912771, "mrr@5": 0.8771604938271603, "mrr@10": 0.8855379188712521, "mrr@20": 0.8855379188712521, "mrr@100": 0.8855379188712521, "map@10": 0.35310214234915915, "map@100": 0.5217826212421239, "map@1000": 0.5316610907666323, "recall@5": 0.2963138507036921, "recall@20": 0.550560200292613, "recall@100": 0.7329163452064078, "recall@1000": 0.786322367361522, "precision@1": 0.8333333333333334, "precision@3": 0.7530864197530863, "precision@5": 0.7111111111111111, "precision@10": 0.5851851851851851, "precision@100": 0.16148148148148153}, "run.bm25-1000--monot5-base-msmarco.dl20-passage.txt": {"judge@10": 0.9870370370370369, "judge@20": 0.9175925925925926, "judge@100": 0.5688888888888888, "ndcg@3": 0.778787336955031, "ndcg@5": 0.7490876007078731, "ndcg@10": 0.7195585947749313, "ndcg@20": 0.6936213683887575, "ndcg@100": 0.6570014557832794, "ndcg@1000": 0.696396688965446, "mrr@5": 0.8765432098765432, "mrr@10": 0.8796296296296297, "mrr@20": 0.8807870370370371, "mrr@100": 0.8816688712522045, "map@10": 0.3164575314598259, "map@100": 0.4777136935431724, "map@1000": 0.4870796039530548, "recall@5": 0.26381508000554665, "recall@20": 0.5206935964769057, "recall@100": 0.7215168900685024, "recall@1000": 0.786322367361522, "precision@1": 0.8148148148148148, "precision@3": 0.7407407407407407, "precision@5": 0.6518518518518518, "precision@10": 0.5574074074074074, "precision@100": 0.15851851851851853}, "run.bm25-1000--monot5-large-msmarco.dl20-passage.txt": {"judge@10": 0.9759259259259259, "judge@20": 0.9092592592592595, "judge@100": 0.5744444444444444, "ndcg@3": 0.738827902353424, "ndcg@5": 0.7190846607342064, "ndcg@10": 0.7121748846249268, "ndcg@20": 0.6858217790476027, "ndcg@100": 0.6544938025324212, "ndcg@1000": 0.6911818772901555, "mrr@5": 0.8225308641975309, "mrr@10": 0.8305776014109347, "mrr@20": 0.8339446047779382, "mrr@100": 0.8339446047779382, "map@10": 0.319096390621864, "map@100": 0.47880655394098554, "map@1000": 0.48955553723047723, "recall@5": 0.25718579022810867, "recall@20": 0.510084695306074, "recall@100": 0.7214079920094006, "recall@1000": 0.786322367361522, "precision@1": 0.7592592592592593, "precision@3": 0.7037037037037037, "precision@5": 0.637037037037037, "precision@10": 0.5592592592592593, "precision@100": 0.16}, "run.bm25-1000--rank1-14b.dl20-passage.txt": {"judge@10": 0.8555555555555552, "judge@20": 0.7814814814814816, "judge@100": 0.47481481481481475, "ndcg@3": 0.6490877863962495, "ndcg@5": 0.6529091083523387, "ndcg@10": 0.6486793165171657, "ndcg@20": 0.6394783013038443, "ndcg@100": 0.6169932781309817, "ndcg@1000": 0.6689957934182789, "mrr@5": 0.7197530864197532, "mrr@10": 0.7362654320987654, "mrr@20": 0.740895061728395, "mrr@100": 0.741533631332482, "map@10": 0.283820559682959, "map@100": 0.4531996890195509, "map@1000": 0.4637790111312677, "recall@5": 0.2427114675590261, "recall@20": 0.4993110493205859, "recall@100": 0.709581163408619, "recall@1000": 0.786322367361522, "precision@1": 0.5925925925925926, "precision@3": 0.6296296296296297, "precision@5": 0.5962962962962963, "precision@10": 0.5277777777777778, "precision@100": 0.155}, "run.bm25-1000--rank1-32b-awq.dl20-passage.txt": {"judge@10": 0.8796296296296295, "judge@20": 0.789814814814815, "judge@100": 0.476111111111111, "ndcg@3": 0.6799097964942952, "ndcg@5": 0.6782780221367269, "ndcg@10": 0.6732232592018461, "ndcg@20": 0.6517100740579822, "ndcg@100": 0.636036369752062, "ndcg@1000": 0.6852858777294598, "mrr@5": 0.7830246913580247, "mrr@10": 0.7743827160493827, "mrr@20": 0.7825837742504409, "mrr@100": 0.7833906525573192, "map@10": 0.2974534476181213, "map@100": 0.4672208365487115, "map@1000": 0.4770319774967181, "recall@5": 0.23857999636039076, "recall@20": 0.5147527104416563, "recall@100": 0.703907186129004, "recall@1000": 0.786322367361522, "precision@1": 0.7037037037037037, "precision@3": 0.6358024691358024, "precision@5": 0.6, "precision@10": 0.5314814814814816, "precision@100": 0.15685185185185185}, "run.bm25-1000--rank1-7b.dl20-passage.txt": {"judge@10": 0.824074074074074, "judge@20": 0.7703703703703703, "judge@100": 0.48314814814814827, "ndcg@3": 0.6755070792547834, "ndcg@5": 0.670524545403317, "ndcg@10": 0.6489018868509128, "ndcg@20": 0.6449045395808499, "ndcg@100": 0.6281138968781941, "ndcg@1000": 0.6744756824527296, "mrr@5": 0.7891975308641975, "mrr@10": 0.7901969429747207, "mrr@20": 0.7929092512425846, "mrr@100": 0.7943757798830262, "map@10": 0.2774104406964288, "map@100": 0.4499599356297383, "map@1000": 0.4598154372830422, "recall@5": 0.23569990560178086, "recall@20": 0.497122427838976, "recall@100": 0.7135094710244454, "recall@1000": 0.786322367361522, "precision@1": 0.7222222222222222, "precision@3": 0.6296296296296297, "precision@5": 0.5925925925925926, "precision@10": 0.5074074074074074, "precision@100": 0.1574074074074074}, "run.bm25-1000--rankllama-v1-13b-lora-passage.dl20-passage.txt": {"judge@10": 0.9777777777777776, "judge@20": 0.9287037037037038, "judge@100": 0.5918518518518517, "ndcg@3": 0.7803229130265089, "ndcg@5": 0.7695602025761283, "ndcg@10": 0.7467953246993339, "ndcg@20": 0.7155901021539199, "ndcg@100": 0.6752120378218145, "ndcg@1000": 0.711485796647137, "mrr@5": 0.8540123456790122, "mrr@10": 0.8608024691358025, "mrr@20": 0.8608024691358025, "mrr@100": 0.8610229276895943, "map@10": 0.3475511540248109, "map@100": 0.5116801626278508, "map@1000": 0.5215763797683057, "recall@5": 0.2833224102627649, "recall@20": 0.5267697732468297, "recall@100": 0.7248940712754345, "recall@1000": 0.786322367361522, "precision@1": 0.7962962962962963, "precision@3": 0.7530864197530863, "precision@5": 0.6925925925925925, "precision@10": 0.5814814814814815, "precision@100": 0.1614814814814815}, "run.bm25-1000--rankllama-v1-7b-lora-passage.dl20-passage.txt": {"judge@10": 0.9851851851851849, "judge@20": 0.9287037037037037, "judge@100": 0.5864814814814816, "ndcg@3": 0.7961208674715683, "ndcg@5": 0.7839371206384077, "ndcg@10": 0.7550308277462799, "ndcg@20": 0.7244381374774714, "ndcg@100": 0.6825656263689494, "ndcg@1000": 0.714970159462952, "mrr@5": 0.8981481481481481, "mrr@10": 0.9057539682539683, "mrr@20": 0.9057539682539683, "mrr@100": 0.9063712522045856, "map@10": 0.35349558208438087, "map@100": 0.5207907455155063, "map@1000": 0.5300457376729921, "recall@5": 0.287210113046089, "recall@20": 0.535636792909611, "recall@100": 0.7328709826191251, "recall@1000": 0.786322367361522, "precision@1": 0.8703703703703703, "precision@3": 0.7530864197530862, "precision@5": 0.7, "precision@10": 0.5851851851851853, "precision@100": 0.1635185185185185}, "run.bm25-1000.dl20-passage.txt": {"judge@10": 0.9944444444444445, "judge@20": 0.9138888888888891, "judge@100": 0.5294444444444444, "ndcg@3": 0.5020787859515364, "ndcg@5": 0.5066541564317737, "ndcg@10": 0.4796366724252675, "ndcg@20": 0.47208894786530803, "ndcg@100": 0.49015235840242505, "ndcg@1000": 0.5829600474511057, "mrr@5": 0.645679012345679, "mrr@10": 0.65326278659612, "mrr@20": 0.6574345407678741, "mrr@100": 0.6583414946983163, "map@10": 0.17863146593683277, "map@100": 0.2685257699334403, "map@1000": 0.2855921881821184, "recall@5": 0.1579621853150973, "recall@20": 0.325491223170627, "recall@100": 0.5598679259552602, "recall@1000": 0.786322367361522, "precision@1": 0.5370370370370371, "precision@3": 0.43827160493827155, "precision@5": 0.42962962962962953, "precision@10": 0.35, "precision@100": 0.11351851851851852}}