{"run.bm25-1000--monot5-3b-msmarco.dl19-passage.txt": {"judge@10": 0.9651162790697673, "judge@20": 0.8930232558139535, "judge@100": 0.5579069767441859, "ndcg@3": 0.9466027462566078, "ndcg@5": 0.9322185704816901, "ndcg@10": 0.9027425995385999, "ndcg@20": 0.8665168128007111, "ndcg@100": 0.8763481736412888, "ndcg@1000": 0.8830882875712875, "mrr@5": 0.9844961240310076, "mrr@10": 0.9844961240310076, "mrr@20": 0.9844961240310076, "mrr@100": 0.9844961240310076, "map@10": 0.394770771483838, "map@100": 0.7565083103262694, "map@1000": 0.7708608622304639, "recall@5": 0.24530485018102804, "recall@20": 0.6172739989877065, "recall@100": 0.8705027331918974, "recall@1000": 0.8965186364474881, "precision@1": 0.9767441860465116, "precision@3": 0.9379844961240309, "precision@5": 0.9162790697674418, "precision@10": 0.8488372093023255, "precision@100": 0.27209302325581397}, "run.bm25-1000--monot5-base-msmarco.dl19-passage.txt": {"judge@10": 0.9488372093023255, "judge@20": 0.8883720930232557, "judge@100": 0.546046511627907, "ndcg@3": 0.9124334735584042, "ndcg@5": 0.9014209673899864, "ndcg@10": 0.8691382061485924, "ndcg@20": 0.8435195145793111, "ndcg@100": 0.85635743510458, "ndcg@1000": 0.8658400489197359, "mrr@5": 0.9542635658914729, "mrr@10": 0.9542635658914729, "mrr@20": 0.9542635658914729, "mrr@100": 0.9542635658914729, "map@10": 0.3624098088302739, "map@100": 0.7253686840314523, "map@1000": 0.7411791101128598, "recall@5": 0.23394977210669662, "recall@20": 0.5968267830765545, "recall@100": 0.8643367278726394, "recall@1000": 0.8965186364474881, "precision@1": 0.9302325581395349, "precision@3": 0.9069767441860467, "precision@5": 0.8883720930232559, "precision@10": 0.8186046511627908, "precision@100": 0.2697674418604651}, "run.bm25-1000--monot5-large-msmarco.dl19-passage.txt": {"judge@10": 0.9488372093023257, "judge@20": 0.8965116279069768, "judge@100": 0.5511627906976744, "ndcg@3": 0.9219180358390616, "ndcg@5": 0.9075321965249218, "ndcg@10": 0.8612374868698494, "ndcg@20": 0.836133713531376, "ndcg@100": 0.858240694421727, "ndcg@1000": 0.867674827797868, "mrr@5": 0.9728682170542634, "mrr@10": 0.9728682170542634, "mrr@20": 0.9728682170542634, "mrr@100": 0.9728682170542634, "map@10": 0.3615717935035176, "map@100": 0.715377488646852, "map@1000": 0.7311425491108766, "recall@5": 0.24053508375577423, "recall@20": 0.5861795122626907, "recall@100": 0.8636208626542582, "recall@1000": 0.8965186364474881, "precision@1": 0.9534883720930233, "precision@3": 0.9147286821705425, "precision@5": 0.8930232558139535, "precision@10": 0.8023255813953488, "precision@100": 0.2704651162790698}, "run.bm25-1000--rank1-14b.dl19-passage.txt": {"judge@10": 0.8093023255813951, "judge@20": 0.7348837209302325, "judge@100": 0.48209302325581405, "ndcg@3": 0.6635051459064476, "ndcg@5": 0.6335987468207073, "ndcg@10": 0.5995332461939871, "ndcg@20": 0.5666824581158156, "ndcg@100": 0.6600833536582194, "ndcg@1000": 0.724512494441856, "mrr@5": 0.760077519379845, "mrr@10": 0.7622369878183832, "mrr@20": 0.7618493909191585, "mrr@100": 0.7628183831672204, "map@10": 0.21574846487194002, "map@100": 0.43987582140221465, "map@1000": 0.4748602041508001, "recall@5": 0.1574530660609452, "recall@20": 0.3873594077145494, "recall@100": 0.7462366826677116, "recall@1000": 0.8965186364474881, "precision@1": 0.6744186046511628, "precision@3": 0.6589147286821705, "precision@5": 0.613953488372093, "precision@10": 0.5488372093023255, "precision@100": 0.22023255813953493}, "run.bm25-1000--rank1-32b-awq.dl19-passage.txt": {"judge@10": 0.8302325581395347, "judge@20": 0.7744186046511625, "judge@100": 0.48232558139534903, "ndcg@3": 0.701702251512951, "ndcg@5": 0.6841247167880986, "ndcg@10": 0.6468158949001765, "ndcg@20": 0.6048799992544305, "ndcg@100": 0.6742794063482553, "ndcg@1000": 0.7370216434760409, "mrr@5": 0.8488372093023255, "mrr@10": 0.8482834994462901, "mrr@20": 0.8482834994462901, "mrr@100": 0.8501682843680107, "map@10": 0.22320114439168756, "map@100": 0.4555924259903745, "map@1000": 0.48730373008945055, "recall@5": 0.1610169893893345, "recall@20": 0.3914907449870887, "recall@100": 0.7427261988225942, "recall@1000": 0.8965186364474881, "precision@1": 0.7674418604651163, "precision@3": 0.6821705426356588, "precision@5": 0.6604651162790698, "precision@10": 0.5953488372093023, "precision@100": 0.2237209302325582}, "run.bm25-1000--rank1-7b.dl19-passage.txt": {"judge@10": 0.8465116279069768, "judge@20": 0.7860465116279067, "judge@100": 0.49139534883720937, "ndcg@3": 0.6827331269516361, "ndcg@5": 0.6582101029183042, "ndcg@10": 0.6365498284630723, "ndcg@20": 0.6039203378256802, "ndcg@100": 0.6652045408051891, "ndcg@1000": 0.7319739998392847, "mrr@5": 0.7856589147286821, "mrr@10": 0.7882428940568476, "mrr@20": 0.7882428940568476, "mrr@100": 0.7899616888171278, "map@10": 0.22166896064926941, "map@100": 0.4541399190106271, "map@1000": 0.48654783266660273, "recall@5": 0.15689675829965646, "recall@20": 0.40218059784474425, "recall@100": 0.7326168961378697, "recall@1000": 0.8965186364474881, "precision@1": 0.6744186046511628, "precision@3": 0.6821705426356589, "precision@5": 0.6418604651162791, "precision@10": 0.5953488372093024, "precision@100": 0.2216279069767442}, "run.bm25-1000--rankllama-v1-13b-lora-passage.dl19-passage.txt": {"judge@10": 0.9767441860465115, "judge@20": 0.9116279069767441, "judge@100": 0.5765116279069766, "ndcg@3": 0.9931143741635845, "ndcg@5": 0.9919722943663518, "ndcg@10": 0.9684239477561022, "ndcg@20": 0.9392716856448537, "ndcg@100": 0.9228726071427482, "ndcg@1000": 0.9211841764630889, "mrr@5": 1.0, "mrr@10": 1.0, "mrr@20": 1.0, "mrr@100": 1.0, "map@10": 0.46697612871634353, "map@100": 0.8689144858875881, "map@1000": 0.8789987829925057, "recall@5": 0.2782041727007336, "recall@20": 0.6717574588331361, "recall@100": 0.8862380852620476, "recall@1000": 0.8965186364474881, "precision@1": 1.0, "precision@3": 0.9922480620155039, "precision@5": 0.9860465116279069, "precision@10": 0.9186046511627907, "precision@100": 0.28023255813953485}, "run.bm25-1000--rankllama-v1-7b-lora-passage.dl19-passage.txt": {"judge@10": 0.9581395348837206, "judge@20": 0.9069767441860465, "judge@100": 0.5697674418604651, "ndcg@3": 0.9822009154188693, "ndcg@5": 0.9650858475056915, "ndcg@10": 0.9426406403774157, "ndcg@20": 0.9114996881257467, "ndcg@100": 0.9062199911254376, "ndcg@1000": 0.9061420402927116, "mrr@5": 1.0, "mrr@10": 1.0, "mrr@20": 1.0, "mrr@100": 1.0, "map@10": 0.4326199759687179, "map@100": 0.8183398239206433, "map@1000": 0.8294139876666505, "recall@5": 0.26067464150841174, "recall@20": 0.6474314015812922, "recall@100": 0.8837880614840723, "recall@1000": 0.8965186364474881, "precision@1": 1.0, "precision@3": 0.9767441860465116, "precision@5": 0.9488372093023257, "precision@10": 0.8906976744186046, "precision@100": 0.2781395348837209}, "run.bm25-1000.dl19-passage.txt": {"judge@10": 1.0, "judge@20": 0.9139534883720931, "judge@100": 0.5248837209302326, "ndcg@3": 0.6537617271419164, "ndcg@5": 0.6448720399344765, "ndcg@10": 0.5948044666602653, "ndcg@20": 0.5578678295997513, "ndcg@100": 0.6147437523930165, "ndcg@1000": 0.7083400487323916, "mrr@5": 0.7848837209302325, "mrr@10": 0.7975729051310446, "mrr@20": 0.7975729051310446, "mrr@100": 0.7975729051310446, "map@10": 0.21098157188650646, "map@100": 0.3955319211893458, "map@1000": 0.43191165846755414, "recall@5": 0.17050564772865062, "recall@20": 0.37753434961107946, "recall@100": 0.6617495229874109, "recall@1000": 0.8965186364474881, "precision@1": 0.6976744186046512, "precision@3": 0.6434108527131783, "precision@5": 0.6279069767441862, "precision@10": 0.541860465116279, "precision@100": 0.19790697674418609}}