{"run.bm25-1000--monot5-3b-msmarco.dl20-passage.txt": {"judge@10": 0.9888888888888888, "judge@20": 0.9351851851851852, "judge@100": 0.5874074074074074, "ndcg@3": 0.903993932521047, "ndcg@5": 0.8874882652684006, "ndcg@10": 0.8225841775920583, "ndcg@20": 0.7665496282084175, "ndcg@100": 0.7137978265790667, "ndcg@1000": 0.7316577048904376, "mrr@5": 0.9691358024691357, "mrr@10": 0.9691358024691357, "mrr@20": 0.9691358024691357, "mrr@100": 0.9691358024691357, "map@10": 0.27946019602817757, "map@100": 0.5205564307475619, "map@1000": 0.5407171176663935, "recall@5": 0.191909426134052, "recall@20": 0.45562199938121817, "recall@100": 0.6800070656886931, "recall@1000": 0.7499485161352001, "precision@1": 0.9629629629629629, "precision@3": 0.8888888888888888, "precision@5": 0.8629629629629628, "precision@10": 0.7611111111111112, "precision@100": 0.257037037037037}, "run.bm25-1000--monot5-base-msmarco.dl20-passage.txt": {"judge@10": 0.9870370370370369, "judge@20": 0.9175925925925926, "judge@100": 0.5688888888888888, "ndcg@3": 0.854127501776092, "ndcg@5": 0.8372535783873579, "ndcg@10": 0.7790143206586644, "ndcg@20": 0.7206455770777137, "ndcg@100": 0.6816978661635109, "ndcg@1000": 0.7068588497641358, "mrr@5": 0.9212962962962963, "mrr@10": 0.9212962962962963, "mrr@20": 0.9212962962962963, "mrr@100": 0.9212962962962963, "map@10": 0.251593633815683, "map@100": 0.48026816079177026, "map@1000": 0.5005014288952846, "recall@5": 0.18278171510830954, "recall@20": 0.4184967114887953, "recall@100": 0.6621134361840477, "recall@1000": 0.7499485161352001, "precision@1": 0.8703703703703703, "precision@3": 0.845679012345679, "precision@5": 0.814814814814815, "precision@10": 0.7259259259259259, "precision@100": 0.2512962962962963}, "run.bm25-1000--monot5-large-msmarco.dl20-passage.txt": {"judge@10": 0.9759259259259259, "judge@20": 0.9092592592592595, "judge@100": 0.5744444444444444, "ndcg@3": 0.838816331684553, "ndcg@5": 0.8218919626420257, "ndcg@10": 0.7774913567511973, "ndcg@20": 0.7261561757342955, "ndcg@100": 0.6951152904501263, "ndcg@1000": 0.7129681932835724, "mrr@5": 0.9074074074074074, "mrr@10": 0.9074074074074074, "mrr@20": 0.9074074074074074, "mrr@100": 0.9074074074074074, "map@10": 0.2609160126264245, "map@100": 0.49760021475216326, "map@1000": 0.5175949826200514, "recall@5": 0.176294486936791, "recall@20": 0.4289791141572953, "recall@100": 0.6782132839720288, "recall@1000": 0.7499485161352001, "precision@1": 0.8518518518518519, "precision@3": 0.8333333333333334, "precision@5": 0.8037037037037036, "precision@10": 0.7277777777777777, "precision@100": 0.25796296296296295}, "run.bm25-1000--rank1-14b.dl20-passage.txt": {"judge@10": 0.8555555555555552, "judge@20": 0.7814814814814816, "judge@100": 0.47481481481481475, "ndcg@3": 0.8573348502030717, "ndcg@5": 0.8561099276634833, "ndcg@10": 0.8262250592778416, "ndcg@20": 0.7781239122258, "ndcg@100": 0.7338018736695532, "ndcg@1000": 0.7486515566074963, "mrr@5": 0.9012345679012346, "mrr@10": 0.9043209876543209, "mrr@20": 0.9043209876543209, "mrr@100": 0.9043209876543209, "map@10": 0.31284073620757863, "map@100": 0.573864774272066, "map@1000": 0.5916868429261396, "recall@5": 0.19809124457513805, "recall@20": 0.4829895923300056, "recall@100": 0.6980426523607328, "recall@1000": 0.7499485161352001, "precision@1": 0.8518518518518519, "precision@3": 0.8580246913580246, "precision@5": 0.8444444444444444, "precision@10": 0.7796296296296296, "precision@100": 0.25870370370370366}, "run.bm25-1000--rank1-32b-awq.dl20-passage.txt": {"judge@10": 0.8796296296296295, "judge@20": 0.789814814814815, "judge@100": 0.476111111111111, "ndcg@3": 0.8758533687215901, "ndcg@5": 0.8668952076789678, "ndcg@10": 0.8270515949929305, "ndcg@20": 0.7723423357857782, "ndcg@100": 0.7335577696754043, "ndcg@1000": 0.7503998348610667, "mrr@5": 0.9197530864197531, "mrr@10": 0.917283950617284, "mrr@20": 0.917283950617284, "mrr@100": 0.917283950617284, "map@10": 0.3213651216144144, "map@100": 0.5781544892365237, "map@1000": 0.5960807704384948, "recall@5": 0.21239607748355344, "recall@20": 0.474879333887641, "recall@100": 0.6928808835487514, "recall@1000": 0.7499485161352001, "precision@1": 0.8888888888888888, "precision@3": 0.8703703703703702, "precision@5": 0.8481481481481481, "precision@10": 0.774074074074074, "precision@100": 0.25925925925925924}, "run.bm25-1000--rank1-7b.dl20-passage.txt": {"judge@10": 0.824074074074074, "judge@20": 0.7703703703703703, "judge@100": 0.48314814814814827, "ndcg@3": 0.9106147558343869, "ndcg@5": 0.8913411488203864, "ndcg@10": 0.8480720806987638, "ndcg@20": 0.8196792857375583, "ndcg@100": 0.7708636422632287, "ndcg@1000": 0.771602475630936, "mrr@5": 0.9543209876543209, "mrr@10": 0.9526748971193415, "mrr@20": 0.9526748971193415, "mrr@100": 0.9526748971193415, "map@10": 0.3363283916329229, "map@100": 0.6381228074431371, "map@1000": 0.6496771763209046, "recall@5": 0.21228831967569925, "recall@20": 0.5149973115538147, "recall@100": 0.7231223399928512, "recall@1000": 0.7499485161352001, "precision@1": 0.9444444444444444, "precision@3": 0.9012345679012346, "precision@5": 0.8629629629629628, "precision@10": 0.7870370370370371, "precision@100": 0.2742592592592592}, "run.bm25-1000--rankllama-v1-13b-lora-passage.dl20-passage.txt": {"judge@10": 0.9777777777777776, "judge@20": 0.9287037037037038, "judge@100": 0.5918518518518517, "ndcg@3": 0.9074074074074074, "ndcg@5": 0.8800518223562649, "ndcg@10": 0.8186276856059277, "ndcg@20": 0.7572643642386008, "ndcg@100": 0.7148883596765475, "ndcg@1000": 0.7307654073187353, "mrr@5": 0.947530864197531, "mrr@10": 0.947530864197531, "mrr@20": 0.947530864197531, "mrr@100": 0.947530864197531, "map@10": 0.27856965149351715, "map@100": 0.523334198214245, "map@1000": 0.5430956052174912, "recall@5": 0.2007373720378521, "recall@20": 0.4451251555927364, "recall@100": 0.6821051325775053, "recall@1000": 0.7499485161352003, "precision@1": 0.9259259259259259, "precision@3": 0.9012345679012346, "precision@5": 0.851851851851852, "precision@10": 0.7555555555555556, "precision@100": 0.25870370370370366}, "run.bm25-1000--rankllama-v1-7b-lora-passage.dl20-passage.txt": {"judge@10": 0.9851851851851849, "judge@20": 0.9287037037037037, "judge@100": 0.5864814814814816, "ndcg@3": 0.8932340622779884, "ndcg@5": 0.8698083692079659, "ndcg@10": 0.8194044972492741, "ndcg@20": 0.7691099367262941, "ndcg@100": 0.718933587470453, "ndcg@1000": 0.7321385295011263, "mrr@5": 0.947530864197531, "mrr@10": 0.947530864197531, "mrr@20": 0.947530864197531, "mrr@100": 0.947530864197531, "map@10": 0.2772006653550711, "map@100": 0.5254527218741162, "map@1000": 0.5443031935531083, "recall@5": 0.1956039319552472, "recall@20": 0.4561481490011791, "recall@100": 0.6861656793521531, "recall@1000": 0.7499485161352003, "precision@1": 0.9259259259259259, "precision@3": 0.882716049382716, "precision@5": 0.8407407407407407, "precision@10": 0.7592592592592594, "precision@100": 0.26203703703703707}, "run.bm25-1000.dl20-passage.txt": {"judge@10": 0.9944444444444445, "judge@20": 0.9138888888888891, "judge@100": 0.5294444444444444, "ndcg@3": 0.6033524628356511, "ndcg@5": 0.5929128238418747, "ndcg@10": 0.5400678802816203, "ndcg@20": 0.5032732065903256, "ndcg@100": 0.511537826315951, "ndcg@1000": 0.5984869919009086, "mrr@5": 0.7737654320987654, "mrr@10": 0.7737654320987654, "mrr@20": 0.7751899335232667, "mrr@100": 0.7751899335232667, "map@10": 0.16909790735890767, "map@100": 0.30218786789732244, "map@1000": 0.3304148939677056, "recall@5": 0.13014681953881252, "recall@20": 0.30159783940508555, "recall@100": 0.5246178186826307, "recall@1000": 0.7499485161352003, "precision@1": 0.6851851851851852, "precision@3": 0.5802469135802469, "precision@5": 0.5666666666666667, "precision@10": 0.48333333333333334, "precision@100": 0.18444444444444447}}