{"run.bm25-1000--monot5-3b-msmarco.dl19-passage.txt": {"judge@10": 0.9651162790697673, "judge@20": 0.8930232558139535, "judge@100": 0.5579069767441859, "ndcg@3": 0.971287456674154, "ndcg@5": 0.9697491818569965, "ndcg@10": 0.9337603293904545, "ndcg@20": 0.8844452876003367, "ndcg@100": 0.8670635784292386, "ndcg@1000": 0.8700529199778103, "mrr@5": 0.9883720930232558, "mrr@10": 0.9883720930232558, "mrr@20": 0.9883720930232558, "mrr@100": 0.9883720930232558, "map@10": 0.33158840015183255, "map@100": 0.7322570682905496, "map@1000": 0.7507692465872675, "recall@5": 0.1989684786263959, "recall@20": 0.5187111181964894, "recall@100": 0.8306096825150693, "recall@1000": 0.8657286483731291, "precision@1": 0.9767441860465116, "precision@3": 0.9689922480620156, "precision@5": 0.9674418604651162, "precision@10": 0.9, "precision@100": 0.33069767441860465}, "run.bm25-1000--monot5-base-msmarco.dl19-passage.txt": {"judge@10": 0.9488372093023255, "judge@20": 0.8883720930232557, "judge@100": 0.546046511627907, "ndcg@3": 0.9767441860465116, "ndcg@5": 0.9580908433161764, "ndcg@10": 0.9489712280704979, "ndcg@20": 0.9188914028624607, "ndcg@100": 0.893914794450474, "ndcg@1000": 0.8856137218609673, "mrr@5": 0.9844961240310076, "mrr@10": 0.9844961240310076, "mrr@20": 0.9844961240310076, "mrr@100": 0.9844961240310076, "map@10": 0.3543201145506494, "map@100": 0.796370718149489, "map@1000": 0.8089679605233951, "recall@5": 0.19889245462080607, "recall@20": 0.5485581692610936, "recall@100": 0.852504296488622, "recall@1000": 0.8657286483731291, "precision@1": 0.9767441860465116, "precision@3": 0.9767441860465116, "precision@5": 0.9488372093023255, "precision@10": 0.9232558139534883, "precision@100": 0.3404651162790697}, "run.bm25-1000--monot5-large-msmarco.dl19-passage.txt": {"judge@10": 0.9488372093023257, "judge@20": 0.8965116279069768, "judge@100": 0.5511627906976744, "ndcg@3": 0.9767441860465116, "ndcg@5": 0.9604508091964464, "ndcg@10": 0.9369184464534389, "ndcg@20": 0.897590664407285, "ndcg@100": 0.8749844957940923, "ndcg@1000": 0.8733787196658257, "mrr@5": 0.9844961240310076, "mrr@10": 0.9844961240310076, "mrr@20": 0.9844961240310076, "mrr@100": 0.9844961240310076, "map@10": 0.3382626035727316, "map@100": 0.7482280888051719, "map@1000": 0.7643563257665444, "recall@5": 0.19941361577676114, "recall@20": 0.5313665218892045, "recall@100": 0.8400262086833384, "recall@1000": 0.8657286483731291, "precision@1": 0.9767441860465116, "precision@3": 0.9767441860465116, "precision@5": 0.9534883720930233, "precision@10": 0.9069767441860463, "precision@100": 0.33441860465116274}, "run.bm25-1000--rank1-14b.dl19-passage.txt": {"judge@10": 0.8093023255813951, "judge@20": 0.7348837209302325, "judge@100": 0.48209302325581405, "ndcg@3": 0.6675329788147473, "ndcg@5": 0.6209077068357542, "ndcg@10": 0.5973897149448311, "ndcg@20": 0.5648590961834891, "ndcg@100": 0.619521380964997, "ndcg@1000": 0.7061770129099799, "mrr@5": 0.77984496124031, "mrr@10": 0.7637873754152824, "mrr@20": 0.7650113656233607, "mrr@100": 0.7663067552602436, "map@10": 0.17396402274160078, "map@100": 0.39199440060884494, "map@1000": 0.43736648445359333, "recall@5": 0.12173888450662348, "recall@20": 0.31441048964948765, "recall@100": 0.653871824483645, "recall@1000": 0.8657286483731291, "precision@1": 0.6744186046511628, "precision@3": 0.6666666666666667, "precision@5": 0.6, "precision@10": 0.5627906976744187, "precision@100": 0.25372093023255815}, "run.bm25-1000--rank1-32b-awq.dl19-passage.txt": {"judge@10": 0.8302325581395347, "judge@20": 0.7744186046511625, "judge@100": 0.48232558139534903, "ndcg@3": 0.74275715004757, "ndcg@5": 0.7278969407055946, "ndcg@10": 0.6692038687488673, "ndcg@20": 0.6373643520299728, "ndcg@100": 0.6550875842268975, "ndcg@1000": 0.7337803623608705, "mrr@5": 0.8837209302325582, "mrr@10": 0.8779992617201919, "mrr@20": 0.8772041911576796, "mrr@100": 0.8785721802137672, "map@10": 0.18713310859052762, "map@100": 0.42767133001421576, "map@1000": 0.46912404826425896, "recall@5": 0.13519352773934595, "recall@20": 0.34558911415423843, "recall@100": 0.6666727790088199, "recall@1000": 0.8657286483731291, "precision@1": 0.813953488372093, "precision@3": 0.7209302325581395, "precision@5": 0.7069767441860466, "precision@10": 0.6232558139534883, "precision@100": 0.2618604651162791}, "run.bm25-1000--rank1-7b.dl19-passage.txt": {"judge@10": 0.8465116279069768, "judge@20": 0.7860465116279067, "judge@100": 0.49139534883720937, "ndcg@3": 0.7688707569291741, "ndcg@5": 0.7240283422156538, "ndcg@10": 0.6816735325579997, "ndcg@20": 0.6479887068737722, "ndcg@100": 0.6528641928311125, "ndcg@1000": 0.7355839271846675, "mrr@5": 0.8837209302325582, "mrr@10": 0.8837209302325582, "mrr@20": 0.8837209302325582, "mrr@100": 0.8854857533232758, "map@10": 0.1956448419920153, "map@100": 0.4299395114865803, "map@1000": 0.4732944350788484, "recall@5": 0.13265690947705894, "recall@20": 0.35528960329826037, "recall@100": 0.6610940095009524, "recall@1000": 0.8657286483731291, "precision@1": 0.813953488372093, "precision@3": 0.751937984496124, "precision@5": 0.6930232558139535, "precision@10": 0.6372093023255815, "precision@100": 0.25837209302325587}, "run.bm25-1000--rankllama-v1-13b-lora-passage.dl19-passage.txt": {"judge@10": 0.9767441860465115, "judge@20": 0.9116279069767441, "judge@100": 0.5765116279069766, "ndcg@3": 0.9807720189548114, "ndcg@5": 0.9640531460615585, "ndcg@10": 0.9331580216280478, "ndcg@20": 0.8903152796565613, "ndcg@100": 0.8613585091726439, "ndcg@1000": 0.8673956081145143, "mrr@5": 1.0, "mrr@10": 1.0, "mrr@20": 1.0, "mrr@100": 1.0, "map@10": 0.3263421071784996, "map@100": 0.7233205175312044, "map@1000": 0.7439485723924916, "recall@5": 0.19673916312758663, "recall@20": 0.5207834183442297, "recall@100": 0.826124637639521, "recall@1000": 0.865728648373129, "precision@1": 1.0, "precision@3": 0.9767441860465115, "precision@5": 0.9534883720930233, "precision@10": 0.8976744186046512, "precision@100": 0.3272093023255814}, "run.bm25-1000--rankllama-v1-7b-lora-passage.dl19-passage.txt": {"judge@10": 0.9581395348837206, "judge@20": 0.9069767441860465, "judge@100": 0.5697674418604651, "ndcg@3": 0.9767441860465115, "ndcg@5": 0.9580908433161763, "ndcg@10": 0.9299055920119828, "ndcg@20": 0.8820157554272777, "ndcg@100": 0.8596430632853842, "ndcg@1000": 0.8644156876337058, "mrr@5": 0.9883720930232558, "mrr@10": 0.9883720930232558, "mrr@20": 0.9883720930232558, "mrr@100": 0.9883720930232558, "map@10": 0.32606542804934, "map@100": 0.7193244182633218, "map@1000": 0.7390414655481423, "recall@5": 0.1947115454091344, "recall@20": 0.5156658356850494, "recall@100": 0.8282381114125068, "recall@1000": 0.865728648373129, "precision@1": 0.9767441860465116, "precision@3": 0.9767441860465115, "precision@5": 0.9488372093023255, "precision@10": 0.8976744186046512, "precision@100": 0.32813953488372094}, "run.bm25-1000.dl19-passage.txt": {"judge@10": 1.0, "judge@20": 0.9139534883720931, "judge@100": 0.5248837209302326, "ndcg@3": 0.6347926025806016, "ndcg@5": 0.630869093121239, "ndcg@10": 0.5919745040128483, "ndcg@20": 0.5404688499484783, "ndcg@100": 0.5784701196433596, "ndcg@1000": 0.6899467743401664, "mrr@5": 0.7740310077519379, "mrr@10": 0.7799372462163159, "mrr@20": 0.7799372462163159, "mrr@100": 0.7799372462163159, "map@10": 0.16765684027334157, "map@100": 0.3497129324343101, "map@1000": 0.3941934808417504, "recall@5": 0.1312091493799432, "recall@20": 0.30787391275776965, "recall@100": 0.5983231665620418, "recall@1000": 0.865728648373129, "precision@1": 0.6511627906976745, "precision@3": 0.627906976744186, "precision@5": 0.6232558139534885, "precision@10": 0.558139534883721, "precision@100": 0.2246511627906977}}