{"run.bm25-1000--monot5-3b-msmarco.dl19-passage.txt": {"judge@10": 0.9651162790697673, "judge@20": 0.8930232558139535, "judge@100": 0.5579069767441859, "ndcg@3": 0.8316457415856525, "ndcg@5": 0.8262717290695977, "ndcg@10": 0.8073107477288404, "ndcg@20": 0.7854773615392475, "ndcg@100": 0.7157441209776454, "ndcg@1000": 0.7443518247691581, "mrr@5": 0.8468992248062016, "mrr@10": 0.8492248062015505, "mrr@20": 0.8492248062015505, "mrr@100": 0.8495771670190275, "map@10": 0.29541615745664346, "map@100": 0.5328129378630169, "map@1000": 0.5595770675448202, "recall@5": 0.25049197264686046, "recall@20": 0.47724684275877244, "recall@100": 0.739153965934782, "recall@1000": 0.803614753222722, "precision@1": 0.7906976744186046, "precision@3": 0.7441860465116279, "precision@5": 0.7023255813953488, "precision@10": 0.6186046511627906, "precision@100": 0.25511627906976747}, "run.bm25-1000--monot5-base-msmarco.dl19-passage.txt": {"judge@10": 0.9488372093023255, "judge@20": 0.8883720930232557, "judge@100": 0.546046511627907, "ndcg@3": 0.8251338597524657, "ndcg@5": 0.8169938968770263, "ndcg@10": 0.795507342335105, "ndcg@20": 0.7718264429064261, "ndcg@100": 0.6989332302645112, "ndcg@1000": 0.7333037066425369, "mrr@5": 0.8507751937984497, "mrr@10": 0.8507751937984497, "mrr@20": 0.8507751937984497, "mrr@100": 0.851421188630491, "map@10": 0.28122737576196255, "map@100": 0.5121376319264352, "map@1000": 0.5413580619522715, "recall@5": 0.2575793448615194, "recall@20": 0.48003793843422066, "recall@100": 0.7234243935978271, "recall@1000": 0.803614753222722, "precision@1": 0.7906976744186046, "precision@3": 0.7519379844961239, "precision@5": 0.7023255813953488, "precision@10": 0.6186046511627907, "precision@100": 0.24953488372093025}, "run.bm25-1000--monot5-large-msmarco.dl19-passage.txt": {"judge@10": 0.9488372093023257, "judge@20": 0.8965116279069768, "judge@100": 0.5511627906976744, "ndcg@3": 0.8371446874211836, "ndcg@5": 0.8305734369935235, "ndcg@10": 0.8102773454802318, "ndcg@20": 0.7844129831634842, "ndcg@100": 0.7088118216973148, "ndcg@1000": 0.7410726732898273, "mrr@5": 0.8488372093023255, "mrr@10": 0.8517441860465116, "mrr@20": 0.8517441860465116, "mrr@100": 0.8525461106655973, "map@10": 0.28691916872045187, "map@100": 0.5229422946103578, "map@1000": 0.5521020070801231, "recall@5": 0.2564385168139458, "recall@20": 0.4755147320736609, "recall@100": 0.7407509529606927, "recall@1000": 0.803614753222722, "precision@1": 0.7906976744186046, "precision@3": 0.7596899224806203, "precision@5": 0.7162790697674418, "precision@10": 0.6302325581395348, "precision@100": 0.2518604651162791}, "run.bm25-1000--rank1-14b.dl19-passage.txt": {"judge@10": 0.8093023255813951, "judge@20": 0.7348837209302325, "judge@100": 0.48209302325581405, "ndcg@3": 0.7179908180416846, "ndcg@5": 0.7031104339217719, "ndcg@10": 0.7022666702707643, "ndcg@20": 0.6813953755044839, "ndcg@100": 0.6726079436170821, "ndcg@1000": 0.7174882861734762, "mrr@5": 0.8089147286821705, "mrr@10": 0.8153746770025841, "mrr@20": 0.817163585768237, "mrr@100": 0.8179941505522901, "map@10": 0.2970516323399194, "map@100": 0.5236130937211588, "map@1000": 0.5552721277691828, "recall@5": 0.23680910454592022, "recall@20": 0.46313392351740357, "recall@100": 0.721643887056288, "recall@1000": 0.803614753222722, "precision@1": 0.7674418604651163, "precision@3": 0.6589147286821705, "precision@5": 0.6186046511627907, "precision@10": 0.5790697674418605, "precision@100": 0.24651162790697673}, "run.bm25-1000--rank1-32b-awq.dl19-passage.txt": {"judge@10": 0.8302325581395347, "judge@20": 0.7744186046511625, "judge@100": 0.48232558139534903, "ndcg@3": 0.7471941794999029, "ndcg@5": 0.7616597552043515, "ndcg@10": 0.7477291335375348, "ndcg@20": 0.7269740836513537, "ndcg@100": 0.6873279581904717, "ndcg@1000": 0.725803342048502, "mrr@5": 0.8449612403100776, "mrr@10": 0.8405315614617941, "mrr@20": 0.8405315614617941, "mrr@100": 0.8405315614617941, "map@10": 0.3104818336222798, "map@100": 0.5528725353858109, "map@1000": 0.5799179784311854, "recall@5": 0.2716306229728047, "recall@20": 0.5094797244537105, "recall@100": 0.7373418944114125, "recall@1000": 0.803614753222722, "precision@1": 0.7674418604651163, "precision@3": 0.6821705426356589, "precision@5": 0.6837209302325581, "precision@10": 0.6209302325581396, "precision@100": 0.25534883720930235}, "run.bm25-1000--rank1-7b.dl19-passage.txt": {"judge@10": 0.8465116279069768, "judge@20": 0.7860465116279067, "judge@100": 0.49139534883720937, "ndcg@3": 0.7822309516966379, "ndcg@5": 0.7676042188415418, "ndcg@10": 0.7485475333574538, "ndcg@20": 0.732373684239751, "ndcg@100": 0.6843662618688221, "ndcg@1000": 0.7250670077558444, "mrr@5": 0.868217054263566, "mrr@10": 0.868217054263566, "mrr@20": 0.868217054263566, "mrr@100": 0.8691115086463924, "map@10": 0.30069716196534696, "map@100": 0.5345988393229927, "map@1000": 0.5628462794736696, "recall@5": 0.24714619139152247, "recall@20": 0.4802231167157083, "recall@100": 0.7316565648285661, "recall@1000": 0.803614753222722, "precision@1": 0.7906976744186046, "precision@3": 0.7441860465116279, "precision@5": 0.6976744186046512, "precision@10": 0.6116279069767442, "precision@100": 0.25209302325581395}, "run.bm25-1000--rankllama-v1-13b-lora-passage.dl19-passage.txt": {"judge@10": 0.9767441860465115, "judge@20": 0.9116279069767441, "judge@100": 0.5765116279069766, "ndcg@3": 0.8618555954339926, "ndcg@5": 0.8455112236674304, "ndcg@10": 0.8413618378285297, "ndcg@20": 0.8064676785547458, "ndcg@100": 0.7368148053640041, "ndcg@1000": 0.7566206749534801, "mrr@5": 0.87984496124031, "mrr@10": 0.87984496124031, "mrr@20": 0.881633870005963, "mrr@100": 0.8827412897180339, "map@10": 0.32275717326695, "map@100": 0.5633129952492559, "map@1000": 0.5911487475252947, "recall@5": 0.2638652219660267, "recall@20": 0.4748681539562315, "recall@100": 0.7486041992541967, "recall@1000": 0.803614753222722, "precision@1": 0.8372093023255814, "precision@3": 0.7984496124031009, "precision@5": 0.7441860465116279, "precision@10": 0.658139534883721, "precision@100": 0.2576744186046511}, "run.bm25-1000--rankllama-v1-7b-lora-passage.dl19-passage.txt": {"judge@10": 0.9581395348837206, "judge@20": 0.9069767441860465, "judge@100": 0.5697674418604651, "ndcg@3": 0.865308617681688, "ndcg@5": 0.8681365397962719, "ndcg@10": 0.8375653620514021, "ndcg@20": 0.8095069348908062, "ndcg@100": 0.7409156881681972, "ndcg@1000": 0.7582819009443124, "mrr@5": 0.87984496124031, "mrr@10": 0.87984496124031, "mrr@20": 0.8830018590620506, "mrr@100": 0.8830018590620506, "map@10": 0.3102167680290513, "map@100": 0.5589721410800755, "map@1000": 0.5845731849379548, "recall@5": 0.2702727044549683, "recall@20": 0.5138109601639477, "recall@100": 0.7527050710030176, "recall@1000": 0.803614753222722, "precision@1": 0.8372093023255814, "precision@3": 0.806201550387597, "precision@5": 0.7674418604651163, "precision@10": 0.655813953488372, "precision@100": 0.2609302325581395}, "run.bm25-1000.dl19-passage.txt": {"judge@10": 1.0, "judge@20": 0.9139534883720931, "judge@100": 0.5248837209302326, "ndcg@3": 0.5816846613168458, "ndcg@5": 0.5834292868041885, "ndcg@10": 0.5626213373788853, "ndcg@20": 0.5432267446664445, "ndcg@100": 0.534752026877043, "ndcg@1000": 0.6372957186030493, "mrr@5": 0.6410852713178293, "mrr@10": 0.6459948320413437, "mrr@20": 0.6500469814423302, "mrr@100": 0.6500469814423302, "map@10": 0.17943524945198633, "map@100": 0.2919193751785213, "map@1000": 0.3312964631201908, "recall@5": 0.2028317422980296, "recall@20": 0.33923486724216484, "recall@100": 0.5662760719188247, "recall@1000": 0.803614753222722, "precision@1": 0.4883720930232558, "precision@3": 0.44186046511627897, "precision@5": 0.4372093023255814, "precision@10": 0.36511627906976746, "precision@100": 0.1744186046511628}}