{"run.bm25-1000--monot5-3b-msmarco.dl23-passage.txt": {"judge@10": 0.8158536585365853, "judge@20": 0.7140243902439021, "judge@100": 0.3647560975609756, "ndcg@3": 0.8050137905952021, "ndcg@5": 0.7781063463322445, "ndcg@10": 0.7395844743975883, "ndcg@20": 0.66246985860656, "ndcg@100": 0.5683075311075014, "ndcg@1000": 0.6030886994803241, "mrr@5": 0.8800813008130081, "mrr@10": 0.8800813008130081, "mrr@20": 0.8800813008130081, "mrr@100": 0.8800813008130081, "map@10": 0.16371558412476475, "map@100": 0.3594583058572417, "map@1000": 0.38346241801221354, "recall@5": 0.10725876449757929, "recall@20": 0.28452937153175395, "recall@100": 0.5055888571231922, "recall@1000": 0.586568986186743, "precision@1": 0.7926829268292683, "precision@3": 0.8048780487804879, "precision@5": 0.7658536585365854, "precision@10": 0.7134146341463414, "precision@100": 0.25475609756097556}, "run.bm25-1000--monot5-base-msmarco.dl23-passage.txt": {"judge@10": 0.767073170731707, "judge@20": 0.6737804878048781, "judge@100": 0.3500000000000001, "ndcg@3": 0.8005179944034103, "ndcg@5": 0.7889264262569392, "ndcg@10": 0.7526719148989903, "ndcg@20": 0.6819397403657816, "ndcg@100": 0.5902283891064584, "ndcg@1000": 0.6147168033971521, "mrr@5": 0.8932926829268293, "mrr@10": 0.8932926829268293, "mrr@20": 0.8932926829268293, "mrr@100": 0.8932926829268293, "map@10": 0.17650651900945144, "map@100": 0.3883012141577138, "map@1000": 0.4105483446189438, "recall@5": 0.11290227963691168, "recall@20": 0.30368377354181464, "recall@100": 0.5281658189335336, "recall@1000": 0.586568986186743, "precision@1": 0.8170731707317073, "precision@3": 0.7967479674796749, "precision@5": 0.7804878048780488, "precision@10": 0.7292682926829268, "precision@100": 0.26463414634146337}, "run.bm25-1000--monot5-large-msmarco.dl23-passage.txt": {"judge@10": 0.7817073170731703, "judge@20": 0.678658536585366, "judge@100": 0.35268292682926844, "ndcg@3": 0.7824642193445162, "ndcg@5": 0.7687531979271408, "ndcg@10": 0.7402315763617242, "ndcg@20": 0.653574876139042, "ndcg@100": 0.5664700684964199, "ndcg@1000": 0.6015556311486925, "mrr@5": 0.9105691056910568, "mrr@10": 0.9105691056910568, "mrr@20": 0.9105691056910568, "mrr@100": 0.9105691056910568, "map@10": 0.1635096099570942, "map@100": 0.35371014458483696, "map@1000": 0.37819104142592663, "recall@5": 0.10510804586093565, "recall@20": 0.2838719675118, "recall@100": 0.5085499617431508, "recall@1000": 0.586568986186743, "precision@1": 0.8536585365853658, "precision@3": 0.7642276422764228, "precision@5": 0.7512195121951218, "precision@10": 0.7158536585365854, "precision@100": 0.2534146341463414}, "run.bm25-1000--rank1-14b.dl23-passage.txt": {"judge@10": 0.5792682926829268, "judge@20": 0.4865853658536585, "judge@100": 0.28024390243902436, "ndcg@3": 0.5710585754261354, "ndcg@5": 0.5419368085681334, "ndcg@10": 0.48763717016156666, "ndcg@20": 0.4194280175739845, "ndcg@100": 0.39321902594901453, "ndcg@1000": 0.4980226529655565, "mrr@5": 0.7402439024390244, "mrr@10": 0.7313008130081301, "mrr@20": 0.7334349593495935, "mrr@100": 0.7357433217189315, "map@10": 0.09267072218121394, "map@100": 0.18398783037225527, "map@1000": 0.2180306729703071, "recall@5": 0.07772070530730898, "recall@20": 0.17262348950750578, "recall@100": 0.36292729383812666, "recall@1000": 0.586568986186743, "precision@1": 0.5853658536585366, "precision@3": 0.565040650406504, "precision@5": 0.5243902439024389, "precision@10": 0.4548780487804879, "precision@100": 0.18182926829268292}, "run.bm25-1000--rank1-32b-awq.dl23-passage.txt": {"judge@10": 0.6085365853658538, "judge@20": 0.5067073170731707, "judge@100": 0.2753658536585367, "ndcg@3": 0.6068946419144954, "ndcg@5": 0.5735116960872193, "ndcg@10": 0.5145755121436354, "ndcg@20": 0.4373469654011626, "ndcg@100": 0.39308534758154556, "ndcg@1000": 0.4994023983140782, "mrr@5": 0.7660569105691056, "mrr@10": 0.7816202090592335, "mrr@20": 0.7811028402491816, "mrr@100": 0.7815383803188681, "map@10": 0.09531521352047609, "map@100": 0.18245138744808118, "map@1000": 0.2153476577106628, "recall@5": 0.07474249914639584, "recall@20": 0.17457280187480934, "recall@100": 0.35430440945267044, "recall@1000": 0.586568986186743, "precision@1": 0.6707317073170732, "precision@3": 0.5853658536585366, "precision@5": 0.5463414634146341, "precision@10": 0.47317073170731705, "precision@100": 0.1797560975609756}, "run.bm25-1000--rank1-7b.dl23-passage.txt": {"judge@10": 0.5573170731707319, "judge@20": 0.46646341463414626, "judge@100": 0.28060975609756106, "ndcg@3": 0.5816193568320435, "ndcg@5": 0.5581134537784779, "ndcg@10": 0.48947130089863194, "ndcg@20": 0.42327897864227787, "ndcg@100": 0.3953671026572791, "ndcg@1000": 0.4974313376706317, "mrr@5": 0.7585365853658537, "mrr@10": 0.7602787456445993, "mrr@20": 0.7617916743077205, "mrr@100": 0.761657955865273, "map@10": 0.08989012187758624, "map@100": 0.18116982416345487, "map@1000": 0.21483051945006693, "recall@5": 0.0755817997165862, "recall@20": 0.17158156149624768, "recall@100": 0.37068631684277986, "recall@1000": 0.586568986186743, "precision@1": 0.6463414634146342, "precision@3": 0.5650406504065041, "precision@5": 0.5365853658536585, "precision@10": 0.44634146341463415, "precision@100": 0.18414634146341463}, "run.bm25-1000--rankllama-v1-13b-lora-passage.dl23-passage.txt": {"judge@10": 0.8219512195121946, "judge@20": 0.7256097560975608, "judge@100": 0.3702439024390244, "ndcg@3": 0.8199346263781874, "ndcg@5": 0.7961965756155236, "ndcg@10": 0.7389170988387954, "ndcg@20": 0.6649516738370754, "ndcg@100": 0.5664382298810662, "ndcg@1000": 0.6029344259634905, "mrr@5": 0.9115853658536586, "mrr@10": 0.9115853658536586, "mrr@20": 0.9115853658536586, "mrr@100": 0.9115853658536586, "map@10": 0.1592209035787782, "map@100": 0.35601585118816864, "map@1000": 0.3808037687101189, "recall@5": 0.10655086009698775, "recall@20": 0.2839114581734163, "recall@100": 0.5024540831860543, "recall@1000": 0.586568986186743, "precision@1": 0.8536585365853658, "precision@3": 0.8089430894308944, "precision@5": 0.7780487804878048, "precision@10": 0.702439024390244, "precision@100": 0.2534146341463414}, "run.bm25-1000--rankllama-v1-7b-lora-passage.dl23-passage.txt": {"judge@10": 0.8158536585365849, "judge@20": 0.7164634146341462, "judge@100": 0.3719512195121952, "ndcg@3": 0.8227960820246677, "ndcg@5": 0.7936456993036959, "ndcg@10": 0.7347186226238419, "ndcg@20": 0.6598961610729569, "ndcg@100": 0.5655454503890687, "ndcg@1000": 0.6014997479702212, "mrr@5": 0.9115853658536586, "mrr@10": 0.9115853658536586, "mrr@20": 0.9115853658536586, "mrr@100": 0.9115853658536586, "map@10": 0.15821818016017689, "map@100": 0.3524989157470726, "map@1000": 0.3770039787630482, "recall@5": 0.10562075982456512, "recall@20": 0.2822471353554391, "recall@100": 0.5022735428372643, "recall@1000": 0.586568986186743, "precision@1": 0.8536585365853658, "precision@3": 0.8130081300813007, "precision@5": 0.773170731707317, "precision@10": 0.6963414634146342, "precision@100": 0.254390243902439}, "run.bm25-1000.dl23-passage.txt": {"judge@10": 0.9036585365853657, "judge@20": 0.7841463414634148, "judge@100": 0.3267073170731707, "ndcg@3": 0.5271159577342049, "ndcg@5": 0.5041093093973095, "ndcg@10": 0.4546057626284299, "ndcg@20": 0.390278120476907, "ndcg@100": 0.34108194939249753, "ndcg@1000": 0.4631723733967795, "mrr@5": 0.7160569105691057, "mrr@10": 0.7208478513356562, "mrr@20": 0.7249083848329677, "mrr@100": 0.7255333848329676, "map@10": 0.07478218376157188, "map@100": 0.14799657914034778, "map@1000": 0.17745522214554305, "recall@5": 0.05767251383266657, "recall@20": 0.1527448636549485, "recall@100": 0.3165282659417588, "recall@1000": 0.586568986186743, "precision@1": 0.6341463414634146, "precision@3": 0.49593495934959353, "precision@5": 0.47560975609756095, "precision@10": 0.41829268292682925, "precision@100": 0.155}}