{"run.bm25-1000--monot5-3b-msmarco.dl21-passage.txt": {"judge@10": 0.9566037735849053, "judge@20": 0.8981132075471701, "judge@100": 0.5626415094339624, "ndcg@3": 0.8373551075235296, "ndcg@5": 0.803850860513046, "ndcg@10": 0.7873529009856279, "ndcg@20": 0.7388333891977398, "ndcg@100": 0.5999858726631923, "ndcg@1000": 0.624803443137126, "mrr@5": 0.9276729559748429, "mrr@10": 0.9303683737646002, "mrr@20": 0.9303683737646002, "mrr@100": 0.9303683737646002, "map@10": 0.17662341283621008, "map@100": 0.38956372297517505, "map@1000": 0.41804284149355775, "recall@5": 0.11834423081475992, "recall@20": 0.30623784127261683, "recall@100": 0.5429626713408019, "recall@1000": 0.6256581927572705, "precision@1": 0.8867924528301887, "precision@3": 0.880503144654088, "precision@5": 0.7849056603773585, "precision@10": 0.7415094339622641, "precision@100": 0.2949056603773585}, "run.bm25-1000--monot5-base-msmarco.dl21-passage.txt": {"judge@10": 0.9547169811320753, "judge@20": 0.8962264150943395, "judge@100": 0.5675471698113208, "ndcg@3": 0.8478127549906949, "ndcg@5": 0.8308571860501461, "ndcg@10": 0.7924353783571417, "ndcg@20": 0.7372377836140389, "ndcg@100": 0.6011584382587242, "ndcg@1000": 0.6275047028186528, "mrr@5": 0.9811320754716981, "mrr@10": 0.9811320754716981, "mrr@20": 0.9811320754716981, "mrr@100": 0.9811320754716981, "map@10": 0.17332041372898116, "map@100": 0.38470493909934855, "map@1000": 0.4133455489660965, "recall@5": 0.12277692053408945, "recall@20": 0.2877071871436012, "recall@100": 0.5314411403030548, "recall@1000": 0.6256581927572705, "precision@1": 0.9622641509433962, "precision@3": 0.8679245283018867, "precision@5": 0.8226415094339623, "precision@10": 0.7245283018867923, "precision@100": 0.2954716981132075}, "run.bm25-1000--monot5-large-msmarco.dl21-passage.txt": {"judge@10": 0.9547169811320753, "judge@20": 0.8933962264150945, "judge@100": 0.5547169811320755, "ndcg@3": 0.8371268893576143, "ndcg@5": 0.834565448606764, "ndcg@10": 0.7975862789328533, "ndcg@20": 0.7468649381732047, "ndcg@100": 0.6022564559619086, "ndcg@1000": 0.6276756531280144, "mrr@5": 0.9025157232704403, "mrr@10": 0.9083557951482479, "mrr@20": 0.9100710610144572, "mrr@100": 0.9100710610144572, "map@10": 0.18002469449233793, "map@100": 0.39193041162365355, "map@1000": 0.42114870941323407, "recall@5": 0.1270287851411328, "recall@20": 0.3085862413915866, "recall@100": 0.5414387581039272, "recall@1000": 0.6256581927572705, "precision@1": 0.8679245283018868, "precision@3": 0.8238993710691823, "precision@5": 0.8037735849056603, "precision@10": 0.7264150943396225, "precision@100": 0.29622641509433967}, "run.bm25-1000--rank1-14b.dl21-passage.txt": {"judge@10": 0.7132075471698112, "judge@20": 0.6603773584905662, "judge@100": 0.4498113207547169, "ndcg@3": 0.678651836082619, "ndcg@5": 0.6678995436665727, "ndcg@10": 0.652905128687353, "ndcg@20": 0.6108162160250263, "ndcg@100": 0.5364611445393923, "ndcg@1000": 0.5964976695555501, "mrr@5": 0.8534591194968554, "mrr@10": 0.8341419586702605, "mrr@20": 0.8451482479784367, "mrr@100": 0.8325696316262353, "map@10": 0.17615453544799695, "map@100": 0.3580936585258002, "map@1000": 0.3941632140185441, "recall@5": 0.12071848592267184, "recall@20": 0.2880454658255646, "recall@100": 0.522167417184485, "recall@1000": 0.6256581927572705, "precision@1": 0.7358490566037735, "precision@3": 0.6855345911949685, "precision@5": 0.6641509433962264, "precision@10": 0.6245283018867924, "precision@100": 0.27358490566037735}, "run.bm25-1000--rank1-32b-awq.dl21-passage.txt": {"judge@10": 0.7773584905660379, "judge@20": 0.7028301886792452, "judge@100": 0.4547169811320753, "ndcg@3": 0.7734412429197205, "ndcg@5": 0.7474868068628583, "ndcg@10": 0.7073751913750229, "ndcg@20": 0.6604600322640966, "ndcg@100": 0.5537632101452514, "ndcg@1000": 0.6079733524271005, "mrr@5": 0.8968553459119496, "mrr@10": 0.8721922731356694, "mrr@20": 0.8753369272237196, "mrr@100": 0.8753369272237196, "map@10": 0.17337793496324747, "map@100": 0.36773482217177456, "map@1000": 0.4037473459001992, "recall@5": 0.12174520968159692, "recall@20": 0.2958615508678357, "recall@100": 0.5229639826507824, "recall@1000": 0.6256581927572705, "precision@1": 0.7924528301886793, "precision@3": 0.7924528301886794, "precision@5": 0.7433962264150942, "precision@10": 0.660377358490566, "precision@100": 0.27962264150943394}, "run.bm25-1000--rank1-7b.dl21-passage.txt": {"judge@10": 0.7566037735849057, "judge@20": 0.6764150943396224, "judge@100": 0.44735849056603777, "ndcg@3": 0.7318504806578211, "ndcg@5": 0.7207380511163357, "ndcg@10": 0.682052330223326, "ndcg@20": 0.6406872386458242, "ndcg@100": 0.5440815335132763, "ndcg@1000": 0.6027055609943641, "mrr@5": 0.8874213836477987, "mrr@10": 0.8883647798742139, "mrr@20": 0.8852201257861635, "mrr@100": 0.8852201257861635, "map@10": 0.1753985301014262, "map@100": 0.36869722892320483, "map@1000": 0.4037384155816037, "recall@5": 0.1242279680275131, "recall@20": 0.29823188262677863, "recall@100": 0.5209903871715412, "recall@1000": 0.6256581927572705, "precision@1": 0.7924528301886793, "precision@3": 0.7484276729559748, "precision@5": 0.7320754716981132, "precision@10": 0.6490566037735849, "precision@100": 0.2767924528301887}, "run.bm25-1000--rankllama-v1-13b-lora-passage.dl21-passage.txt": {"judge@10": 0.9716981132075471, "judge@20": 0.9254716981132076, "judge@100": 0.5849056603773586, "ndcg@3": 0.8825097077333837, "ndcg@5": 0.8551862786549879, "ndcg@10": 0.820343255698297, "ndcg@20": 0.7699194922757384, "ndcg@100": 0.6237213822260373, "ndcg@1000": 0.6394175040045936, "mrr@5": 0.9308176100628931, "mrr@10": 0.9371069182389938, "mrr@20": 0.9371069182389938, "mrr@100": 0.9371069182389938, "map@10": 0.17094200481208224, "map@100": 0.4023444024222842, "map@1000": 0.429774437401877, "recall@5": 0.1189910525871685, "recall@20": 0.30372807405027846, "recall@100": 0.5443978923377019, "recall@1000": 0.6256581927572706, "precision@1": 0.9056603773584906, "precision@3": 0.8679245283018868, "precision@5": 0.8075471698113207, "precision@10": 0.7490566037735849, "precision@100": 0.30415094339622645}, "run.bm25-1000--rankllama-v1-7b-lora-passage.dl21-passage.txt": {"judge@10": 0.9716981132075471, "judge@20": 0.9264150943396232, "judge@100": 0.5871698113207547, "ndcg@3": 0.888405932654035, "ndcg@5": 0.8599060155222552, "ndcg@10": 0.8250862187268277, "ndcg@20": 0.7816951663789073, "ndcg@100": 0.6287986828427634, "ndcg@1000": 0.641830166868184, "mrr@5": 0.9575471698113207, "mrr@10": 0.9606918238993711, "mrr@20": 0.9606918238993711, "mrr@100": 0.9606918238993711, "map@10": 0.181486170928124, "map@100": 0.4222625719971985, "map@1000": 0.44918952075570256, "recall@5": 0.12565578433103472, "recall@20": 0.31600586148861737, "recall@100": 0.5529896595634851, "recall@1000": 0.6256581927572706, "precision@1": 0.9433962264150944, "precision@3": 0.8679245283018867, "precision@5": 0.8150943396226414, "precision@10": 0.7547169811320753, "precision@100": 0.30679245283018863}, "run.bm25-1000.dl21-passage.txt": {"judge@10": 1.0, "judge@20": 0.8801886792452832, "judge@100": 0.5256603773584906, "ndcg@3": 0.5123168954903868, "ndcg@5": 0.5036467642836107, "ndcg@10": 0.49416450792950206, "ndcg@20": 0.46769777198700113, "ndcg@100": 0.4083573428745663, "ndcg@1000": 0.5174539668617795, "mrr@5": 0.5987421383647799, "mrr@10": 0.6056304282719378, "mrr@20": 0.6165823674673492, "mrr@100": 0.6177245295653674, "map@10": 0.05851503843118733, "map@100": 0.1469785833009132, "map@1000": 0.1824499377959828, "recall@5": 0.05550041076927513, "recall@20": 0.14659679179576054, "recall@100": 0.35263009503202164, "recall@1000": 0.6256581927572706, "precision@1": 0.49056603773584906, "precision@3": 0.44654088050314455, "precision@5": 0.4264150943396226, "precision@10": 0.3716981132075471, "precision@100": 0.1867924528301887}}