{"run.bm25-1000--monot5-3b-msmarco.dl22-passage.txt": {"judge@10": 0.8407894736842102, "judge@20": 0.7690789473684213, "judge@100": 0.45815789473684193, "ndcg@3": 0.5907603095067028, "ndcg@5": 0.579730450020681, "ndcg@10": 0.5369679826174579, "ndcg@20": 0.4832448853441942, "ndcg@100": 0.3765879578556961, "ndcg@1000": 0.3790559950213427, "mrr@5": 0.7447368421052631, "mrr@10": 0.7512061403508772, "mrr@20": 0.7523026315789473, "mrr@100": 0.7523026315789473, "map@10": 0.09452600348690174, "map@100": 0.15692918598468528, "map@1000": 0.16459794558274976, "recall@5": 0.08271982014711383, "recall@20": 0.18496653645412953, "recall@100": 0.2982662921218986, "recall@1000": 0.3537262460924543, "precision@1": 0.6052631578947368, "precision@3": 0.5570175438596491, "precision@5": 0.536842105263158, "precision@10": 0.4631578947368419, "precision@100": 0.13631578947368422}, "run.bm25-1000--monot5-base-msmarco.dl22-passage.txt": {"judge@10": 0.8513157894736837, "judge@20": 0.7743421052631579, "judge@100": 0.44986842105263153, "ndcg@3": 0.5317502047448442, "ndcg@5": 0.5466492218290725, "ndcg@10": 0.5025705781725627, "ndcg@20": 0.4600847064447617, "ndcg@100": 0.3639635075994288, "ndcg@1000": 0.3697121741637881, "mrr@5": 0.6754385964912281, "mrr@10": 0.6818713450292397, "mrr@20": 0.6818713450292397, "mrr@100": 0.6818713450292397, "map@10": 0.08528591382315005, "map@100": 0.14545197840057691, "map@1000": 0.15346879825104853, "recall@5": 0.0830172768412093, "recall@20": 0.17869304583459988, "recall@100": 0.29988670353855656, "recall@1000": 0.3537262460924543, "precision@1": 0.5, "precision@3": 0.5131578947368419, "precision@5": 0.5184210526315789, "precision@10": 0.4263157894736842, "precision@100": 0.13460526315789478}, "run.bm25-1000--monot5-large-msmarco.dl22-passage.txt": {"judge@10": 0.8223684210526312, "judge@20": 0.7407894736842104, "judge@100": 0.4511842105263158, "ndcg@3": 0.5348536471601647, "ndcg@5": 0.526029951941908, "ndcg@10": 0.4965026346443069, "ndcg@20": 0.45726561480895794, "ndcg@100": 0.35960118400644153, "ndcg@1000": 0.3701279586595769, "mrr@5": 0.6585526315789474, "mrr@10": 0.6712249373433584, "mrr@20": 0.6722370830923463, "mrr@100": 0.6722370830923463, "map@10": 0.0848417741671651, "map@100": 0.14396155454093665, "map@1000": 0.1527289193112248, "recall@5": 0.07626696123098102, "recall@20": 0.17894370638895546, "recall@100": 0.29129553290403737, "recall@1000": 0.3537262460924543, "precision@1": 0.5131578947368421, "precision@3": 0.5043859649122806, "precision@5": 0.47631578947368425, "precision@10": 0.42105263157894735, "precision@100": 0.13078947368421054}, "run.bm25-1000--rank1-14b.dl22-passage.txt": {"judge@10": 0.5710526315789476, "judge@20": 0.49934210526315786, "judge@100": 0.31881578947368416, "ndcg@3": 0.4744861635451012, "ndcg@5": 0.4586605945408385, "ndcg@10": 0.4100444933740678, "ndcg@20": 0.36861836383741226, "ndcg@100": 0.30863941057415534, "ndcg@1000": 0.34559153426293315, "mrr@5": 0.6096491228070176, "mrr@10": 0.6229114452798662, "mrr@20": 0.6287322305317661, "mrr@100": 0.6288920336317859, "map@10": 0.07570016902041182, "map@100": 0.13014262095025758, "map@1000": 0.13908992927459893, "recall@5": 0.07051036091684704, "recall@20": 0.15829033079116966, "recall@100": 0.2810208372224318, "recall@1000": 0.3537262460924543, "precision@1": 0.4605263157894737, "precision@3": 0.46929824561403494, "precision@5": 0.4315789473684211, "precision@10": 0.35526315789473684, "precision@100": 0.1243421052631579}, "run.bm25-1000--rank1-32b-awq.dl22-passage.txt": {"judge@10": 0.5723684210526316, "judge@20": 0.4947368421052632, "judge@100": 0.30894736842105264, "ndcg@3": 0.5136745859794999, "ndcg@5": 0.4856713362103576, "ndcg@10": 0.43636265617476977, "ndcg@20": 0.38924627443237736, "ndcg@100": 0.3117594536608322, "ndcg@1000": 0.35169964471712073, "mrr@5": 0.6598684210526317, "mrr@10": 0.6708281119465331, "mrr@20": 0.6898605415052783, "mrr@100": 0.6902364813549023, "map@10": 0.08274595226177509, "map@100": 0.13606444967762976, "map@1000": 0.14522409044868897, "recall@5": 0.0773727833075908, "recall@20": 0.16279038776656493, "recall@100": 0.2721002017895953, "recall@1000": 0.3537262460924543, "precision@1": 0.5657894736842105, "precision@3": 0.5, "precision@5": 0.4526315789473685, "precision@10": 0.375, "precision@100": 0.1226315789473684}, "run.bm25-1000--rank1-7b.dl22-passage.txt": {"judge@10": 0.580263157894737, "judge@20": 0.5348684210526317, "judge@100": 0.32736842105263175, "ndcg@3": 0.46542514984918276, "ndcg@5": 0.4345517220509368, "ndcg@10": 0.40264611191080946, "ndcg@20": 0.37530467341121865, "ndcg@100": 0.3084724209929764, "ndcg@1000": 0.3458331169911084, "mrr@5": 0.6416666666666666, "mrr@10": 0.6471021303258144, "mrr@20": 0.652186957779063, "mrr@100": 0.6527309681868809, "map@10": 0.07181629525968296, "map@100": 0.1277543976719261, "map@1000": 0.13699007617873615, "recall@5": 0.06876267705457402, "recall@20": 0.1593582438710748, "recall@100": 0.27760398806898756, "recall@1000": 0.3537262460924543, "precision@1": 0.5131578947368421, "precision@3": 0.4605263157894736, "precision@5": 0.4052631578947368, "precision@10": 0.35526315789473684, "precision@100": 0.12144736842105264}, "run.bm25-1000--rankllama-v1-13b-lora-passage.dl22-passage.txt": {"judge@10": 0.8486842105263153, "judge@20": 0.7953947368421055, "judge@100": 0.47828947368421065, "ndcg@3": 0.6124144701633112, "ndcg@5": 0.5793166229622617, "ndcg@10": 0.5365259743786138, "ndcg@20": 0.4929999952296978, "ndcg@100": 0.3858317744375111, "ndcg@1000": 0.3852131424365866, "mrr@5": 0.7651315789473684, "mrr@10": 0.7724780701754386, "mrr@20": 0.7733004385964911, "mrr@100": 0.7733004385964911, "map@10": 0.10045267697600781, "map@100": 0.16668307136523372, "map@1000": 0.174272610432882, "recall@5": 0.08516902456316734, "recall@20": 0.1946502103109266, "recall@100": 0.30307956519267043, "recall@1000": 0.3537262460924543, "precision@1": 0.6578947368421053, "precision@3": 0.5877192982456139, "precision@5": 0.5263157894736841, "precision@10": 0.44999999999999996, "precision@100": 0.13828947368421052}, "run.bm25-1000--rankllama-v1-7b-lora-passage.dl22-passage.txt": {"judge@10": 0.851315789473684, "judge@20": 0.7776315789473683, "judge@100": 0.46631578947368435, "ndcg@3": 0.609903463744376, "ndcg@5": 0.5953253210479187, "ndcg@10": 0.5401239448997244, "ndcg@20": 0.49301655723794413, "ndcg@100": 0.3837779518548189, "ndcg@1000": 0.384755494074303, "mrr@5": 0.756140350877193, "mrr@10": 0.7576023391812865, "mrr@20": 0.7597953216374269, "mrr@100": 0.7597953216374269, "map@10": 0.09758662570797727, "map@100": 0.16447402789159773, "map@1000": 0.17222394665210308, "recall@5": 0.08724657190919305, "recall@20": 0.1942573439315111, "recall@100": 0.3030062659616013, "recall@1000": 0.3537262460924543, "precision@1": 0.618421052631579, "precision@3": 0.5877192982456141, "precision@5": 0.5552631578947368, "precision@10": 0.45394736842105254, "precision@100": 0.13947368421052633}, "run.bm25-1000.dl22-passage.txt": {"judge@10": 0.8881578947368419, "judge@20": 0.7592105263157896, "judge@100": 0.4401315789473685, "ndcg@3": 0.27853925068795543, "ndcg@5": 0.2625178433460634, "ndcg@10": 0.23948078167968453, "ndcg@20": 0.23007385245219716, "ndcg@100": 0.20934225097954745, "ndcg@1000": 0.2768655495090277, "mrr@5": 0.29473684210526313, "mrr@10": 0.3115810359231412, "mrr@20": 0.31763537997090624, "mrr@100": 0.3255931196537559, "map@10": 0.019262811788415844, "map@100": 0.0384693276791722, "map@1000": 0.04836076978859325, "recall@5": 0.020001590587166176, "recall@20": 0.055979769026827386, "recall@100": 0.1544664448348473, "recall@1000": 0.3537262460924543, "precision@1": 0.19736842105263158, "precision@3": 0.16228070175438597, "precision@5": 0.13947368421052628, "precision@10": 0.11973684210526313, "precision@100": 0.06855263157894735}}