{"run.bm25-1000--monot5-3b-msmarco.dl22-passage.txt": {"judge@10": 0.8407894736842102, "judge@20": 0.7690789473684213, "judge@100": 0.45815789473684193, "ndcg@3": 0.8754042272891743, "ndcg@5": 0.8659757400043536, "ndcg@10": 0.819097736148641, "ndcg@20": 0.7402584692736678, "ndcg@100": 0.5713554409591578, "ndcg@1000": 0.5781397042939164, "mrr@5": 0.9368421052631579, "mrr@10": 0.9368421052631579, "mrr@20": 0.9368421052631579, "mrr@100": 0.9368421052631579, "map@10": 0.16471142364272295, "map@100": 0.3885744213301086, "map@1000": 0.40218956083573293, "recall@5": 0.104831899051972, "recall@20": 0.2779189589790687, "recall@100": 0.4819806424580033, "recall@1000": 0.5107515615666357, "precision@1": 0.881578947368421, "precision@3": 0.8728070175438598, "precision@5": 0.8605263157894738, "precision@10": 0.7907894736842105, "precision@100": 0.2902631578947369}, "run.bm25-1000--monot5-base-msmarco.dl22-passage.txt": {"judge@10": 0.8513157894736837, "judge@20": 0.7743421052631579, "judge@100": 0.44986842105263153, "ndcg@3": 0.7787411532087297, "ndcg@5": 0.7886225292591785, "ndcg@10": 0.7439040059067449, "ndcg@20": 0.6674568398699442, "ndcg@100": 0.5098954930981984, "ndcg@1000": 0.5375364957073232, "mrr@5": 0.8609649122807018, "mrr@10": 0.8653508771929824, "mrr@20": 0.8653508771929824, "mrr@100": 0.8653508771929824, "map@10": 0.12756419811656317, "map@100": 0.3072074816492202, "map@1000": 0.3278154349934807, "recall@5": 0.08512269026239166, "recall@20": 0.24335346919037537, "recall@100": 0.44771827252119817, "recall@1000": 0.5107515615666357, "precision@1": 0.7763157894736842, "precision@3": 0.7763157894736842, "precision@5": 0.7921052631578946, "precision@10": 0.7223684210526314, "precision@100": 0.2646052631578948}, "run.bm25-1000--monot5-large-msmarco.dl22-passage.txt": {"judge@10": 0.8223684210526312, "judge@20": 0.7407894736842104, "judge@100": 0.4511842105263158, "ndcg@3": 0.790797676819682, "ndcg@5": 0.784469143563537, "ndcg@10": 0.7428817042489133, "ndcg@20": 0.6649710124720207, "ndcg@100": 0.5111589949792933, "ndcg@1000": 0.5383242587528051, "mrr@5": 0.9065789473684212, "mrr@10": 0.9078947368421053, "mrr@20": 0.9086687306501549, "mrr@100": 0.9086687306501549, "map@10": 0.12659044680555306, "map@100": 0.30687447477918167, "map@1000": 0.32687120272758224, "recall@5": 0.08135181810755222, "recall@20": 0.24185492433669423, "recall@100": 0.4493074855505103, "recall@1000": 0.5107515615666357, "precision@1": 0.8552631578947368, "precision@3": 0.7763157894736841, "precision@5": 0.7736842105263158, "precision@10": 0.7171052631578947, "precision@100": 0.26434210526315793}, "run.bm25-1000--rank1-14b.dl22-passage.txt": {"judge@10": 0.5710526315789476, "judge@20": 0.49934210526315786, "judge@100": 0.31881578947368416, "ndcg@3": 0.5240368840124092, "ndcg@5": 0.49567765674935377, "ndcg@10": 0.44228272561653137, "ndcg@20": 0.3840263583754277, "ndcg@100": 0.34158572286597966, "ndcg@1000": 0.43567111285921917, "mrr@5": 0.6778508771929824, "mrr@10": 0.6911497493734335, "mrr@20": 0.6965889360218838, "mrr@100": 0.6982306014599887, "map@10": 0.06282365617967908, "map@100": 0.14612882792418574, "map@1000": 0.17461765707391594, "recall@5": 0.05047398958425478, "recall@20": 0.13372500900940376, "recall@100": 0.32295980338940977, "recall@1000": 0.5107515615666357, "precision@1": 0.5657894736842105, "precision@3": 0.5087719298245613, "precision@5": 0.47368421052631576, "precision@10": 0.40921052631578947, "precision@100": 0.18013157894736842}, "run.bm25-1000--rank1-32b-awq.dl22-passage.txt": {"judge@10": 0.5723684210526316, "judge@20": 0.4947368421052632, "judge@100": 0.30894736842105264, "ndcg@3": 0.6262126818675227, "ndcg@5": 0.5666567638610541, "ndcg@10": 0.4940642300400253, "ndcg@20": 0.4216515414715333, "ndcg@100": 0.3477138056763459, "ndcg@1000": 0.4454810870038558, "mrr@5": 0.7631578947368421, "mrr@10": 0.7583698830409357, "mrr@20": 0.7784603304513277, "mrr@100": 0.7790584165757296, "map@10": 0.07120389716469906, "map@100": 0.15290368792387768, "map@1000": 0.18214725952232946, "recall@5": 0.05442894291399713, "recall@20": 0.13888771784950782, "recall@100": 0.3111139183083744, "recall@1000": 0.5107515615666357, "precision@1": 0.6710526315789473, "precision@3": 0.6096491228070174, "precision@5": 0.5289473684210526, "precision@10": 0.443421052631579, "precision@100": 0.17828947368421053}, "run.bm25-1000--rank1-7b.dl22-passage.txt": {"judge@10": 0.580263157894737, "judge@20": 0.5348684210526317, "judge@100": 0.32736842105263175, "ndcg@3": 0.568876833723834, "ndcg@5": 0.5188660588093269, "ndcg@10": 0.4727172046964885, "ndcg@20": 0.4205731232739279, "ndcg@100": 0.35447230503673055, "ndcg@1000": 0.4454454820976619, "mrr@5": 0.731140350877193, "mrr@10": 0.7280858395989975, "mrr@20": 0.7302941575967893, "mrr@100": 0.7302941575967893, "map@10": 0.06432573972616186, "map@100": 0.15519173284266527, "map@1000": 0.18396249205688112, "recall@5": 0.04967732053350062, "recall@20": 0.14724943740810575, "recall@100": 0.32949810041449945, "recall@1000": 0.5107515615666357, "precision@1": 0.5789473684210527, "precision@3": 0.5657894736842105, "precision@5": 0.4947368421052631, "precision@10": 0.4394736842105264, "precision@100": 0.18526315789473688}, "run.bm25-1000--rankllama-v1-13b-lora-passage.dl22-passage.txt": {"judge@10": 0.8486842105263153, "judge@20": 0.7953947368421055, "judge@100": 0.47828947368421065, "ndcg@3": 0.8583505179343601, "ndcg@5": 0.8233242200472336, "ndcg@10": 0.7694252935465359, "ndcg@20": 0.687657546769341, "ndcg@100": 0.5320897886740906, "ndcg@1000": 0.5545736165182861, "mrr@5": 0.9276315789473685, "mrr@10": 0.9276315789473685, "mrr@20": 0.9276315789473685, "mrr@100": 0.9276315789473685, "map@10": 0.1412070272141861, "map@100": 0.33360227387605146, "map@1000": 0.3517974590203649, "recall@5": 0.0907256645743926, "recall@20": 0.2515404845412711, "recall@100": 0.45543081790709666, "recall@1000": 0.5107515615666357, "precision@1": 0.8552631578947368, "precision@3": 0.8596491228070174, "precision@5": 0.8078947368421052, "precision@10": 0.7342105263157894, "precision@100": 0.270921052631579}, "run.bm25-1000--rankllama-v1-7b-lora-passage.dl22-passage.txt": {"judge@10": 0.851315789473684, "judge@20": 0.7776315789473683, "judge@100": 0.46631578947368435, "ndcg@3": 0.8554096161685075, "ndcg@5": 0.8306129426788184, "ndcg@10": 0.7685791712023108, "ndcg@20": 0.6776414049952528, "ndcg@100": 0.5257809586468026, "ndcg@1000": 0.5505193111908886, "mrr@5": 0.9177631578947368, "mrr@10": 0.9194078947368421, "mrr@20": 0.9194078947368421, "mrr@100": 0.9194078947368421, "map@10": 0.1392492701535001, "map@100": 0.32494891884987015, "map@1000": 0.34424373009259657, "recall@5": 0.09072471951305126, "recall@20": 0.24344633141435915, "recall@100": 0.4516653148504174, "recall@1000": 0.5107515615666357, "precision@1": 0.8552631578947368, "precision@3": 0.850877192982456, "precision@5": 0.8157894736842103, "precision@10": 0.731578947368421, "precision@100": 0.26802631578947367}, "run.bm25-1000.dl22-passage.txt": {"judge@10": 0.8881578947368419, "judge@20": 0.7592105263157896, "judge@100": 0.4401315789473685, "ndcg@3": 0.42171462788352515, "ndcg@5": 0.39540602378772655, "ndcg@10": 0.3501205411666789, "ndcg@20": 0.3001468821406988, "ndcg@100": 0.258042967790233, "ndcg@1000": 0.383292598062253, "mrr@5": 0.5785087719298246, "mrr@10": 0.5873172514619883, "mrr@20": 0.5924541765175422, "mrr@100": 0.5951271066575775, "map@10": 0.04318206238292486, "map@100": 0.10132166058470406, "map@1000": 0.1282531062379412, "recall@5": 0.03737997419277062, "recall@20": 0.09687589693027406, "recall@100": 0.241597216667315, "recall@1000": 0.5107515615666357, "precision@1": 0.47368421052631576, "precision@3": 0.40789473684210525, "precision@5": 0.37631578947368427, "precision@10": 0.3210526315789474, "precision@100": 0.14421052631578946}}