{"run.bm25-1000--monot5-3b-msmarco.dl19-passage.txt": {"judge@10": 0.9651162790697673, "judge@20": 0.8930232558139535, "judge@100": 0.5579069767441859, "ndcg@3": 0.9451738497925499, "ndcg@5": 0.921686368924362, "ndcg@10": 0.9063451373909038, "ndcg@20": 0.87270087230107, "ndcg@100": 0.8783178310672011, "ndcg@1000": 0.8834435766594927, "mrr@5": 0.9883720930232558, "mrr@10": 0.9883720930232558, "mrr@20": 0.9883720930232558, "mrr@100": 0.9883720930232558, "map@10": 0.4270110251135526, "map@100": 0.7643240204426038, "map@1000": 0.7778104598046516, "recall@5": 0.2776801889377561, "recall@20": 0.6180019074485987, "recall@100": 0.8684873263318993, "recall@1000": 0.8952128704282154, "precision@1": 0.9767441860465116, "precision@3": 0.937984496124031, "precision@5": 0.9023255813953488, "precision@10": 0.8279069767441859, "precision@100": 0.2625581395348837}, "run.bm25-1000--monot5-base-msmarco.dl19-passage.txt": {"judge@10": 0.9488372093023255, "judge@20": 0.8883720930232557, "judge@100": 0.546046511627907, "ndcg@3": 0.9124334735584041, "ndcg@5": 0.9017666248860415, "ndcg@10": 0.8814865998191621, "ndcg@20": 0.8625941483367084, "ndcg@100": 0.8646694951019374, "ndcg@1000": 0.87284675191485, "mrr@5": 0.9573643410852712, "mrr@10": 0.9573643410852712, "mrr@20": 0.9573643410852712, "mrr@100": 0.9573643410852712, "map@10": 0.39704757756318615, "map@100": 0.7437499979041514, "map@1000": 0.7595015776793453, "recall@5": 0.275836430380281, "recall@20": 0.6143709439822398, "recall@100": 0.8632406488807581, "recall@1000": 0.8952128704282154, "precision@1": 0.9302325581395349, "precision@3": 0.9069767441860463, "precision@5": 0.8883720930232557, "precision@10": 0.8093023255813953, "precision@100": 0.25953488372093025}, "run.bm25-1000--monot5-large-msmarco.dl19-passage.txt": {"judge@10": 0.9488372093023257, "judge@20": 0.8965116279069768, "judge@100": 0.5511627906976744, "ndcg@3": 0.9273747652114193, "ndcg@5": 0.9114759198420568, "ndcg@10": 0.8808025674995804, "ndcg@20": 0.8572973611694795, "ndcg@100": 0.8695694261779293, "ndcg@1000": 0.874887011288508, "mrr@5": 0.9844961240310076, "mrr@10": 0.9844961240310076, "mrr@20": 0.9844961240310076, "mrr@100": 0.9844961240310076, "map@10": 0.40066253159540993, "map@100": 0.7396781050093216, "map@1000": 0.7539771321144972, "recall@5": 0.2752076718314974, "recall@20": 0.6023140678892918, "recall@100": 0.8685683484740596, "recall@1000": 0.8952128704282154, "precision@1": 0.9767441860465116, "precision@3": 0.9147286821705425, "precision@5": 0.8930232558139535, "precision@10": 0.797674418604651, "precision@100": 0.2618604651162791}, "run.bm25-1000--rank1-14b.dl19-passage.txt": {"judge@10": 0.8093023255813951, "judge@20": 0.7348837209302325, "judge@100": 0.48209302325581405, "ndcg@3": 0.6238791438358862, "ndcg@5": 0.5924092011710537, "ndcg@10": 0.5779361449803968, "ndcg@20": 0.5620346505132198, "ndcg@100": 0.6555246495554173, "ndcg@1000": 0.7175651243146024, "mrr@5": 0.7437984496124032, "mrr@10": 0.7289036544850498, "mrr@20": 0.7289036544850498, "mrr@100": 0.7322843607727328, "map@10": 0.23242111839461924, "map@100": 0.443259482902945, "map@1000": 0.47862663107759523, "recall@5": 0.17024308762959325, "recall@20": 0.3951620165032931, "recall@100": 0.7447519658263723, "recall@1000": 0.8952128704282154, "precision@1": 0.627906976744186, "precision@3": 0.6201550387596899, "precision@5": 0.5720930232558139, "precision@10": 0.5209302325581395, "precision@100": 0.21372093023255812}, "run.bm25-1000--rank1-32b-awq.dl19-passage.txt": {"judge@10": 0.8302325581395347, "judge@20": 0.7744186046511625, "judge@100": 0.48232558139534903, "ndcg@3": 0.6893598963041778, "ndcg@5": 0.6786015070781305, "ndcg@10": 0.6425424702328985, "ndcg@20": 0.6184162035437459, "ndcg@100": 0.684283740219937, "ndcg@1000": 0.7394167592688313, "mrr@5": 0.8372093023255814, "mrr@10": 0.8353636028054632, "mrr@20": 0.8326305477468267, "mrr@100": 0.8340086700551816, "map@10": 0.24232179172389148, "map@100": 0.47303549986329985, "map@1000": 0.5040972091109635, "recall@5": 0.1828321631853984, "recall@20": 0.41352527514571474, "recall@100": 0.7557686519251289, "recall@1000": 0.8952128704282154, "precision@1": 0.7674418604651163, "precision@3": 0.6666666666666666, "precision@5": 0.6558139534883721, "precision@10": 0.5790697674418606, "precision@100": 0.22000000000000003}, "run.bm25-1000--rank1-7b.dl19-passage.txt": {"judge@10": 0.8465116279069768, "judge@20": 0.7860465116279067, "judge@100": 0.49139534883720937, "ndcg@3": 0.6936465856963514, "ndcg@5": 0.6725457687933893, "ndcg@10": 0.6431784739982441, "ndcg@20": 0.6276314712201239, "ndcg@100": 0.6792322925239648, "ndcg@1000": 0.7381126164405821, "mrr@5": 0.8031007751937984, "mrr@10": 0.8056847545219639, "mrr@20": 0.8056847545219639, "mrr@100": 0.807770071172764, "map@10": 0.24312244966524282, "map@100": 0.47158349759193813, "map@1000": 0.5033308246206741, "recall@5": 0.17803459238250957, "recall@20": 0.43653112720157816, "recall@100": 0.7449897856200137, "recall@1000": 0.8952128704282154, "precision@1": 0.6976744186046512, "precision@3": 0.6899224806201549, "precision@5": 0.6558139534883721, "precision@10": 0.5860465116279069, "precision@100": 0.21837209302325578}, "run.bm25-1000--rankllama-v1-13b-lora-passage.dl19-passage.txt": {"judge@10": 0.9767441860465115, "judge@20": 0.9116279069767441, "judge@100": 0.5765116279069766, "ndcg@3": 0.9807720189548114, "ndcg@5": 0.9508110500838732, "ndcg@10": 0.9425229459091319, "ndcg@20": 0.9221988046969041, "ndcg@100": 0.9090664783550335, "ndcg@1000": 0.9080393444758009, "mrr@5": 1.0, "mrr@10": 1.0, "mrr@20": 1.0, "mrr@100": 1.0, "map@10": 0.4666938065503535, "map@100": 0.8307753233295112, "map@1000": 0.8417723796743602, "recall@5": 0.2907144301183721, "recall@20": 0.6599504087015242, "recall@100": 0.882356711361364, "recall@1000": 0.8952128704282154, "precision@1": 1.0, "precision@3": 0.9767441860465116, "precision@5": 0.9302325581395349, "precision@10": 0.8651162790697675, "precision@100": 0.26744186046511637}, "run.bm25-1000--rankllama-v1-7b-lora-passage.dl19-passage.txt": {"judge@10": 0.9581395348837206, "judge@20": 0.9069767441860465, "judge@100": 0.5697674418604651, "ndcg@3": 0.987657644791227, "ndcg@5": 0.9690295708228266, "ndcg@10": 0.9598114028074884, "ndcg@20": 0.9312526993204234, "ndcg@100": 0.9202530459671889, "ndcg@1000": 0.9175784344923525, "mrr@5": 1.0, "mrr@10": 1.0, "mrr@20": 1.0, "mrr@100": 1.0, "map@10": 0.4927823911407969, "map@100": 0.8640152851693707, "map@1000": 0.8739781125116843, "recall@5": 0.30505952708780165, "recall@20": 0.6640718896761133, "recall@100": 0.8851431774324474, "recall@1000": 0.8952128704282154, "precision@1": 1.0, "precision@3": 0.9844961240310078, "precision@5": 0.9534883720930233, "precision@10": 0.8813953488372093, "precision@100": 0.2693023255813954}, "run.bm25-1000.dl19-passage.txt": {"judge@10": 1.0, "judge@20": 0.9139534883720931, "judge@100": 0.5248837209302326, "ndcg@3": 0.6373915390248435, "ndcg@5": 0.6394890892238864, "ndcg@10": 0.5851481402868455, "ndcg@20": 0.5706232609005053, "ndcg@100": 0.6202883827968313, "ndcg@1000": 0.7029730776401504, "mrr@5": 0.7771317829457366, "mrr@10": 0.7830380214101144, "mrr@20": 0.7849760059062384, "mrr@100": 0.7849760059062384, "map@10": 0.21419002818873056, "map@100": 0.39763169797274395, "map@1000": 0.4318415248072988, "recall@5": 0.18433875797407395, "recall@20": 0.40286220904165265, "recall@100": 0.6850985404016484, "recall@1000": 0.8952128704282154, "precision@1": 0.6744186046511628, "precision@3": 0.6279069767441862, "precision@5": 0.627906976744186, "precision@10": 0.5255813953488372, "precision@100": 0.19674418604651164}}