{"run.bm25-1000--monot5-3b-msmarco.dl22-passage.txt": {"judge@10": 0.8407894736842102, "judge@20": 0.7690789473684213, "judge@100": 0.45815789473684193, "ndcg@3": 0.6274030841892424, "ndcg@5": 0.6140754756711887, "ndcg@10": 0.5732487221885727, "ndcg@20": 0.5541181655470865, "ndcg@100": 0.5592775895882101, "ndcg@1000": 0.5676583165996485, "mrr@5": 0.7168859649122807, "mrr@10": 0.7168859649122807, "mrr@20": 0.7168859649122807, "mrr@100": 0.7168859649122807, "map@10": 0.3231641343858557, "map@100": 0.4201040042359431, "map@1000": 0.4246206832749082, "recall@5": 0.3158034855023909, "recall@20": 0.49105884842959613, "recall@100": 0.5970716065374622, "recall@1000": 0.6134516025804777, "precision@1": 0.6447368421052632, "precision@3": 0.5833333333333331, "precision@5": 0.5263157894736843, "precision@10": 0.4171052631578947, "precision@100": 0.09355263157894739}, "run.bm25-1000--monot5-base-msmarco.dl22-passage.txt": {"judge@10": 0.8513157894736837, "judge@20": 0.7743421052631579, "judge@100": 0.44986842105263153, "ndcg@3": 0.5497925763636802, "ndcg@5": 0.5615545740096357, "ndcg@10": 0.5260518695251223, "ndcg@20": 0.517480280906479, "ndcg@100": 0.5248303635682844, "ndcg@1000": 0.5340705926903728, "mrr@5": 0.6585526315789473, "mrr@10": 0.6585526315789473, "mrr@20": 0.6585526315789473, "mrr@100": 0.6585526315789473, "map@10": 0.2710035269561503, "map@100": 0.3690639874845172, "map@1000": 0.3741749411350095, "recall@5": 0.28870027645995044, "recall@20": 0.48715321745825924, "recall@100": 0.5945813789526933, "recall@1000": 0.6134516025804777, "precision@1": 0.5526315789473685, "precision@3": 0.5219298245614034, "precision@5": 0.5052631578947369, "precision@10": 0.3986842105263158, "precision@100": 0.09368421052631579}, "run.bm25-1000--monot5-large-msmarco.dl22-passage.txt": {"judge@10": 0.8223684210526312, "judge@20": 0.7407894736842104, "judge@100": 0.4511842105263158, "ndcg@3": 0.5713674407025424, "ndcg@5": 0.5599824613048607, "ndcg@10": 0.5260720905843975, "ndcg@20": 0.5073916521450247, "ndcg@100": 0.528792735518206, "ndcg@1000": 0.5404784319935972, "mrr@5": 0.6934210526315789, "mrr@10": 0.6942982456140351, "mrr@20": 0.695310391363023, "mrr@100": 0.6958824737428856, "map@10": 0.27980670211616365, "map@100": 0.3739849845542929, "map@1000": 0.3797156745960544, "recall@5": 0.2689020401767816, "recall@20": 0.44748406791188894, "recall@100": 0.5882906505950372, "recall@1000": 0.6134516025804777, "precision@1": 0.618421052631579, "precision@3": 0.5219298245614034, "precision@5": 0.4789473684210526, "precision@10": 0.3855263157894737, "precision@100": 0.09223684210526316}, "run.bm25-1000--rank1-14b.dl22-passage.txt": {"judge@10": 0.5710526315789476, "judge@20": 0.49934210526315786, "judge@100": 0.31881578947368416, "ndcg@3": 0.2929613199627717, "ndcg@5": 0.29883950731329517, "ndcg@10": 0.2824025053980239, "ndcg@20": 0.28855402119144136, "ndcg@100": 0.3452162607626175, "ndcg@1000": 0.3909064325467072, "mrr@5": 0.41929824561403506, "mrr@10": 0.4337510442773601, "mrr@20": 0.4372418503590087, "mrr@100": 0.439382013905022, "map@10": 0.12563597598626847, "map@100": 0.17982539492284363, "map@1000": 0.18926135130584631, "recall@5": 0.14803634815625843, "recall@20": 0.29101623528959697, "recall@100": 0.4765124570515594, "recall@1000": 0.6134516025804777, "precision@1": 0.3026315789473684, "precision@3": 0.28070175438596484, "precision@5": 0.2657894736842105, "precision@10": 0.20657894736842106, "precision@100": 0.07}, "run.bm25-1000--rank1-32b-awq.dl22-passage.txt": {"judge@10": 0.5723684210526316, "judge@20": 0.4947368421052632, "judge@100": 0.30894736842105264, "ndcg@3": 0.35970124829421013, "ndcg@5": 0.33609237683555326, "ndcg@10": 0.31736005556761304, "ndcg@20": 0.3095995777123064, "ndcg@100": 0.35954024554020336, "ndcg@1000": 0.40729469556352305, "mrr@5": 0.4416666666666667, "mrr@10": 0.4554250208855472, "mrr@20": 0.47452703170582433, "mrr@100": 0.47485806762896554, "map@10": 0.14973810417495065, "map@100": 0.20002143271954148, "map@1000": 0.20994309485377297, "recall@5": 0.1645775182957822, "recall@20": 0.2874558232496214, "recall@100": 0.46748477605372807, "recall@1000": 0.6134516025804777, "precision@1": 0.3684210526315789, "precision@3": 0.33771929824561403, "precision@5": 0.28421052631578947, "precision@10": 0.22894736842105265, "precision@100": 0.06973684210526317}, "run.bm25-1000--rank1-7b.dl22-passage.txt": {"judge@10": 0.580263157894737, "judge@20": 0.5348684210526317, "judge@100": 0.32736842105263175, "ndcg@3": 0.33017837825782603, "ndcg@5": 0.30717446797771353, "ndcg@10": 0.29589715896840135, "ndcg@20": 0.3118268508686422, "ndcg@100": 0.36236739093720965, "ndcg@1000": 0.40651047783228667, "mrr@5": 0.46754385964912276, "mrr@10": 0.4655701754385964, "mrr@20": 0.4701128786074606, "mrr@100": 0.472404884206253, "map@10": 0.13788868297467938, "map@100": 0.1992893443861905, "map@1000": 0.2087349893317068, "recall@5": 0.1342977731668373, "recall@20": 0.2987722767129921, "recall@100": 0.4779146348355185, "recall@1000": 0.6134516025804777, "precision@1": 0.32894736842105265, "precision@3": 0.31140350877192974, "precision@5": 0.2631578947368421, "precision@10": 0.2171052631578947, "precision@100": 0.0718421052631579}, "run.bm25-1000--rankllama-v1-13b-lora-passage.dl22-passage.txt": {"judge@10": 0.8486842105263153, "judge@20": 0.7953947368421055, "judge@100": 0.47828947368421065, "ndcg@3": 0.7027208167891703, "ndcg@5": 0.6768587756011524, "ndcg@10": 0.6309223038887604, "ndcg@20": 0.6190697800069114, "ndcg@100": 0.609636369536342, "ndcg@1000": 0.6133537098478645, "mrr@5": 0.7697368421052632, "mrr@10": 0.7697368421052632, "mrr@20": 0.7697368421052632, "mrr@100": 0.7697368421052632, "map@10": 0.3854749092074896, "map@100": 0.4932173884093143, "map@1000": 0.49621709851490997, "recall@5": 0.34113136227376745, "recall@20": 0.5306599107358555, "recall@100": 0.6067433146483218, "recall@1000": 0.6134516025804777, "precision@1": 0.7105263157894737, "precision@3": 0.6491228070175438, "precision@5": 0.5710526315789474, "precision@10": 0.44999999999999996, "precision@100": 0.09815789473684211}, "run.bm25-1000--rankllama-v1-7b-lora-passage.dl22-passage.txt": {"judge@10": 0.851315789473684, "judge@20": 0.7776315789473683, "judge@100": 0.46631578947368435, "ndcg@3": 0.7394055174905307, "ndcg@5": 0.724672116116866, "ndcg@10": 0.690095259109099, "ndcg@20": 0.6627612221294803, "ndcg@100": 0.6391800480535511, "ndcg@1000": 0.6422545500007677, "mrr@5": 0.7894736842105263, "mrr@10": 0.7894736842105263, "mrr@20": 0.7894736842105263, "mrr@100": 0.7894736842105263, "map@10": 0.44928486949470725, "map@100": 0.5543895057833502, "map@1000": 0.55751520797028, "recall@5": 0.3660601110709106, "recall@20": 0.5559544122734109, "recall@100": 0.6082128111574757, "recall@1000": 0.6134516025804777, "precision@1": 0.75, "precision@3": 0.6798245614035087, "precision@5": 0.6184210526315788, "precision@10": 0.5052631578947369, "precision@100": 0.0988157894736842}, "run.bm25-1000.dl22-passage.txt": {"judge@10": 0.8881578947368419, "judge@20": 0.7592105263157896, "judge@100": 0.4401315789473685, "ndcg@3": 0.17290898178179726, "ndcg@5": 0.1711065621350322, "ndcg@10": 0.15967711782863223, "ndcg@20": 0.15687125479632183, "ndcg@100": 0.21530587451436176, "ndcg@1000": 0.2985228108089898, "mrr@5": 0.2600877192982456, "mrr@10": 0.27574665831244777, "mrr@20": 0.2816040974419457, "mrr@100": 0.28603320429374895, "map@10": 0.05717338524219341, "map@100": 0.08769877645001263, "map@1000": 0.09991009560098311, "recall@5": 0.06987513746097987, "recall@20": 0.13722672449442308, "recall@100": 0.33197178739248906, "recall@1000": 0.6134516025804777, "precision@1": 0.19736842105263158, "precision@3": 0.16666666666666666, "precision@5": 0.16052631578947368, "precision@10": 0.13026315789473686, "precision@100": 0.0506578947368421}}