{"run.bm25-1000--monot5-3b-msmarco.dl20-passage.txt": {"judge@10": 0.9888888888888888, "judge@20": 0.9351851851851852, "judge@100": 0.5874074074074074, "ndcg@3": 1.0, "ndcg@5": 0.9924355832431965, "ndcg@10": 0.9744382749369378, "ndcg@20": 0.9349031499039241, "ndcg@100": 0.8821922304558643, "ndcg@1000": 0.8825281079844293, "mrr@5": 1.0, "mrr@10": 1.0, "mrr@20": 1.0, "mrr@100": 1.0, "map@10": 0.4621991259896185, "map@100": 0.8217063535426482, "map@1000": 0.8220147066737459, "recall@5": 0.287794538653111, "recall@20": 0.6278297278555087, "recall@100": 0.8417380875810663, "recall@1000": 0.8422749690003006, "precision@1": 1.0, "precision@3": 1.0, "precision@5": 0.9851851851851853, "precision@10": 0.911111111111111, "precision@100": 0.25925925925925924}, "run.bm25-1000--monot5-base-msmarco.dl20-passage.txt": {"judge@10": 0.9870370370370369, "judge@20": 0.9175925925925926, "judge@100": 0.5688888888888888, "ndcg@3": 0.948789617833544, "ndcg@5": 0.9454303388417562, "ndcg@10": 0.910849216859167, "ndcg@20": 0.8738822525704983, "ndcg@100": 0.8429452415302676, "ndcg@1000": 0.8509817045289932, "mrr@5": 0.9768518518518519, "mrr@10": 0.9768518518518519, "mrr@20": 0.9768518518518519, "mrr@100": 0.9768518518518519, "map@10": 0.3988028950170579, "map@100": 0.729644833208391, "map@1000": 0.7343599423774421, "recall@5": 0.2660094071641585, "recall@20": 0.5815412086326158, "recall@100": 0.8266393690821547, "recall@1000": 0.8422749690003006, "precision@1": 0.9629629629629629, "precision@3": 0.9444444444444444, "precision@5": 0.9370370370370369, "precision@10": 0.8462962962962962, "precision@100": 0.25222222222222224}, "run.bm25-1000--monot5-large-msmarco.dl20-passage.txt": {"judge@10": 0.9759259259259259, "judge@20": 0.9092592592592595, "judge@100": 0.5744444444444444, "ndcg@3": 0.9858266548705812, "ndcg@5": 0.9592236340405913, "ndcg@10": 0.9263282742540784, "ndcg@20": 0.8812295748378765, "ndcg@100": 0.847471155021929, "ndcg@1000": 0.8571721933546762, "mrr@5": 1.0, "mrr@10": 1.0, "mrr@20": 1.0, "mrr@100": 1.0, "map@10": 0.4076369670707432, "map@100": 0.7355278967620051, "map@1000": 0.7413859318866304, "recall@5": 0.2630614450578912, "recall@20": 0.585572881053049, "recall@100": 0.8239234529104121, "recall@1000": 0.8422749690003006, "precision@1": 1.0, "precision@3": 0.9814814814814815, "precision@5": 0.9407407407407407, "precision@10": 0.8574074074074074, "precision@100": 0.25}, "run.bm25-1000--rank1-14b.dl20-passage.txt": {"judge@10": 0.8555555555555552, "judge@20": 0.7814814814814816, "judge@100": 0.47481481481481475, "ndcg@3": 0.7112562255197827, "ndcg@5": 0.7081656410946655, "ndcg@10": 0.683185747909601, "ndcg@20": 0.6537217140003392, "ndcg@100": 0.6797888535944155, "ndcg@1000": 0.7369544054248018, "mrr@5": 0.8222222222222222, "mrr@10": 0.8248456790123456, "mrr@20": 0.8248456790123456, "mrr@100": 0.8248456790123456, "map@10": 0.26340240128436815, "map@100": 0.4822330261667384, "map@1000": 0.502942754863263, "recall@5": 0.2002680086024341, "recall@20": 0.45047395713636224, "recall@100": 0.7170628114013723, "recall@1000": 0.8422749690003006, "precision@1": 0.7222222222222222, "precision@3": 0.7098765432098765, "precision@5": 0.7037037037037037, "precision@10": 0.6333333333333334, "precision@100": 0.20722222222222222}, "run.bm25-1000--rank1-32b-awq.dl20-passage.txt": {"judge@10": 0.8796296296296295, "judge@20": 0.789814814814815, "judge@100": 0.476111111111111, "ndcg@3": 0.7919511229071967, "ndcg@5": 0.7665014441223631, "ndcg@10": 0.7212678036876784, "ndcg@20": 0.6879547826025193, "ndcg@100": 0.7030435621059468, "ndcg@1000": 0.7556941569336475, "mrr@5": 0.895679012345679, "mrr@10": 0.893694885361552, "mrr@20": 0.893694885361552, "mrr@100": 0.893694885361552, "map@10": 0.27920418628569044, "map@100": 0.5087343437376768, "map@1000": 0.5279668272876463, "recall@5": 0.2096722421066519, "recall@20": 0.468830932148406, "recall@100": 0.7277942469911188, "recall@1000": 0.8422749690003006, "precision@1": 0.8333333333333334, "precision@3": 0.7777777777777778, "precision@5": 0.7444444444444445, "precision@10": 0.6518518518518517, "precision@100": 0.2098148148148148}, "run.bm25-1000--rank1-7b.dl20-passage.txt": {"judge@10": 0.824074074074074, "judge@20": 0.7703703703703703, "judge@100": 0.48314814814814827, "ndcg@3": 0.7764338263562768, "ndcg@5": 0.7469727612072347, "ndcg@10": 0.6905799448561902, "ndcg@20": 0.6807238460379595, "ndcg@100": 0.6956690514996653, "ndcg@1000": 0.7473544869843027, "mrr@5": 0.8972222222222223, "mrr@10": 0.8955761316872428, "mrr@20": 0.897000633111744, "mrr@100": 0.897000633111744, "map@10": 0.2618044672168239, "map@100": 0.4949137183614542, "map@1000": 0.5151578008844065, "recall@5": 0.20171112022507007, "recall@20": 0.47532644496182536, "recall@100": 0.7347123545324445, "recall@1000": 0.8422749690003006, "precision@1": 0.8518518518518519, "precision@3": 0.7592592592592591, "precision@5": 0.7222222222222222, "precision@10": 0.6166666666666667, "precision@100": 0.2112962962962963}, "run.bm25-1000--rankllama-v1-13b-lora-passage.dl20-passage.txt": {"judge@10": 0.9777777777777776, "judge@20": 0.9287037037037038, "judge@100": 0.5918518518518517, "ndcg@3": 0.9814814814814815, "ndcg@5": 0.9659441445154966, "ndcg@10": 0.9219911548988309, "ndcg@20": 0.8841743974436133, "ndcg@100": 0.84614418157849, "ndcg@1000": 0.8553948535468545, "mrr@5": 0.9907407407407407, "mrr@10": 0.9907407407407407, "mrr@20": 0.9907407407407407, "mrr@100": 0.9907407407407407, "map@10": 0.40505316058962865, "map@100": 0.7380135733859952, "map@1000": 0.743744780504584, "recall@5": 0.2651807061826477, "recall@20": 0.5886415963363797, "recall@100": 0.8248873095387675, "recall@1000": 0.8422749690003006, "precision@1": 0.9814814814814815, "precision@3": 0.9814814814814815, "precision@5": 0.9555555555555556, "precision@10": 0.8555555555555555, "precision@100": 0.2511111111111111}, "run.bm25-1000--rankllama-v1-7b-lora-passage.dl20-passage.txt": {"judge@10": 0.9851851851851849, "judge@20": 0.9287037037037037, "judge@100": 0.5864814814814816, "ndcg@3": 0.9814814814814815, "ndcg@5": 0.9708035918307684, "ndcg@10": 0.9198944961890878, "ndcg@20": 0.8892461060204652, "ndcg@100": 0.8506622867130459, "ndcg@1000": 0.8588714113761095, "mrr@5": 0.9907407407407407, "mrr@10": 0.9907407407407407, "mrr@20": 0.9907407407407407, "mrr@100": 0.9907407407407407, "map@10": 0.40989512418408197, "map@100": 0.7412148443191081, "map@1000": 0.7468137503743142, "recall@5": 0.27094202305507575, "recall@20": 0.5906422398411516, "recall@100": 0.8279046589493897, "recall@1000": 0.8422749690003006, "precision@1": 0.9814814814814815, "precision@3": 0.9814814814814815, "precision@5": 0.9629629629629629, "precision@10": 0.8462962962962963, "precision@100": 0.2512962962962963}, "run.bm25-1000.dl20-passage.txt": {"judge@10": 0.9944444444444445, "judge@20": 0.9138888888888891, "judge@100": 0.5294444444444444, "ndcg@3": 0.6383199764078289, "ndcg@5": 0.6075319392343643, "ndcg@10": 0.5538742342482131, "ndcg@20": 0.5232481233439996, "ndcg@100": 0.5712032015440466, "ndcg@1000": 0.6648380252734208, "mrr@5": 0.7922839506172841, "mrr@10": 0.7972442680776015, "mrr@20": 0.8014160222493557, "mrr@100": 0.8014160222493557, "map@10": 0.20966541683652817, "map@100": 0.3649497752061792, "map@1000": 0.39008982226115385, "recall@5": 0.1547721352326992, "recall@20": 0.36107253681514634, "recall@100": 0.6251980950621061, "recall@1000": 0.8422749690003006, "precision@1": 0.7222222222222222, "precision@3": 0.6111111111111112, "precision@5": 0.5777777777777777, "precision@10": 0.4925925925925927, "precision@100": 0.17148148148148154}}