{"run.bm25-1000--monot5-3b-msmarco.dl22-passage.txt": {"judge@10": 0.8407894736842102, "judge@20": 0.7690789473684213, "judge@100": 0.45815789473684193, "ndcg@3": 0.8637167834352585, "ndcg@5": 0.8627080615613726, "ndcg@10": 0.8109006351606458, "ndcg@20": 0.7328856756416693, "ndcg@100": 0.5142411616188657, "ndcg@1000": 0.5304693127148742, "mrr@5": 0.9368421052631579, "mrr@10": 0.9368421052631579, "mrr@20": 0.9368421052631579, "mrr@100": 0.9368421052631579, "map@10": 0.09490693677121446, "map@100": 0.2790576346939212, "map@1000": 0.31422553824856786, "recall@5": 0.05847931635868217, "recall@20": 0.18210422264062986, "recall@100": 0.38766996487488675, "recall@1000": 0.49049958758936374, "precision@1": 0.881578947368421, "precision@3": 0.8596491228070177, "precision@5": 0.8605263157894738, "precision@10": 0.7868421052631579, "precision@100": 0.3431578947368421}, "run.bm25-1000--monot5-base-msmarco.dl22-passage.txt": {"judge@10": 0.8513157894736837, "judge@20": 0.7743421052631579, "judge@100": 0.44986842105263153, "ndcg@3": 0.8143190228012841, "ndcg@5": 0.8308508912652737, "ndcg@10": 0.7974710454613401, "ndcg@20": 0.7367336337297932, "ndcg@100": 0.5133954704554561, "ndcg@1000": 0.528726148716486, "mrr@5": 0.8967105263157895, "mrr@10": 0.8967105263157895, "mrr@20": 0.8967105263157895, "mrr@100": 0.8967105263157895, "map@10": 0.09121756523475213, "map@100": 0.28165238904294904, "map@1000": 0.3177834170997056, "recall@5": 0.05599756528929813, "recall@20": 0.18420700076427646, "recall@100": 0.3910357141812564, "recall@1000": 0.49049958758936374, "precision@1": 0.8157894736842105, "precision@3": 0.8114035087719298, "precision@5": 0.8368421052631578, "precision@10": 0.7842105263157894, "precision@100": 0.3455263157894737}, "run.bm25-1000--monot5-large-msmarco.dl22-passage.txt": {"judge@10": 0.8223684210526312, "judge@20": 0.7407894736842104, "judge@100": 0.4511842105263158, "ndcg@3": 0.8372545356878035, "ndcg@5": 0.8382083747730651, "ndcg@10": 0.8130585600852224, "ndcg@20": 0.7435347186783404, "ndcg@100": 0.5367333235588813, "ndcg@1000": 0.5394317733973495, "mrr@5": 0.9307017543859649, "mrr@10": 0.9298245614035087, "mrr@20": 0.9298245614035087, "mrr@100": 0.9298245614035087, "map@10": 0.09875797804121057, "map@100": 0.30865493685045814, "map@1000": 0.34164638872320496, "recall@5": 0.05693389348190242, "recall@20": 0.19261496903994144, "recall@100": 0.4124200172873584, "recall@1000": 0.49049958758936374, "precision@1": 0.881578947368421, "precision@3": 0.8289473684210527, "precision@5": 0.8342105263157894, "precision@10": 0.7999999999999998, "precision@100": 0.36263157894736847}, "run.bm25-1000--rank1-14b.dl22-passage.txt": {"judge@10": 0.5710526315789476, "judge@20": 0.49934210526315786, "judge@100": 0.31881578947368416, "ndcg@3": 0.618421052631579, "ndcg@5": 0.587507993469043, "ndcg@10": 0.5199351596368879, "ndcg@20": 0.45294753580771874, "ndcg@100": 0.34118822180530406, "ndcg@1000": 0.44148189093445395, "mrr@5": 0.7686403508771931, "mrr@10": 0.7847744360902256, "mrr@20": 0.7877349624060151, "mrr@100": 0.7878811612364244, "map@10": 0.04920650487681581, "map@100": 0.12957455284015792, "map@1000": 0.1703336435534315, "recall@5": 0.039691441382803665, "recall@20": 0.10323562430566918, "recall@100": 0.2670294538645742, "recall@1000": 0.49049958758936374, "precision@1": 0.6578947368421053, "precision@3": 0.6052631578947367, "precision@5": 0.5657894736842106, "precision@10": 0.48157894736842105, "precision@100": 0.22947368421052633}, "run.bm25-1000--rank1-32b-awq.dl22-passage.txt": {"judge@10": 0.5723684210526316, "judge@20": 0.4947368421052632, "judge@100": 0.30894736842105264, "ndcg@3": 0.6749484461969191, "ndcg@5": 0.6197299298868407, "ndcg@10": 0.5512849262666055, "ndcg@20": 0.47379040064173483, "ndcg@100": 0.33654364139385096, "ndcg@1000": 0.4423998445463836, "mrr@5": 0.8195175438596491, "mrr@10": 0.8135025062656641, "mrr@20": 0.8317042606516291, "mrr@100": 0.8317042606516291, "map@10": 0.052085906758181026, "map@100": 0.12894410466806946, "map@1000": 0.1702944054992097, "recall@5": 0.03962567692062592, "recall@20": 0.10446825584645789, "recall@100": 0.2520118877332827, "recall@1000": 0.49049958758936374, "precision@1": 0.7236842105263158, "precision@3": 0.6578947368421053, "precision@5": 0.5842105263157894, "precision@10": 0.5039473684210527, "precision@100": 0.2238157894736842}, "run.bm25-1000--rank1-7b.dl22-passage.txt": {"judge@10": 0.580263157894737, "judge@20": 0.5348684210526317, "judge@100": 0.32736842105263175, "ndcg@3": 0.6369452128693194, "ndcg@5": 0.5772795062871775, "ndcg@10": 0.5323415443753393, "ndcg@20": 0.47999268701860925, "ndcg@100": 0.3469883341073338, "ndcg@1000": 0.44383899768403406, "mrr@5": 0.7899122807017543, "mrr@10": 0.7833333333333333, "mrr@20": 0.7845295055821372, "mrr@100": 0.7845295055821372, "map@10": 0.046976828382018804, "map@100": 0.13255338966925334, "map@1000": 0.1741752772573783, "recall@5": 0.03617784798395931, "recall@20": 0.110638267785137, "recall@100": 0.2708608371552186, "recall@1000": 0.49049958758936374, "precision@1": 0.631578947368421, "precision@3": 0.6403508771929824, "precision@5": 0.5526315789473684, "precision@10": 0.5, "precision@100": 0.23473684210526316}, "run.bm25-1000--rankllama-v1-13b-lora-passage.dl22-passage.txt": {"judge@10": 0.8486842105263153, "judge@20": 0.7953947368421055, "judge@100": 0.47828947368421065, "ndcg@3": 0.8715084126712022, "ndcg@5": 0.8397393106090011, "ndcg@10": 0.8049833185032002, "ndcg@20": 0.7345125525318981, "ndcg@100": 0.5107234259139478, "ndcg@1000": 0.528358704911537, "mrr@5": 0.9210526315789473, "mrr@10": 0.9229323308270676, "mrr@20": 0.9229323308270676, "mrr@100": 0.9229323308270676, "map@10": 0.09388046367063047, "map@100": 0.2762051037392529, "map@1000": 0.31215724760621016, "recall@5": 0.05590633870650624, "recall@20": 0.1778230945176568, "recall@100": 0.38348221233725116, "recall@1000": 0.49049958758936374, "precision@1": 0.8552631578947368, "precision@3": 0.8771929824561404, "precision@5": 0.8289473684210525, "precision@10": 0.7828947368421053, "precision@100": 0.3432894736842106}, "run.bm25-1000--rankllama-v1-7b-lora-passage.dl22-passage.txt": {"judge@10": 0.851315789473684, "judge@20": 0.7776315789473683, "judge@100": 0.46631578947368435, "ndcg@3": 0.8607758816694058, "ndcg@5": 0.8504198674873407, "ndcg@10": 0.8068274726205944, "ndcg@20": 0.722356413218472, "ndcg@100": 0.5080386499560499, "ndcg@1000": 0.526911151235226, "mrr@5": 0.9276315789473685, "mrr@10": 0.9276315789473685, "mrr@20": 0.9276315789473685, "mrr@100": 0.9276315789473685, "map@10": 0.09173617807947983, "map@100": 0.2705122838698372, "map@1000": 0.30742856989577055, "recall@5": 0.05653874800524592, "recall@20": 0.17222131121381232, "recall@100": 0.38292645887152343, "recall@1000": 0.49049958758936374, "precision@1": 0.868421052631579, "precision@3": 0.8552631578947368, "precision@5": 0.8421052631578946, "precision@10": 0.7828947368421053, "precision@100": 0.3417105263157895}, "run.bm25-1000.dl22-passage.txt": {"judge@10": 0.8881578947368419, "judge@20": 0.7592105263157896, "judge@100": 0.4401315789473685, "ndcg@3": 0.5378567750538292, "ndcg@5": 0.526968958540509, "ndcg@10": 0.47113305426900065, "ndcg@20": 0.4097029220468661, "ndcg@100": 0.3064724047051223, "ndcg@1000": 0.41444828822961083, "mrr@5": 0.6986842105263157, "mrr@10": 0.700328947368421, "mrr@20": 0.7032682595182596, "mrr@100": 0.7059167742377125, "map@10": 0.04195593379016873, "map@100": 0.11469282648700156, "map@1000": 0.15162921784120753, "recall@5": 0.032781888835161734, "recall@20": 0.08895631676798191, "recall@100": 0.23664868536396408, "recall@1000": 0.49049958758936374, "precision@1": 0.5921052631578947, "precision@3": 0.5219298245614035, "precision@5": 0.5131578947368421, "precision@10": 0.4394736842105264, "precision@100": 0.21447368421052632}}