{"run.bm25-1000--monot5-3b-msmarco.dl21-passage.txt": {"judge@10": 0.9566037735849053, "judge@20": 0.8981132075471701, "judge@100": 0.5626415094339624, "ndcg@3": 0.9578369931507287, "ndcg@5": 0.9301506492593442, "ndcg@10": 0.912722307178561, "ndcg@20": 0.8632322650281589, "ndcg@100": 0.740405249598309, "ndcg@1000": 0.7757200678846254, "mrr@5": 0.9811320754716981, "mrr@10": 0.9811320754716981, "mrr@20": 0.9811320754716981, "mrr@100": 0.9811320754716981, "map@10": 0.19181333151994723, "map@100": 0.5532912258591178, "map@1000": 0.5950226576847355, "recall@5": 0.10697622414561138, "recall@20": 0.34511219674858773, "recall@100": 0.6784959978269436, "recall@1000": 0.7699376105577608, "precision@1": 0.9622641509433962, "precision@3": 0.9559748427672956, "precision@5": 0.9169811320754716, "precision@10": 0.8962264150943396, "precision@100": 0.40339622641509437}, "run.bm25-1000--monot5-base-msmarco.dl21-passage.txt": {"judge@10": 0.9547169811320753, "judge@20": 0.8962264150943395, "judge@100": 0.5675471698113208, "ndcg@3": 0.9599455642281325, "ndcg@5": 0.9454546026113234, "ndcg@10": 0.9148734514751222, "ndcg@20": 0.8617051186711102, "ndcg@100": 0.7435279196507237, "ndcg@1000": 0.7760758112388985, "mrr@5": 0.9811320754716981, "mrr@10": 0.9838274932614555, "mrr@20": 0.9838274932614555, "mrr@100": 0.9838274932614555, "map@10": 0.18871433497264908, "map@100": 0.5591332385583452, "map@1000": 0.5997371264405356, "recall@5": 0.107216027268384, "recall@20": 0.33693009804986673, "recall@100": 0.6805157586446152, "recall@1000": 0.7699376105577608, "precision@1": 0.9811320754716981, "precision@3": 0.9559748427672956, "precision@5": 0.9358490566037735, "precision@10": 0.8943396226415095, "precision@100": 0.4090566037735849}, "run.bm25-1000--monot5-large-msmarco.dl21-passage.txt": {"judge@10": 0.9547169811320753, "judge@20": 0.8933962264150945, "judge@100": 0.5547169811320755, "ndcg@3": 0.9401283619800587, "ndcg@5": 0.9462660280531312, "ndcg@10": 0.9119255187955863, "ndcg@20": 0.8514932637035122, "ndcg@100": 0.7324947675326704, "ndcg@1000": 0.7709670307038884, "mrr@5": 0.9669811320754716, "mrr@10": 0.9669811320754716, "mrr@20": 0.9669811320754716, "mrr@100": 0.9669811320754716, "map@10": 0.1901710434299117, "map@100": 0.5436589586916108, "map@1000": 0.5869668577445628, "recall@5": 0.11416913767553948, "recall@20": 0.3276033812691101, "recall@100": 0.6682549954408165, "recall@1000": 0.7699376105577608, "precision@1": 0.9433962264150944, "precision@3": 0.9371069182389936, "precision@5": 0.9471698113207546, "precision@10": 0.8943396226415095, "precision@100": 0.4024528301886793}, "run.bm25-1000--rank1-14b.dl21-passage.txt": {"judge@10": 0.7132075471698112, "judge@20": 0.6603773584905662, "judge@100": 0.4498113207547169, "ndcg@3": 0.6659638096408654, "ndcg@5": 0.656988132682972, "ndcg@10": 0.630134006383529, "ndcg@20": 0.5860678244264391, "ndcg@100": 0.5646726198891965, "ndcg@1000": 0.6752292271766362, "mrr@5": 0.8166666666666667, "mrr@10": 0.7942048517520215, "mrr@20": 0.8026954177897574, "mrr@100": 0.8020664869721474, "map@10": 0.12168312247636079, "map@100": 0.3378133975837082, "map@1000": 0.39497489206778696, "recall@5": 0.08420324466642375, "recall@20": 0.23403714819318389, "recall@100": 0.5446686241372716, "recall@1000": 0.7699376105577608, "precision@1": 0.6792452830188679, "precision@3": 0.6603773584905662, "precision@5": 0.6490566037735849, "precision@10": 0.6113207547169811, "precision@100": 0.3145283018867924}, "run.bm25-1000--rank1-32b-awq.dl21-passage.txt": {"judge@10": 0.7773584905660379, "judge@20": 0.7028301886792452, "judge@100": 0.4547169811320753, "ndcg@3": 0.7859171013186079, "ndcg@5": 0.7654491777605801, "ndcg@10": 0.7020378174308246, "ndcg@20": 0.639585633206158, "ndcg@100": 0.5838873261866943, "ndcg@1000": 0.6878617487683736, "mrr@5": 0.8889937106918239, "mrr@10": 0.8544025157232704, "mrr@20": 0.8591194968553458, "mrr@100": 0.8591194968553458, "map@10": 0.1287285736205323, "map@100": 0.35102940372810204, "map@1000": 0.4075644419407758, "recall@5": 0.08917429835589301, "recall@20": 0.23889422374483746, "recall@100": 0.5542310142526384, "recall@1000": 0.7699376105577608, "precision@1": 0.7547169811320755, "precision@3": 0.7924528301886794, "precision@5": 0.7584905660377358, "precision@10": 0.6698113207547168, "precision@100": 0.3222641509433963}, "run.bm25-1000--rank1-7b.dl21-passage.txt": {"judge@10": 0.7566037735849057, "judge@20": 0.6764150943396224, "judge@100": 0.44735849056603777, "ndcg@3": 0.7225675832257711, "ndcg@5": 0.7160674737681103, "ndcg@10": 0.6707560739563435, "ndcg@20": 0.6210026391298987, "ndcg@100": 0.5744225434698804, "ndcg@1000": 0.6819481888083063, "mrr@5": 0.8465408805031447, "mrr@10": 0.8505241090146751, "mrr@20": 0.8472079283400037, "mrr@100": 0.8472079283400037, "map@10": 0.12759860010421725, "map@100": 0.34811317021480587, "map@1000": 0.40618697810052845, "recall@5": 0.08241589758513235, "recall@20": 0.24163913467538764, "recall@100": 0.5500717171465411, "recall@1000": 0.7699376105577608, "precision@1": 0.7547169811320755, "precision@3": 0.710691823899371, "precision@5": 0.7056603773584904, "precision@10": 0.6433962264150944, "precision@100": 0.31924528301886795}, "run.bm25-1000--rankllama-v1-13b-lora-passage.dl21-passage.txt": {"judge@10": 0.9716981132075471, "judge@20": 0.9254716981132076, "judge@100": 0.5849056603773586, "ndcg@3": 0.9955728422073324, "ndcg@5": 0.9890932338206755, "ndcg@10": 0.9636921661324699, "ndcg@20": 0.9246354496518697, "ndcg@100": 0.787380889563902, "ndcg@1000": 0.8056461329527967, "mrr@5": 1.0, "mrr@10": 1.0, "mrr@20": 1.0, "mrr@100": 1.0, "map@10": 0.22053278972702658, "map@100": 0.6409046002695141, "map@1000": 0.675796544367157, "recall@5": 0.12285353641703849, "recall@20": 0.37264268766944225, "recall@100": 0.705792031248212, "recall@1000": 0.7699376105577606, "precision@1": 1.0, "precision@3": 0.9937106918238994, "precision@5": 0.9849056603773585, "precision@10": 0.9471698113207546, "precision@100": 0.4267924528301887}, "run.bm25-1000--rankllama-v1-7b-lora-passage.dl21-passage.txt": {"judge@10": 0.9716981132075471, "judge@20": 0.9264150943396232, "judge@100": 0.5871698113207547, "ndcg@3": 1.0, "ndcg@5": 0.9823905883977971, "ndcg@10": 0.9662422985758989, "ndcg@20": 0.9277147478324498, "ndcg@100": 0.7979090909385322, "ndcg@1000": 0.8103960492102878, "mrr@5": 1.0, "mrr@10": 1.0, "mrr@20": 1.0, "mrr@100": 1.0, "map@10": 0.22736270426777583, "map@100": 0.6595883226271819, "map@1000": 0.692309904955107, "recall@5": 0.12187725902566676, "recall@20": 0.37514743017991353, "recall@100": 0.7146355870676834, "recall@1000": 0.7699376105577606, "precision@1": 1.0, "precision@3": 1.0, "precision@5": 0.9735849056603774, "precision@10": 0.9509433962264149, "precision@100": 0.4335849056603773}, "run.bm25-1000.dl21-passage.txt": {"judge@10": 1.0, "judge@20": 0.8801886792452832, "judge@100": 0.5256603773584906, "ndcg@3": 0.6503637495475992, "ndcg@5": 0.6481891222189431, "ndcg@10": 0.6001295798861511, "ndcg@20": 0.5546161921818209, "ndcg@100": 0.4823397753031471, "ndcg@1000": 0.6259562251055575, "mrr@5": 0.7594339622641509, "mrr@10": 0.7679694519317162, "mrr@20": 0.7706777664573097, "mrr@100": 0.7706777664573097, "map@10": 0.09361020231273097, "map@100": 0.2629884681458007, "map@1000": 0.31815073961527385, "recall@5": 0.06762455182998148, "recall@20": 0.1967949406626388, "recall@100": 0.4516909432625289, "recall@1000": 0.7699376105577606, "precision@1": 0.660377358490566, "precision@3": 0.6477987421383649, "precision@5": 0.6452830188679245, "precision@10": 0.5773584905660377, "precision@100": 0.27301886792452834}}