{"run.bm25-1000--monot5-3b-msmarco.dl21-passage.txt": {"judge@10": 0.9566037735849053, "judge@20": 0.8981132075471701, "judge@100": 0.5626415094339624, "ndcg@3": 0.9301147530370917, "ndcg@5": 0.8919447598726263, "ndcg@10": 0.861717825994579, "ndcg@20": 0.7962181489229271, "ndcg@100": 0.5882873987872923, "ndcg@1000": 0.6125469304313625, "mrr@5": 0.9591194968553458, "mrr@10": 0.9591194968553458, "mrr@20": 0.9591194968553458, "mrr@100": 0.9591194968553458, "map@10": 0.11921697257048025, "map@100": 0.34799186379805946, "map@1000": 0.3957923482225666, "recall@5": 0.07020719743791326, "recall@20": 0.21661482801724952, "recall@100": 0.45158210905581214, "recall@1000": 0.5882385015969654, "precision@1": 0.9245283018867925, "precision@3": 0.930817610062893, "precision@5": 0.8754716981132076, "precision@10": 0.839622641509434, "precision@100": 0.38415094339622646}, "run.bm25-1000--monot5-base-msmarco.dl21-passage.txt": {"judge@10": 0.9547169811320753, "judge@20": 0.8962264150943395, "judge@100": 0.5675471698113208, "ndcg@3": 0.9233690085291607, "ndcg@5": 0.8961787681686066, "ndcg@10": 0.8398213274212042, "ndcg@20": 0.7746449373317211, "ndcg@100": 0.580553476826503, "ndcg@1000": 0.6075874656871794, "mrr@5": 0.9811320754716981, "mrr@10": 0.9811320754716981, "mrr@20": 0.9811320754716981, "mrr@100": 0.9811320754716981, "map@10": 0.11203588789997124, "map@100": 0.33674908607580817, "map@1000": 0.3851060229810069, "recall@5": 0.06833382393307286, "recall@20": 0.20049910046498748, "recall@100": 0.4440580682677145, "recall@1000": 0.5882385015969654, "precision@1": 0.9622641509433962, "precision@3": 0.9119496855345911, "precision@5": 0.8754716981132076, "precision@10": 0.8037735849056601, "precision@100": 0.38188679245283025}, "run.bm25-1000--monot5-large-msmarco.dl21-passage.txt": {"judge@10": 0.9547169811320753, "judge@20": 0.8933962264150945, "judge@100": 0.5547169811320755, "ndcg@3": 0.9256875952444242, "ndcg@5": 0.9179394515011451, "ndcg@10": 0.8589281975394867, "ndcg@20": 0.792751195385639, "ndcg@100": 0.5863296856711437, "ndcg@1000": 0.6119325242528388, "mrr@5": 0.9660377358490566, "mrr@10": 0.9660377358490566, "mrr@20": 0.9660377358490566, "mrr@100": 0.9660377358490566, "map@10": 0.11985179160214575, "map@100": 0.3442975108358556, "map@1000": 0.3925962780724706, "recall@5": 0.07567749806339788, "recall@20": 0.21041498700582534, "recall@100": 0.4499473261871983, "recall@1000": 0.5882385015969654, "precision@1": 0.9433962264150944, "precision@3": 0.9182389937106917, "precision@5": 0.9094339622641507, "precision@10": 0.8283018867924528, "precision@100": 0.3832075471698113}, "run.bm25-1000--rank1-14b.dl21-passage.txt": {"judge@10": 0.7132075471698112, "judge@20": 0.6603773584905662, "judge@100": 0.4498113207547169, "ndcg@3": 0.759144138924743, "ndcg@5": 0.7529654707096627, "ndcg@10": 0.7381403422868297, "ndcg@20": 0.6854409346947791, "ndcg@100": 0.5749421322425701, "ndcg@1000": 0.6071489718922024, "mrr@5": 0.8685534591194968, "mrr@10": 0.849236298292902, "mrr@20": 0.8602425876010782, "mrr@100": 0.8602425876010782, "map@10": 0.12465093895069641, "map@100": 0.34297604418259126, "map@1000": 0.3955984579030358, "recall@5": 0.07246911785098081, "recall@20": 0.21250037891271764, "recall@100": 0.4637408756948121, "recall@1000": 0.5882385015969654, "precision@1": 0.7735849056603774, "precision@3": 0.7547169811320755, "precision@5": 0.7471698113207548, "precision@10": 0.7283018867924527, "precision@100": 0.37849056603773584}, "run.bm25-1000--rank1-32b-awq.dl21-passage.txt": {"judge@10": 0.7773584905660379, "judge@20": 0.7028301886792452, "judge@100": 0.4547169811320753, "ndcg@3": 0.8469480326961811, "ndcg@5": 0.8274477043231988, "ndcg@10": 0.7796818055534273, "ndcg@20": 0.7223163794162785, "ndcg@100": 0.5744745191934382, "ndcg@1000": 0.6082108408991453, "mrr@5": 0.9261006289308177, "mrr@10": 0.9025157232704402, "mrr@20": 0.9056603773584906, "mrr@100": 0.9056603773584906, "map@10": 0.11967522324647471, "map@100": 0.33474575102990073, "map@1000": 0.38705402991120047, "recall@5": 0.0745970280752112, "recall@20": 0.20978704563358647, "recall@100": 0.4548393700660753, "recall@1000": 0.5882385015969654, "precision@1": 0.8301886792452831, "precision@3": 0.849056603773585, "precision@5": 0.8188679245283018, "precision@10": 0.7547169811320753, "precision@100": 0.37528301886792453}, "run.bm25-1000--rank1-7b.dl21-passage.txt": {"judge@10": 0.7566037735849057, "judge@20": 0.6764150943396224, "judge@100": 0.44735849056603777, "ndcg@3": 0.8024664391316462, "ndcg@5": 0.794458357358798, "ndcg@10": 0.7456528548312341, "ndcg@20": 0.6954167469191208, "ndcg@100": 0.5602046520976987, "ndcg@1000": 0.5983379973669661, "mrr@5": 0.9062893081761005, "mrr@10": 0.9072327044025158, "mrr@20": 0.9040880503144654, "mrr@100": 0.9040880503144654, "map@10": 0.11185938681328422, "map@100": 0.3174213854579704, "map@1000": 0.3706446322148413, "recall@5": 0.06913363926106887, "recall@20": 0.20423781877267266, "recall@100": 0.4479558483006936, "recall@1000": 0.5882385015969654, "precision@1": 0.8301886792452831, "precision@3": 0.7924528301886791, "precision@5": 0.7849056603773584, "precision@10": 0.718867924528302, "precision@100": 0.36981132075471695}, "run.bm25-1000--rankllama-v1-13b-lora-passage.dl21-passage.txt": {"judge@10": 0.9716981132075471, "judge@20": 0.9254716981132076, "judge@100": 0.5849056603773586, "ndcg@3": 0.9322233241144956, "ndcg@5": 0.9072487132246057, "ndcg@10": 0.8638251044070125, "ndcg@20": 0.8081230162970835, "ndcg@100": 0.6003727547537187, "ndcg@1000": 0.6175437002843922, "mrr@5": 0.9811320754716981, "mrr@10": 0.9811320754716981, "mrr@20": 0.9811320754716981, "mrr@100": 0.9811320754716981, "map@10": 0.11605212451252955, "map@100": 0.35959927345129544, "map@1000": 0.4074701276793343, "recall@5": 0.06938971469560709, "recall@20": 0.21600845888902848, "recall@100": 0.45861794584450366, "recall@1000": 0.5882385015969653, "precision@1": 0.9622641509433962, "precision@3": 0.9245283018867925, "precision@5": 0.8905660377358489, "precision@10": 0.8358490566037736, "precision@100": 0.3952830188679245}, "run.bm25-1000--rankllama-v1-7b-lora-passage.dl21-passage.txt": {"judge@10": 0.9716981132075471, "judge@20": 0.9264150943396232, "judge@100": 0.5871698113207547, "ndcg@3": 0.9322233241144956, "ndcg@5": 0.9121998482250712, "ndcg@10": 0.8689603329813805, "ndcg@20": 0.8121233405750192, "ndcg@100": 0.6041157239332902, "ndcg@1000": 0.6181748167200471, "mrr@5": 0.9811320754716981, "mrr@10": 0.9842767295597485, "mrr@20": 0.9842767295597485, "mrr@100": 0.9842767295597485, "map@10": 0.11738762882952455, "map@100": 0.3645835178336782, "map@1000": 0.41038758301493844, "recall@5": 0.07159036332959944, "recall@20": 0.21669071920372537, "recall@100": 0.4598905666780533, "recall@1000": 0.5882385015969653, "precision@1": 0.9811320754716981, "precision@3": 0.9182389937106917, "precision@5": 0.8943396226415092, "precision@10": 0.8415094339622643, "precision@100": 0.399811320754717}, "run.bm25-1000.dl21-passage.txt": {"judge@10": 1.0, "judge@20": 0.8801886792452832, "judge@100": 0.5256603773584906, "ndcg@3": 0.6026142915480285, "ndcg@5": 0.6004601652903762, "ndcg@10": 0.5589700317746074, "ndcg@20": 0.5120943073165403, "ndcg@100": 0.40046814721619584, "ndcg@1000": 0.5040786611336001, "mrr@5": 0.7223270440251572, "mrr@10": 0.7292677448337826, "mrr@20": 0.7353804815236559, "mrr@100": 0.7361666450456684, "map@10": 0.05837944144176355, "map@100": 0.17625746400588418, "map@1000": 0.2250465610416971, "recall@5": 0.041066154734183395, "recall@20": 0.1238550865418438, "recall@100": 0.32484512069513416, "recall@1000": 0.5882385015969653, "precision@1": 0.6415094339622641, "precision@3": 0.591194968553459, "precision@5": 0.5924528301886792, "precision@10": 0.5358490566037736, "precision@100": 0.27641509433962275}}