{"run.bm25-1000--monot5-3b-msmarco.dl19-passage.txt": {"judge@10": 0.9651162790697673, "judge@20": 0.8930232558139535, "judge@100": 0.5579069767441859, "ndcg@3": 0.8440949281619969, "ndcg@5": 0.8280849692775649, "ndcg@10": 0.7827028568970297, "ndcg@20": 0.7416014285605262, "ndcg@100": 0.6664241752728651, "ndcg@1000": 0.6928442750435597, "mrr@5": 0.9186046511627907, "mrr@10": 0.9186046511627907, "mrr@20": 0.9186046511627907, "mrr@100": 0.9186046511627907, "map@10": 0.20766190278313132, "map@100": 0.43690544622126976, "map@1000": 0.48342874938603486, "recall@5": 0.1536798584757275, "recall@20": 0.3439913062110194, "recall@100": 0.585802337643491, "recall@1000": 0.7135168131167565, "precision@1": 0.8604651162790697, "precision@3": 0.8372093023255816, "precision@5": 0.813953488372093, "precision@10": 0.7325581395348837, "precision@100": 0.318139534883721}, "run.bm25-1000--monot5-base-msmarco.dl19-passage.txt": {"judge@10": 0.9488372093023255, "judge@20": 0.8883720930232557, "judge@100": 0.546046511627907, "ndcg@3": 0.859036219815012, "ndcg@5": 0.8137818758136867, "ndcg@10": 0.7632639093380822, "ndcg@20": 0.734356449632576, "ndcg@100": 0.6526883176373236, "ndcg@1000": 0.682292258597234, "mrr@5": 0.936046511627907, "mrr@10": 0.936046511627907, "mrr@20": 0.9381606765327696, "mrr@100": 0.9381606765327696, "map@10": 0.18913167173052808, "map@100": 0.416723725083249, "map@1000": 0.4625247857302937, "recall@5": 0.13968661136870836, "recall@20": 0.33444062988080503, "recall@100": 0.5789711698539879, "recall@1000": 0.7135168131167565, "precision@1": 0.9069767441860465, "precision@3": 0.8449612403100774, "precision@5": 0.7813953488372093, "precision@10": 0.7046511627906977, "precision@100": 0.31348837209302327}, "run.bm25-1000--monot5-large-msmarco.dl19-passage.txt": {"judge@10": 0.9488372093023257, "judge@20": 0.8965116279069768, "judge@100": 0.5511627906976744, "ndcg@3": 0.8481227610702967, "ndcg@5": 0.8119969909241768, "ndcg@10": 0.7722383911586682, "ndcg@20": 0.7378128305513613, "ndcg@100": 0.663703539760446, "ndcg@1000": 0.6896298123437332, "mrr@5": 0.9155038759689921, "mrr@10": 0.9155038759689921, "mrr@20": 0.9155038759689921, "mrr@100": 0.9155038759689921, "map@10": 0.19856602359165496, "map@100": 0.43297356350678856, "map@1000": 0.4797464357582631, "recall@5": 0.14579698582067094, "recall@20": 0.3432370019854984, "recall@100": 0.5858152340073767, "recall@1000": 0.7135168131167565, "precision@1": 0.8604651162790697, "precision@3": 0.8449612403100774, "precision@5": 0.7906976744186046, "precision@10": 0.7232558139534884, "precision@100": 0.3188372093023256}, "run.bm25-1000--rank1-14b.dl19-passage.txt": {"judge@10": 0.8093023255813951, "judge@20": 0.7348837209302325, "judge@100": 0.48209302325581405, "ndcg@3": 0.8084967589997355, "ndcg@5": 0.7833582262600983, "ndcg@10": 0.7809404803646125, "ndcg@20": 0.732071656721533, "ndcg@100": 0.6818478356940123, "ndcg@1000": 0.701076500229756, "mrr@5": 0.8825581395348836, "mrr@10": 0.8825581395348836, "mrr@20": 0.8825581395348836, "mrr@100": 0.8825581395348836, "map@10": 0.23110501994974406, "map@100": 0.47989358051355124, "map@1000": 0.5271758918195089, "recall@5": 0.15194968290389813, "recall@20": 0.3610962626495546, "recall@100": 0.6015114253180502, "recall@1000": 0.7135168131167565, "precision@1": 0.813953488372093, "precision@3": 0.8062015503875969, "precision@5": 0.7674418604651163, "precision@10": 0.7465116279069768, "precision@100": 0.3262790697674418}, "run.bm25-1000--rank1-32b-awq.dl19-passage.txt": {"judge@10": 0.8302325581395347, "judge@20": 0.7744186046511625, "judge@100": 0.48232558139534903, "ndcg@3": 0.8179813212803928, "ndcg@5": 0.8200941017740407, "ndcg@10": 0.7953946929433081, "ndcg@20": 0.7622001030642729, "ndcg@100": 0.6919608860503147, "ndcg@1000": 0.7055152672435722, "mrr@5": 0.9147286821705425, "mrr@10": 0.8947951273532668, "mrr@20": 0.8947951273532668, "mrr@100": 0.89562569213732, "map@10": 0.22789175254590252, "map@100": 0.4890427731439015, "map@1000": 0.5343146633623828, "recall@5": 0.1528940654369158, "recall@20": 0.3729150604238014, "recall@100": 0.609849755753464, "recall@1000": 0.7135168131167565, "precision@1": 0.8372093023255814, "precision@3": 0.8139534883720928, "precision@5": 0.813953488372093, "precision@10": 0.7581395348837208, "precision@100": 0.3323255813953488}, "run.bm25-1000--rank1-7b.dl19-passage.txt": {"judge@10": 0.8465116279069768, "judge@20": 0.7860465116279067, "judge@100": 0.49139534883720937, "ndcg@3": 0.8986622218855732, "ndcg@5": 0.8780586750502757, "ndcg@10": 0.8498727028699391, "ndcg@20": 0.8180613818495509, "ndcg@100": 0.7397967906918627, "ndcg@1000": 0.7383301658532367, "mrr@5": 0.9728682170542634, "mrr@10": 0.9728682170542634, "mrr@20": 0.9728682170542634, "mrr@100": 0.9728682170542634, "map@10": 0.26396186289721796, "map@100": 0.5499158497950914, "map@1000": 0.5903864718142401, "recall@5": 0.17121515000929205, "recall@20": 0.40782376406767795, "recall@100": 0.6355876610225921, "recall@1000": 0.7135168131167565, "precision@1": 0.9534883720930233, "precision@3": 0.8837209302325579, "precision@5": 0.8558139534883721, "precision@10": 0.7976744186046513, "precision@100": 0.35139534883720935}, "run.bm25-1000--rankllama-v1-13b-lora-passage.dl19-passage.txt": {"judge@10": 0.9767441860465115, "judge@20": 0.9116279069767441, "judge@100": 0.5765116279069766, "ndcg@3": 0.8782642008602004, "ndcg@5": 0.8405748871349883, "ndcg@10": 0.8095978997594265, "ndcg@20": 0.7485854757276401, "ndcg@100": 0.6791247941458569, "ndcg@1000": 0.7004270735081789, "mrr@5": 0.9368217054263566, "mrr@10": 0.9368217054263566, "mrr@20": 0.9368217054263566, "mrr@100": 0.9368217054263566, "map@10": 0.21774320596551236, "map@100": 0.4532120307830116, "map@1000": 0.4999592148742071, "recall@5": 0.15089821338254766, "recall@20": 0.3452445245039993, "recall@100": 0.5954891746587617, "recall@1000": 0.7135168131167566, "precision@1": 0.9069767441860465, "precision@3": 0.8682170542635658, "precision@5": 0.8139534883720928, "precision@10": 0.758139534883721, "precision@100": 0.32348837209302334}, "run.bm25-1000--rankllama-v1-7b-lora-passage.dl19-passage.txt": {"judge@10": 0.9581395348837206, "judge@20": 0.9069767441860465, "judge@100": 0.5697674418604651, "ndcg@3": 0.898921078369447, "ndcg@5": 0.8755401341333477, "ndcg@10": 0.8157846921938018, "ndcg@20": 0.761873721270332, "ndcg@100": 0.6904149185972965, "ndcg@1000": 0.7068343346615824, "mrr@5": 0.9476744186046512, "mrr@10": 0.9476744186046512, "mrr@20": 0.9476744186046512, "mrr@100": 0.9476744186046512, "map@10": 0.21851720626279797, "map@100": 0.4665950941513337, "map@1000": 0.5114389968938894, "recall@5": 0.1569529096600424, "recall@20": 0.3531659214545688, "recall@100": 0.6023832754908135, "recall@1000": 0.7135168131167566, "precision@1": 0.9069767441860465, "precision@3": 0.8914728682170542, "precision@5": 0.8558139534883721, "precision@10": 0.758139534883721, "precision@100": 0.33}, "run.bm25-1000.dl19-passage.txt": {"judge@10": 1.0, "judge@20": 0.9139534883720931, "judge@100": 0.5248837209302326, "ndcg@3": 0.5773675159289094, "ndcg@5": 0.5690283611902806, "ndcg@10": 0.518530577833373, "ndcg@20": 0.4851575167021292, "ndcg@100": 0.47830484136013324, "ndcg@1000": 0.5769288248364085, "mrr@5": 0.7228682170542635, "mrr@10": 0.7311000369139904, "mrr@20": 0.7353283667237156, "mrr@100": 0.7357363634597417, "map@10": 0.11749719096275124, "map@100": 0.24531093267064089, "map@1000": 0.298130249695236, "recall@5": 0.1026438165080243, "recall@20": 0.22555766738774988, "recall@100": 0.44168463917572326, "recall@1000": 0.7135168131167566, "precision@1": 0.6046511627906976, "precision@3": 0.565891472868217, "precision@5": 0.5534883720930233, "precision@10": 0.47209302325581387, "precision@100": 0.23720930232558143}}