{"run.bm25-1000--monot5-3b-msmarco.dl23-passage.txt": {"judge@10": 0.8158536585365853, "judge@20": 0.7140243902439021, "judge@100": 0.3647560975609756, "ndcg@3": 0.6234498182427923, "ndcg@5": 0.5909334174321287, "ndcg@10": 0.5483079021318424, "ndcg@20": 0.4992832754379631, "ndcg@100": 0.4178432780707366, "ndcg@1000": 0.44921505685057433, "mrr@5": 0.7727642276422764, "mrr@10": 0.7747967479674797, "mrr@20": 0.7747967479674797, "mrr@100": 0.7752484191508582, "map@10": 0.1328169482585602, "map@100": 0.21941336818737997, "map@1000": 0.23502179035799964, "recall@5": 0.10809356367997346, "recall@20": 0.23530152216089398, "recall@100": 0.36944765683043007, "recall@1000": 0.45262235372037163, "precision@1": 0.6341463414634146, "precision@3": 0.6178861788617885, "precision@5": 0.5682926829268293, "precision@10": 0.5, "precision@100": 0.16792682926829267}, "run.bm25-1000--monot5-base-msmarco.dl23-passage.txt": {"judge@10": 0.767073170731707, "judge@20": 0.6737804878048781, "judge@100": 0.3500000000000001, "ndcg@3": 0.598923832525639, "ndcg@5": 0.5564821789505573, "ndcg@10": 0.5054380728995143, "ndcg@20": 0.4622818266346053, "ndcg@100": 0.39664939034101404, "ndcg@1000": 0.43493393402365876, "mrr@5": 0.7646341463414633, "mrr@10": 0.7693766937669376, "mrr@20": 0.7693766937669376, "mrr@100": 0.7693766937669376, "map@10": 0.12143106147595394, "map@100": 0.1988450282554157, "map@1000": 0.21501474026872597, "recall@5": 0.1042494596194395, "recall@20": 0.2067951701922938, "recall@100": 0.35441375393887253, "recall@1000": 0.45262235372037163, "precision@1": 0.6463414634146342, "precision@3": 0.5853658536585366, "precision@5": 0.524390243902439, "precision@10": 0.451219512195122, "precision@100": 0.16085365853658537}, "run.bm25-1000--monot5-large-msmarco.dl23-passage.txt": {"judge@10": 0.7817073170731703, "judge@20": 0.678658536585366, "judge@100": 0.35268292682926844, "ndcg@3": 0.6194318377868707, "ndcg@5": 0.5931922207882386, "ndcg@10": 0.5419763409377791, "ndcg@20": 0.48201476587349, "ndcg@100": 0.4099725331962229, "ndcg@1000": 0.443913624552354, "mrr@5": 0.80630081300813, "mrr@10": 0.8083333333333333, "mrr@20": 0.8083333333333333, "mrr@100": 0.8089140534262484, "map@10": 0.12979454442735305, "map@100": 0.21112400137796397, "map@1000": 0.2267471492816037, "recall@5": 0.10659547383234272, "recall@20": 0.21555432375811123, "recall@100": 0.3612613895143167, "recall@1000": 0.45262235372037163, "precision@1": 0.7195121951219512, "precision@3": 0.5975609756097561, "precision@5": 0.5634146341463414, "precision@10": 0.4865853658536586, "precision@100": 0.16560975609756096}, "run.bm25-1000--rank1-14b.dl23-passage.txt": {"judge@10": 0.5792682926829268, "judge@20": 0.4865853658536585, "judge@100": 0.28024390243902436, "ndcg@3": 0.5739200310726157, "ndcg@5": 0.5513930220090395, "ndcg@10": 0.502130446646692, "ndcg@20": 0.4521694129273978, "ndcg@100": 0.40365951301572506, "ndcg@1000": 0.4408227097643661, "mrr@5": 0.741260162601626, "mrr@10": 0.7323170731707317, "mrr@20": 0.7344512195121952, "mrr@100": 0.7361788617886179, "map@10": 0.13788731395027284, "map@100": 0.2112670202237341, "map@1000": 0.2286438025929956, "recall@5": 0.11939854318863431, "recall@20": 0.22696675744211564, "recall@100": 0.3633245389810458, "recall@1000": 0.45262235372037163, "precision@1": 0.5975609756097561, "precision@3": 0.5650406504065041, "precision@5": 0.5317073170731708, "precision@10": 0.45487804878048793, "precision@100": 0.16146341463414632}, "run.bm25-1000--rank1-32b-awq.dl23-passage.txt": {"judge@10": 0.6085365853658538, "judge@20": 0.5067073170731707, "judge@100": 0.2753658536585367, "ndcg@3": 0.6297862870863372, "ndcg@5": 0.5870239812291332, "ndcg@10": 0.5297883270575813, "ndcg@20": 0.4722967670639414, "ndcg@100": 0.4122854633720631, "ndcg@1000": 0.4481727127719924, "mrr@5": 0.7914634146341464, "mrr@10": 0.8021486643437862, "mrr@20": 0.8003193960511034, "mrr@100": 0.8003193960511034, "map@10": 0.13701079447586698, "map@100": 0.21384310303280524, "map@1000": 0.23058740571706338, "recall@5": 0.1102093695841406, "recall@20": 0.22451251369902422, "recall@100": 0.36134095122706195, "recall@1000": 0.45262235372037163, "precision@1": 0.7073170731707317, "precision@3": 0.6056910569105691, "precision@5": 0.5512195121951219, "precision@10": 0.46829268292682924, "precision@100": 0.1626829268292683}, "run.bm25-1000--rank1-7b.dl23-passage.txt": {"judge@10": 0.5573170731707319, "judge@20": 0.46646341463414626, "judge@100": 0.28060975609756106, "ndcg@3": 0.665622353574697, "ndcg@5": 0.6327943222171428, "ndcg@10": 0.5575392248824406, "ndcg@20": 0.498497557648914, "ndcg@100": 0.448893975047918, "ndcg@1000": 0.4749085014562479, "mrr@5": 0.8032520325203252, "mrr@10": 0.8032520325203252, "mrr@20": 0.8038938810440736, "mrr@100": 0.803760162601626, "map@10": 0.1742440898341272, "map@100": 0.26053054990676944, "map@1000": 0.27686575713860523, "recall@5": 0.14032703993098644, "recall@20": 0.2556144010809506, "recall@100": 0.38700769714190997, "recall@1000": 0.45262235372037163, "precision@1": 0.7195121951219512, "precision@3": 0.6504065040650406, "precision@5": 0.6048780487804878, "precision@10": 0.48902439024390254, "precision@100": 0.17317073170731706}, "run.bm25-1000--rankllama-v1-13b-lora-passage.dl23-passage.txt": {"judge@10": 0.8219512195121946, "judge@20": 0.7256097560975608, "judge@100": 0.3702439024390244, "ndcg@3": 0.6635101972935155, "ndcg@5": 0.6318115890031428, "ndcg@10": 0.5676942835629945, "ndcg@20": 0.5077487265803461, "ndcg@100": 0.4225975001213253, "ndcg@1000": 0.45463306286279304, "mrr@5": 0.8296747967479674, "mrr@10": 0.8296747967479674, "mrr@20": 0.8296747967479674, "mrr@100": 0.8296747967479674, "map@10": 0.14281946491940262, "map@100": 0.2247407107100877, "map@1000": 0.24056349348890133, "recall@5": 0.11239730196872307, "recall@20": 0.2323467391776388, "recall@100": 0.3669775065940907, "recall@1000": 0.45262235372037163, "precision@1": 0.7317073170731707, "precision@3": 0.6422764227642275, "precision@5": 0.6, "precision@10": 0.5060975609756099, "precision@100": 0.16731707317073172}, "run.bm25-1000--rankllama-v1-7b-lora-passage.dl23-passage.txt": {"judge@10": 0.8158536585365849, "judge@20": 0.7164634146341462, "judge@100": 0.3719512195121952, "ndcg@3": 0.6705959655023588, "ndcg@5": 0.6216258075940219, "ndcg@10": 0.5570267352415088, "ndcg@20": 0.49795454028722796, "ndcg@100": 0.4194013354734748, "ndcg@1000": 0.4514306736795778, "mrr@5": 0.8252032520325202, "mrr@10": 0.8267276422764227, "mrr@20": 0.8267276422764227, "mrr@100": 0.8267276422764227, "map@10": 0.13560392201033225, "map@100": 0.22017919249943194, "map@1000": 0.23613446929200713, "recall@5": 0.11153195431500568, "recall@20": 0.22435680136757402, "recall@100": 0.3673430146091227, "recall@1000": 0.45262235372037163, "precision@1": 0.7317073170731707, "precision@3": 0.654471544715447, "precision@5": 0.5853658536585366, "precision@10": 0.4926829268292683, "precision@100": 0.16731707317073172}, "run.bm25-1000.dl23-passage.txt": {"judge@10": 0.9036585365853657, "judge@20": 0.7841463414634148, "judge@100": 0.3267073170731707, "ndcg@3": 0.36919292991893565, "ndcg@5": 0.35152813112217457, "ndcg@10": 0.32490133959312445, "ndcg@20": 0.2982579826356046, "ndcg@100": 0.2689280916253954, "ndcg@1000": 0.35130517341468154, "mrr@5": 0.5632113821138212, "mrr@10": 0.5722222222222222, "mrr@20": 0.5753186515381636, "mrr@100": 0.576445626898784, "map@10": 0.06567622335219124, "map@100": 0.10801598490991082, "map@1000": 0.12460605285341297, "recall@5": 0.05965743758110612, "recall@20": 0.13929065610746444, "recall@100": 0.26016953326144243, "recall@1000": 0.45262235372037163, "precision@1": 0.4634146341463415, "precision@3": 0.34552845528455284, "precision@5": 0.32682926829268294, "precision@10": 0.2890243902439024, "precision@100": 0.1075609756097561}}