{"run.bm25-1000--monot5-3b-msmarco.dl21-passage.txt": {"judge@10": 0.9566037735849053, "judge@20": 0.8981132075471701, "judge@100": 0.5626415094339624, "ndcg@3": 0.9867185266219975, "ndcg@5": 0.9691943907611136, "ndcg@10": 0.9627820303878586, "ndcg@20": 0.9165834485149077, "ndcg@100": 0.7363061494388363, "ndcg@1000": 0.7415043137024135, "mrr@5": 0.9905660377358491, "mrr@10": 0.9905660377358491, "mrr@20": 0.9905660377358491, "mrr@100": 0.9905660377358491, "map@10": 0.1537160565037726, "map@100": 0.555876062887718, "map@1000": 0.5926222374002432, "recall@5": 0.07871655070312747, "recall@20": 0.2906540497999104, "recall@100": 0.633891223999005, "recall@1000": 0.6981199136759058, "precision@1": 0.9811320754716981, "precision@3": 0.9874213836477986, "precision@5": 0.9622641509433962, "precision@10": 0.9566037735849056, "precision@100": 0.4705660377358491}, "run.bm25-1000--monot5-base-msmarco.dl21-passage.txt": {"judge@10": 0.9547169811320753, "judge@20": 0.8962264150943395, "judge@100": 0.5675471698113208, "ndcg@3": 0.9755456243213987, "ndcg@5": 0.9696678962778951, "ndcg@10": 0.9537496838780081, "ndcg@20": 0.8923734879784909, "ndcg@100": 0.7087352396237045, "ndcg@1000": 0.7289349181152192, "mrr@5": 0.9905660377358491, "mrr@10": 0.9905660377358491, "mrr@20": 0.9905660377358491, "mrr@100": 0.9905660377358491, "map@10": 0.14831147085549976, "map@100": 0.5118072875639417, "map@1000": 0.5530800899898378, "recall@5": 0.07701932486587193, "recall@20": 0.2705683590896937, "recall@100": 0.6054101921959211, "recall@1000": 0.6981199136759058, "precision@1": 0.9811320754716981, "precision@3": 0.9748427672955975, "precision@5": 0.9660377358490565, "precision@10": 0.9433962264150944, "precision@100": 0.45094339622641505}, "run.bm25-1000--monot5-large-msmarco.dl21-passage.txt": {"judge@10": 0.9547169811320753, "judge@20": 0.8933962264150945, "judge@100": 0.5547169811320755, "ndcg@3": 0.9778642110366624, "ndcg@5": 0.9762947355084637, "ndcg@10": 0.9514720753710108, "ndcg@20": 0.8943249414391652, "ndcg@100": 0.7047663850178125, "ndcg@1000": 0.727625951968242, "mrr@5": 0.9905660377358491, "mrr@10": 0.9905660377358491, "mrr@20": 0.9905660377358491, "mrr@100": 0.9905660377358491, "map@10": 0.14914620864169173, "map@100": 0.5041106014956261, "map@1000": 0.5466700592985102, "recall@5": 0.0785902398656471, "recall@20": 0.27296928897939804, "recall@100": 0.598939012986348, "recall@1000": 0.6981199136759058, "precision@1": 0.9811320754716981, "precision@3": 0.9748427672955975, "precision@5": 0.9735849056603774, "precision@10": 0.9377358490566038, "precision@100": 0.4486792452830189}, "run.bm25-1000--rank1-14b.dl21-passage.txt": {"judge@10": 0.7132075471698112, "judge@20": 0.6603773584905662, "judge@100": 0.4498113207547169, "ndcg@3": 0.7358490566037735, "ndcg@5": 0.7259467866028422, "ndcg@10": 0.699967968036504, "ndcg@20": 0.6381761876832273, "ndcg@100": 0.5386879090752231, "ndcg@1000": 0.6419480321030407, "mrr@5": 0.8591194968553458, "mrr@10": 0.8398023360287511, "mrr@20": 0.8508086253369272, "mrr@100": 0.8508086253369272, "map@10": 0.10046327685223597, "map@100": 0.3097721930484951, "map@1000": 0.3671773003961747, "recall@5": 0.06101360119500593, "recall@20": 0.1913216739509961, "recall@100": 0.4734123506010853, "recall@1000": 0.6981199136759058, "precision@1": 0.7547169811320755, "precision@3": 0.729559748427673, "precision@5": 0.7169811320754716, "precision@10": 0.6830188679245284, "precision@100": 0.34584905660377363}, "run.bm25-1000--rank1-32b-awq.dl21-passage.txt": {"judge@10": 0.7773584905660379, "judge@20": 0.7028301886792452, "judge@100": 0.4547169811320753, "ndcg@3": 0.8269208148102474, "ndcg@5": 0.8129735017808842, "ndcg@10": 0.7609851164766482, "ndcg@20": 0.6808430860920013, "ndcg@100": 0.5564335363650219, "ndcg@1000": 0.6540056437288831, "mrr@5": 0.9040880503144655, "mrr@10": 0.8930817610062892, "mrr@20": 0.8962264150943396, "mrr@100": 0.8962264150943396, "map@10": 0.11048980431579096, "map@100": 0.32286416345389124, "map@1000": 0.378991898834954, "recall@5": 0.066336229754716, "recall@20": 0.20148169712935415, "recall@100": 0.4818018567265781, "recall@1000": 0.6981199136759058, "precision@1": 0.8113207547169812, "precision@3": 0.8301886792452831, "precision@5": 0.8075471698113207, "precision@10": 0.7358490566037735, "precision@100": 0.35132075471698115}, "run.bm25-1000--rank1-7b.dl21-passage.txt": {"judge@10": 0.7566037735849057, "judge@20": 0.6764150943396224, "judge@100": 0.44735849056603777, "ndcg@3": 0.7812799278880804, "ndcg@5": 0.7739147286003935, "ndcg@10": 0.7298665863016912, "ndcg@20": 0.6627977956024514, "ndcg@100": 0.5435706149005273, "ndcg@1000": 0.6483104668998605, "mrr@5": 0.8921383647798742, "mrr@10": 0.8930817610062893, "mrr@20": 0.8912848158131178, "mrr@100": 0.8912848158131178, "map@10": 0.1098127097647608, "map@100": 0.31614928819757804, "map@1000": 0.3756102098865264, "recall@5": 0.06473975798288108, "recall@20": 0.19680886738405834, "recall@100": 0.4705189589205546, "recall@1000": 0.6981199136759058, "precision@1": 0.8301886792452831, "precision@3": 0.7672955974842766, "precision@5": 0.7622641509433962, "precision@10": 0.7037735849056603, "precision@100": 0.3456603773584905}, "run.bm25-1000--rankllama-v1-13b-lora-passage.dl21-passage.txt": {"judge@10": 0.9716981132075471, "judge@20": 0.9254716981132076, "judge@100": 0.5849056603773586, "ndcg@3": 0.9899863910570331, "ndcg@5": 0.9902873312286099, "ndcg@10": 0.9688396693277789, "ndcg@20": 0.9179735142535167, "ndcg@100": 0.7191414912935178, "ndcg@1000": 0.7360665372222633, "mrr@5": 1.0, "mrr@10": 1.0, "mrr@20": 1.0, "mrr@100": 1.0, "map@10": 0.15225421978451126, "map@100": 0.5328838028745504, "map@1000": 0.5725823645006017, "recall@5": 0.07946850872253584, "recall@20": 0.2816695287643449, "recall@100": 0.6112797713107102, "recall@1000": 0.6981199136759058, "precision@1": 1.0, "precision@3": 0.9874213836477986, "precision@5": 0.988679245283019, "precision@10": 0.9584905660377357, "precision@100": 0.4550943396226415}, "run.bm25-1000--rankllama-v1-7b-lora-passage.dl21-passage.txt": {"judge@10": 0.9716981132075471, "judge@20": 0.9264150943396232, "judge@100": 0.5871698113207547, "ndcg@3": 1.0, "ndcg@5": 0.98486615589803, "ndcg@10": 0.9704374050697007, "ndcg@20": 0.9160762222793242, "ndcg@100": 0.7174863985250418, "ndcg@1000": 0.7358745740981255, "mrr@5": 1.0, "mrr@10": 1.0, "mrr@20": 1.0, "mrr@100": 1.0, "map@10": 0.1532324150704508, "map@100": 0.5291146550629847, "map@1000": 0.5706236515737099, "recall@5": 0.07893677194901566, "recall@20": 0.280299095241709, "recall@100": 0.6067206774168372, "recall@1000": 0.6981199136759058, "precision@1": 1.0, "precision@3": 1.0, "precision@5": 0.9773584905660376, "precision@10": 0.9603773584905658, "precision@100": 0.4537735849056604}, "run.bm25-1000.dl21-passage.txt": {"judge@10": 1.0, "judge@20": 0.8801886792452832, "judge@100": 0.5256603773584906, "ndcg@3": 0.6447772983972998, "ndcg@5": 0.6372858212262861, "ndcg@10": 0.5967334647893611, "ndcg@20": 0.5517881832934151, "ndcg@100": 0.4431760505655417, "ndcg@1000": 0.584648255814612, "mrr@5": 0.7452830188679245, "mrr@10": 0.75801138065289, "mrr@20": 0.7590044293122743, "mrr@100": 0.7590044293122743, "map@10": 0.07120398931589446, "map@100": 0.22014378769142373, "map@1000": 0.2740597420549571, "recall@5": 0.04699935574260683, "recall@20": 0.1551220174948394, "recall@100": 0.3893579459862017, "recall@1000": 0.6981199136759058, "precision@1": 0.660377358490566, "precision@3": 0.641509433962264, "precision@5": 0.630188679245283, "precision@10": 0.5754716981132075, "precision@100": 0.2858490566037735}}