{"run.bm25-1000--monot5-3b-msmarco.dl20-passage.txt": {"judge@10": 0.9888888888888888, "judge@20": 0.9351851851851852, "judge@100": 0.5874074074074074, "ndcg@3": 0.9727911347032823, "ndcg@5": 0.9624600595702036, "ndcg@10": 0.9281514080026848, "ndcg@20": 0.8967152591580567, "ndcg@100": 0.8918947781973352, "ndcg@1000": 0.9008407031683549, "mrr@5": 0.9907407407407407, "mrr@10": 0.9907407407407407, "mrr@20": 0.9907407407407407, "mrr@100": 0.9907407407407407, "map@10": 0.48859557934982345, "map@100": 0.7992812047943961, "map@1000": 0.8049778911631398, "recall@5": 0.33206085177223454, "recall@20": 0.6600155493852712, "recall@100": 0.8891631850489946, "recall@1000": 0.9060911952121647, "precision@1": 0.9814814814814815, "precision@3": 0.9629629629629631, "precision@5": 0.925925925925926, "precision@10": 0.825925925925926, "precision@100": 0.23518518518518516}, "run.bm25-1000--monot5-base-msmarco.dl20-passage.txt": {"judge@10": 0.9870370370370369, "judge@20": 0.9175925925925926, "judge@100": 0.5688888888888888, "ndcg@3": 0.9400992710553447, "ndcg@5": 0.9217964368258426, "ndcg@10": 0.8855059114187289, "ndcg@20": 0.8697890695738978, "ndcg@100": 0.8704165155254553, "ndcg@1000": 0.8817194784907223, "mrr@5": 0.9614197530864197, "mrr@10": 0.9614197530864197, "mrr@20": 0.9614197530864197, "mrr@100": 0.9614197530864197, "map@10": 0.4462324870592865, "map@100": 0.7592857875078493, "map@1000": 0.7664429737827484, "recall@5": 0.3084380496772103, "recall@20": 0.6446791900436225, "recall@100": 0.8849589158388284, "recall@1000": 0.9060911952121647, "precision@1": 0.9444444444444444, "precision@3": 0.9320987654320988, "precision@5": 0.8851851851851853, "precision@10": 0.7870370370370371, "precision@100": 0.23314814814814813}, "run.bm25-1000--monot5-large-msmarco.dl20-passage.txt": {"judge@10": 0.9759259259259259, "judge@20": 0.9092592592592595, "judge@100": 0.5744444444444444, "ndcg@3": 0.9650324864278224, "ndcg@5": 0.9453426636314612, "ndcg@10": 0.9005075320270656, "ndcg@20": 0.8737765264303741, "ndcg@100": 0.8785685041162538, "ndcg@1000": 0.8897040776335973, "mrr@5": 1.0, "mrr@10": 1.0, "mrr@20": 1.0, "mrr@100": 1.0, "map@10": 0.4603490258029843, "map@100": 0.7653667365492369, "map@1000": 0.7721839089132165, "recall@5": 0.31829149059986966, "recall@20": 0.6413680268373336, "recall@100": 0.8849931109601364, "recall@1000": 0.9060911952121647, "precision@1": 1.0, "precision@3": 0.9506172839506172, "precision@5": 0.9037037037037037, "precision@10": 0.7925925925925926, "precision@100": 0.23314814814814813}, "run.bm25-1000--rank1-14b.dl20-passage.txt": {"judge@10": 0.8555555555555552, "judge@20": 0.7814814814814816, "judge@100": 0.47481481481481475, "ndcg@3": 0.7038979941743863, "ndcg@5": 0.7103164279317775, "ndcg@10": 0.6792597861564279, "ndcg@20": 0.6669950612659238, "ndcg@100": 0.712534019845893, "ndcg@1000": 0.7656108440641125, "mrr@5": 0.8123456790123457, "mrr@10": 0.8117283950617284, "mrr@20": 0.8137860082304528, "mrr@100": 0.8137860082304528, "map@10": 0.29628271256270655, "map@100": 0.5246698297932109, "map@1000": 0.545370064321534, "recall@5": 0.23802842898572063, "recall@20": 0.5177257235259036, "recall@100": 0.7858561877379181, "recall@1000": 0.9060911952121647, "precision@1": 0.7037037037037037, "precision@3": 0.7037037037037037, "precision@5": 0.6962962962962963, "precision@10": 0.6185185185185185, "precision@100": 0.19777777777777775}, "run.bm25-1000--rank1-32b-awq.dl20-passage.txt": {"judge@10": 0.8796296296296295, "judge@20": 0.789814814814815, "judge@100": 0.476111111111111, "ndcg@3": 0.7879945304594625, "ndcg@5": 0.7697609332812525, "ndcg@10": 0.7290190330867117, "ndcg@20": 0.703637400386988, "ndcg@100": 0.7411597996566663, "ndcg@1000": 0.7887620929389264, "mrr@5": 0.8833333333333334, "mrr@10": 0.8813492063492063, "mrr@20": 0.8824385309679428, "mrr@100": 0.8824385309679428, "map@10": 0.32458896434867934, "map@100": 0.5578177556243072, "map@1000": 0.5758337033405415, "recall@5": 0.25398951860832025, "recall@20": 0.536088898389381, "recall@100": 0.8003178878217406, "recall@1000": 0.9060911952121647, "precision@1": 0.8333333333333334, "precision@3": 0.7716049382716049, "precision@5": 0.7333333333333333, "precision@10": 0.6444444444444444, "precision@100": 0.20074074074074066}, "run.bm25-1000--rank1-7b.dl20-passage.txt": {"judge@10": 0.824074074074074, "judge@20": 0.7703703703703703, "judge@100": 0.48314814814814827, "ndcg@3": 0.7471554375946996, "ndcg@5": 0.7307053495537971, "ndcg@10": 0.6777371478400348, "ndcg@20": 0.6738800731581525, "ndcg@100": 0.7265821466413853, "ndcg@1000": 0.770859897323983, "mrr@5": 0.8648148148148147, "mrr@10": 0.865814226925338, "mrr@20": 0.8672387283498395, "mrr@100": 0.8672387283498395, "map@10": 0.2939810762972701, "map@100": 0.5322358405465082, "map@1000": 0.5504637474783853, "recall@5": 0.23096849569393885, "recall@20": 0.5200808324187164, "recall@100": 0.8122652906154129, "recall@1000": 0.9060911952121647, "precision@1": 0.8148148148148148, "precision@3": 0.728395061728395, "precision@5": 0.6962962962962962, "precision@10": 0.5962962962962962, "precision@100": 0.20296296296296298}, "run.bm25-1000--rankllama-v1-13b-lora-passage.dl20-passage.txt": {"judge@10": 0.9777777777777776, "judge@20": 0.9287037037037038, "judge@100": 0.5918518518518517, "ndcg@3": 1.0, "ndcg@5": 0.9948653069008324, "ndcg@10": 0.9796455005302711, "ndcg@20": 0.9531226145798767, "ndcg@100": 0.9243681705366934, "ndcg@1000": 0.9280053258930286, "mrr@5": 1.0, "mrr@10": 1.0, "mrr@20": 1.0, "mrr@100": 1.0, "map@10": 0.54225078611028, "map@100": 0.8815176340262099, "map@1000": 0.8850859611515065, "recall@5": 0.34543533736894244, "recall@20": 0.7140980340289823, "recall@100": 0.9002975285249456, "recall@1000": 0.9060911952121649, "precision@1": 1.0, "precision@3": 0.9938271604938271, "precision@5": 0.9629629629629628, "precision@10": 0.8870370370370368, "precision@100": 0.24074074074074078}, "run.bm25-1000--rankllama-v1-7b-lora-passage.dl20-passage.txt": {"judge@10": 0.9851851851851849, "judge@20": 0.9287037037037037, "judge@100": 0.5864814814814816, "ndcg@3": 0.9945170016487802, "ndcg@5": 0.9905857849975391, "ndcg@10": 0.956095720346655, "ndcg@20": 0.9329206579924765, "ndcg@100": 0.9120072752815687, "ndcg@1000": 0.9165784124331438, "mrr@5": 1.0, "mrr@10": 1.0, "mrr@20": 1.0, "mrr@100": 1.0, "map@10": 0.5091719859095664, "map@100": 0.8438670004032502, "map@1000": 0.8477329692271579, "recall@5": 0.3433777242002182, "recall@20": 0.6888663783542016, "recall@100": 0.8986014481289721, "recall@1000": 0.9060911952121649, "precision@1": 1.0, "precision@3": 0.9876543209876543, "precision@5": 0.9592592592592593, "precision@10": 0.8555555555555555, "precision@100": 0.23962962962962966}, "run.bm25-1000.dl20-passage.txt": {"judge@10": 0.9944444444444445, "judge@20": 0.9138888888888891, "judge@100": 0.5294444444444444, "ndcg@3": 0.6449407997211687, "ndcg@5": 0.6251209301310864, "ndcg@10": 0.5852509687039591, "ndcg@20": 0.5666167845297831, "ndcg@100": 0.6174293009572971, "ndcg@1000": 0.704182035681085, "mrr@5": 0.7753086419753087, "mrr@10": 0.7847442680776014, "mrr@20": 0.7889160222493556, "mrr@100": 0.7889160222493556, "map@10": 0.2579066981319731, "map@100": 0.42626760654739865, "map@1000": 0.44944757327362445, "recall@5": 0.18687944599871106, "recall@20": 0.4286418067174484, "recall@100": 0.6857570453518912, "recall@1000": 0.9060911952121649, "precision@1": 0.7037037037037037, "precision@3": 0.6234567901234568, "precision@5": 0.5962962962962963, "precision@10": 0.5185185185185186, "precision@100": 0.16740740740740745}}