{"run.bm25-1000--monot5-3b-msmarco.dl19-passage.txt": {"judge@10": 0.9651162790697673, "judge@20": 0.8930232558139535, "judge@100": 0.5579069767441859, "ndcg@3": 0.7422252325927741, "ndcg@5": 0.737244593427503, "ndcg@10": 0.7344994744698279, "ndcg@20": 0.7152159749889807, "ndcg@100": 0.671531782078024, "ndcg@1000": 0.7042713479945387, "mrr@5": 0.8670542635658914, "mrr@10": 0.8670542635658914, "mrr@20": 0.8670542635658914, "mrr@100": 0.8673311184939091, "map@10": 0.21780071181589106, "map@100": 0.43703530135748164, "map@1000": 0.4837241673092775, "recall@5": 0.1643452463042874, "recall@20": 0.3920270808081254, "recall@100": 0.6153666216614305, "recall@1000": 0.7501450319499805, "precision@1": 0.813953488372093, "precision@3": 0.7364341085271318, "precision@5": 0.7116279069767443, "precision@10": 0.6534883720930232, "precision@100": 0.27883720930232564}, "run.bm25-1000--monot5-base-msmarco.dl19-passage.txt": {"judge@10": 0.9488372093023255, "judge@20": 0.8883720930232557, "judge@100": 0.546046511627907, "ndcg@3": 0.7439707262454393, "ndcg@5": 0.744830211085638, "ndcg@10": 0.7345564074518225, "ndcg@20": 0.7119323851455318, "ndcg@100": 0.664835461895552, "ndcg@1000": 0.7014355496864684, "mrr@5": 0.8709302325581396, "mrr@10": 0.8709302325581396, "mrr@20": 0.8725913621262459, "mrr@100": 0.8725913621262459, "map@10": 0.21758954549434525, "map@100": 0.43017365469339924, "map@1000": 0.4768416215024286, "recall@5": 0.16439038204709755, "recall@20": 0.39811043754983155, "recall@100": 0.6102660519254252, "recall@1000": 0.7501450319499805, "precision@1": 0.813953488372093, "precision@3": 0.7364341085271318, "precision@5": 0.7069767441860466, "precision@10": 0.6465116279069768, "precision@100": 0.2746511627906977}, "run.bm25-1000--monot5-large-msmarco.dl19-passage.txt": {"judge@10": 0.9488372093023257, "judge@20": 0.8965116279069768, "judge@100": 0.5511627906976744, "ndcg@3": 0.76301747374761, "ndcg@5": 0.7500878879979662, "ndcg@10": 0.7345115613700497, "ndcg@20": 0.7206807514506054, "ndcg@100": 0.6739800199404353, "ndcg@1000": 0.709856803476173, "mrr@5": 0.87015503875969, "mrr@10": 0.8730620155038761, "mrr@20": 0.8730620155038761, "mrr@100": 0.8730620155038761, "map@10": 0.22613249546683364, "map@100": 0.43894068950854154, "map@1000": 0.4884699833665719, "recall@5": 0.16932934333572275, "recall@20": 0.3893854034317592, "recall@100": 0.6102874692538766, "recall@1000": 0.7501450319499805, "precision@1": 0.813953488372093, "precision@3": 0.751937984496124, "precision@5": 0.7116279069767443, "precision@10": 0.6465116279069768, "precision@100": 0.27604651162790694}, "run.bm25-1000--rank1-14b.dl19-passage.txt": {"judge@10": 0.8093023255813951, "judge@20": 0.7348837209302325, "judge@100": 0.48209302325581405, "ndcg@3": 0.648369266957437, "ndcg@5": 0.639427401726147, "ndcg@10": 0.6392543126108035, "ndcg@20": 0.6205826529161256, "ndcg@100": 0.6198483089170593, "ndcg@1000": 0.6715244213782944, "mrr@5": 0.7546511627906978, "mrr@10": 0.7539036544850499, "mrr@20": 0.7522563676633445, "mrr@100": 0.7522563676633445, "map@10": 0.19603257949770933, "map@100": 0.39903135491206976, "map@1000": 0.4496727530951625, "recall@5": 0.14336070268997073, "recall@20": 0.35072966833421276, "recall@100": 0.6091452352664573, "recall@1000": 0.7501450319499805, "precision@1": 0.6511627906976745, "precision@3": 0.6434108527131782, "precision@5": 0.6186046511627907, "precision@10": 0.5860465116279069, "precision@100": 0.27209302325581397}, "run.bm25-1000--rank1-32b-awq.dl19-passage.txt": {"judge@10": 0.8302325581395347, "judge@20": 0.7744186046511625, "judge@100": 0.48232558139534903, "ndcg@3": 0.6630120993671237, "ndcg@5": 0.666270202379638, "ndcg@10": 0.6545642119730108, "ndcg@20": 0.6525527634389201, "ndcg@100": 0.639490824436849, "ndcg@1000": 0.6819942210094387, "mrr@5": 0.8465116279069768, "mrr@10": 0.828423772609819, "mrr@20": 0.8276287020473067, "mrr@100": 0.8276287020473067, "map@10": 0.19433386465955085, "map@100": 0.4155048670889069, "map@1000": 0.4644893334806762, "recall@5": 0.15075382355098432, "recall@20": 0.3670222650150952, "recall@100": 0.6257880388149755, "recall@1000": 0.7501450319499805, "precision@1": 0.7674418604651163, "precision@3": 0.6434108527131783, "precision@5": 0.6372093023255814, "precision@10": 0.5744186046511629, "precision@100": 0.27837209302325583}, "run.bm25-1000--rank1-7b.dl19-passage.txt": {"judge@10": 0.8465116279069768, "judge@20": 0.7860465116279067, "judge@100": 0.49139534883720937, "ndcg@3": 0.6930339548242826, "ndcg@5": 0.6692088077105665, "ndcg@10": 0.6660106234807642, "ndcg@20": 0.6564284701504168, "ndcg@100": 0.6339004743339899, "ndcg@1000": 0.6834015567195869, "mrr@5": 0.8023255813953488, "mrr@10": 0.8104651162790696, "mrr@20": 0.8102536997885834, "mrr@100": 0.8112648221343873, "map@10": 0.20140785930289684, "map@100": 0.4024565763171493, "map@1000": 0.4529862998425316, "recall@5": 0.14451615551007313, "recall@20": 0.36618645667058053, "recall@100": 0.6066363271206868, "recall@1000": 0.7501450319499805, "precision@1": 0.7441860465116279, "precision@3": 0.6821705426356589, "precision@5": 0.627906976744186, "precision@10": 0.5953488372093023, "precision@100": 0.2713953488372093}, "run.bm25-1000--rankllama-v1-13b-lora-passage.dl19-passage.txt": {"judge@10": 0.9767441860465115, "judge@20": 0.9116279069767441, "judge@100": 0.5765116279069766, "ndcg@3": 0.7761496440344476, "ndcg@5": 0.7696236271397158, "ndcg@10": 0.759325213338519, "ndcg@20": 0.7372806383609779, "ndcg@100": 0.6952538184068943, "ndcg@1000": 0.7202288221409868, "mrr@5": 0.8953488372093024, "mrr@10": 0.8953488372093024, "mrr@20": 0.8953488372093024, "mrr@100": 0.8960535588442565, "map@10": 0.22363338346028352, "map@100": 0.45102208562450835, "map@1000": 0.4988347887182128, "recall@5": 0.16315259178047625, "recall@20": 0.39712299064482504, "recall@100": 0.6370947232939222, "recall@1000": 0.7501450319499805, "precision@1": 0.8372093023255814, "precision@3": 0.7751937984496123, "precision@5": 0.7302325581395348, "precision@10": 0.6581395348837209, "precision@100": 0.2837209302325582}, "run.bm25-1000--rankllama-v1-7b-lora-passage.dl19-passage.txt": {"judge@10": 0.9581395348837206, "judge@20": 0.9069767441860465, "judge@100": 0.5697674418604651, "ndcg@3": 0.7500763833677946, "ndcg@5": 0.7488754870714505, "ndcg@10": 0.7433911194671438, "ndcg@20": 0.7317367414453184, "ndcg@100": 0.6890702537951243, "ndcg@1000": 0.7138567374396357, "mrr@5": 0.8410852713178294, "mrr@10": 0.8410852713178294, "mrr@20": 0.8410852713178294, "mrr@100": 0.8419465977605513, "map@10": 0.2311075272153042, "map@100": 0.45723242563311756, "map@1000": 0.505365558107472, "recall@5": 0.1712256391124739, "recall@20": 0.40965766384728486, "recall@100": 0.6353747003541318, "recall@1000": 0.7501450319499805, "precision@1": 0.7441860465116279, "precision@3": 0.7751937984496123, "precision@5": 0.7255813953488371, "precision@10": 0.6651162790697674, "precision@100": 0.28511627906976744}, "run.bm25-1000.dl19-passage.txt": {"judge@10": 1.0, "judge@20": 0.9139534883720931, "judge@100": 0.5248837209302326, "ndcg@3": 0.5230363189269646, "ndcg@5": 0.5278310368232715, "ndcg@10": 0.5058310024399072, "ndcg@20": 0.4913521103612312, "ndcg@100": 0.5018056716271816, "ndcg@1000": 0.6067381562171482, "mrr@5": 0.6906976744186046, "mrr@10": 0.7024178663713548, "mrr@20": 0.7036418565794331, "mrr@100": 0.7036418565794331, "map@10": 0.12722168847006304, "map@100": 0.24761595813584472, "map@1000": 0.30130356417011317, "recall@5": 0.11365495959002266, "recall@20": 0.26976250697956095, "recall@100": 0.49104957351440587, "recall@1000": 0.7501450319499805, "precision@1": 0.5813953488372093, "precision@3": 0.4806201550387597, "precision@5": 0.4790697674418605, "precision@10": 0.4116279069767442, "precision@100": 0.19674418604651164}}