{"run.bm25-1000--monot5-3b-msmarco.dl23-passage.txt": {"judge@10": 0.8158536585365853, "judge@20": 0.7140243902439021, "judge@100": 0.3647560975609756, "ndcg@3": 0.8272918782164594, "ndcg@5": 0.8095141666250946, "ndcg@10": 0.7693197247544985, "ndcg@20": 0.6901178093128499, "ndcg@100": 0.5492829185259076, "ndcg@1000": 0.5847828963007908, "mrr@5": 0.8861788617886178, "mrr@10": 0.8861788617886178, "mrr@20": 0.886991869918699, "mrr@100": 0.886991869918699, "map@10": 0.134029373139591, "map@100": 0.33049425604766297, "map@1000": 0.35897499761764234, "recall@5": 0.08361946093597472, "recall@20": 0.24609333137503814, "recall@100": 0.4697656660783589, "recall@1000": 0.5626963452483392, "precision@1": 0.7926829268292683, "precision@3": 0.8333333333333335, "precision@5": 0.8048780487804879, "precision@10": 0.748780487804878, "precision@100": 0.288170731707317}, "run.bm25-1000--monot5-base-msmarco.dl23-passage.txt": {"judge@10": 0.767073170731707, "judge@20": 0.6737804878048781, "judge@100": 0.3500000000000001, "ndcg@3": 0.8005179944034103, "ndcg@5": 0.7887451668382762, "ndcg@10": 0.7500199677875166, "ndcg@20": 0.6696404251780846, "ndcg@100": 0.5335041018679794, "ndcg@1000": 0.5750695615803979, "mrr@5": 0.899390243902439, "mrr@10": 0.9011324041811846, "mrr@20": 0.9011324041811846, "mrr@100": 0.9011324041811846, "map@10": 0.12655855558059498, "map@100": 0.30997000613703574, "map@1000": 0.34028536481272764, "recall@5": 0.07917926306895873, "recall@20": 0.23615561863820186, "recall@100": 0.4593581861274427, "recall@1000": 0.5626963452483392, "precision@1": 0.8170731707317073, "precision@3": 0.7967479674796747, "precision@5": 0.7804878048780488, "precision@10": 0.7280487804878049, "precision@100": 0.28060975609756095}, "run.bm25-1000--monot5-large-msmarco.dl23-passage.txt": {"judge@10": 0.7817073170731703, "judge@20": 0.678658536585366, "judge@100": 0.35268292682926844, "ndcg@3": 0.808217320162838, "ndcg@5": 0.8030350214351275, "ndcg@10": 0.7819647869132255, "ndcg@20": 0.6932269764625499, "ndcg@100": 0.558500291648994, "ndcg@1000": 0.5898781691554413, "mrr@5": 0.926829268292683, "mrr@10": 0.926829268292683, "mrr@20": 0.926829268292683, "mrr@100": 0.926829268292683, "map@10": 0.1385516893345498, "map@100": 0.34483141606542017, "map@1000": 0.37378799473610363, "recall@5": 0.08176503916073312, "recall@20": 0.25699347863765376, "recall@100": 0.481029967319052, "recall@1000": 0.5626963452483392, "precision@1": 0.8658536585365854, "precision@3": 0.7967479674796747, "precision@5": 0.7926829268292683, "precision@10": 0.7658536585365854, "precision@100": 0.29256097560975614}, "run.bm25-1000--rank1-14b.dl23-passage.txt": {"judge@10": 0.5792682926829268, "judge@20": 0.4865853658536585, "judge@100": 0.28024390243902436, "ndcg@3": 0.6499522184264129, "ndcg@5": 0.6078619474749243, "ndcg@10": 0.5461552613544326, "ndcg@20": 0.46092969871975875, "ndcg@100": 0.39247174824095044, "ndcg@1000": 0.497924146373183, "mrr@5": 0.7947154471544714, "mrr@10": 0.7857723577235772, "mrr@20": 0.7879065040650407, "mrr@100": 0.7905949741315594, "map@10": 0.08353436951688345, "map@100": 0.17719185606656654, "map@1000": 0.21391433157332823, "recall@5": 0.06336041512707966, "recall@20": 0.15269191396270806, "recall@100": 0.33485290250908906, "recall@1000": 0.5626963452483392, "precision@1": 0.6707317073170732, "precision@3": 0.6422764227642277, "precision@5": 0.5829268292682926, "precision@10": 0.5073170731707318, "precision@100": 0.2075609756097561}, "run.bm25-1000--rank1-32b-awq.dl23-passage.txt": {"judge@10": 0.6085365853658538, "judge@20": 0.5067073170731707, "judge@100": 0.2753658536585367, "ndcg@3": 0.6829268292682926, "ndcg@5": 0.6304247590223362, "ndcg@10": 0.5722896067454228, "ndcg@20": 0.48009775710094565, "ndcg@100": 0.3925308054847261, "ndcg@1000": 0.49861056915784685, "mrr@5": 0.8128048780487805, "mrr@10": 0.8255226480836236, "mrr@20": 0.8247096399535425, "mrr@100": 0.8252903600464576, "map@10": 0.08594744048445178, "map@100": 0.17583365443182952, "map@1000": 0.2114986416607333, "recall@5": 0.06054043571615062, "recall@20": 0.15529378020678633, "recall@100": 0.3280915493799158, "recall@1000": 0.5626963452483392, "precision@1": 0.7317073170731707, "precision@3": 0.6666666666666666, "precision@5": 0.5975609756097561, "precision@10": 0.5292682926829269, "precision@100": 0.2058536585365854}, "run.bm25-1000--rank1-7b.dl23-passage.txt": {"judge@10": 0.5573170731707319, "judge@20": 0.46646341463414626, "judge@100": 0.28060975609756106, "ndcg@3": 0.6433442659534396, "ndcg@5": 0.6178492807571975, "ndcg@10": 0.5340640551434955, "ndcg@20": 0.4523776211598439, "ndcg@100": 0.3917120412462582, "ndcg@1000": 0.49454734010131823, "mrr@5": 0.795121951219512, "mrr@10": 0.795121951219512, "mrr@20": 0.7967800599058622, "mrr@100": 0.7975302630790435, "map@10": 0.07981098606561428, "map@100": 0.17259462278983229, "map@1000": 0.2089230864740873, "recall@5": 0.06256537495269916, "recall@20": 0.14612702259290675, "recall@100": 0.3407003931294988, "recall@1000": 0.5626963452483392, "precision@1": 0.7073170731707317, "precision@3": 0.6260162601626016, "precision@5": 0.5951219512195122, "precision@10": 0.48536585365853663, "precision@100": 0.21085365853658536}, "run.bm25-1000--rankllama-v1-13b-lora-passage.dl23-passage.txt": {"judge@10": 0.8219512195121946, "judge@20": 0.7256097560975608, "judge@100": 0.3702439024390244, "ndcg@3": 0.8522956796694827, "ndcg@5": 0.8334728206269578, "ndcg@10": 0.773728709524921, "ndcg@20": 0.6931827419617231, "ndcg@100": 0.5453711998567174, "ndcg@1000": 0.5845742717689676, "mrr@5": 0.9298780487804879, "mrr@10": 0.9298780487804879, "mrr@20": 0.9308943089430893, "mrr@100": 0.9308943089430893, "map@10": 0.13382769185914445, "map@100": 0.32577742159830075, "map@1000": 0.3547253424674528, "recall@5": 0.08397897608279115, "recall@20": 0.2442728711969848, "recall@100": 0.4605991153658655, "recall@1000": 0.5626963452483392, "precision@1": 0.8780487804878049, "precision@3": 0.8414634146341463, "precision@5": 0.8170731707317073, "precision@10": 0.7390243902439023, "precision@100": 0.28414634146341466}, "run.bm25-1000--rankllama-v1-7b-lora-passage.dl23-passage.txt": {"judge@10": 0.8158536585365849, "judge@20": 0.7164634146341462, "judge@100": 0.3719512195121952, "ndcg@3": 0.8536585365853657, "ndcg@5": 0.8276950270139244, "ndcg@10": 0.7701287249557962, "ndcg@20": 0.688073162772284, "ndcg@100": 0.5454281153961578, "ndcg@1000": 0.5837241430882684, "mrr@5": 0.9237804878048781, "mrr@10": 0.9237804878048781, "mrr@20": 0.9247967479674796, "mrr@100": 0.9247967479674796, "map@10": 0.1320086645763777, "map@100": 0.3245139425112166, "map@1000": 0.3538127335620215, "recall@5": 0.08373731168865702, "recall@20": 0.24327764609000407, "recall@100": 0.4627293267381403, "recall@1000": 0.5626963452483392, "precision@1": 0.8658536585365854, "precision@3": 0.8495934959349594, "precision@5": 0.8121951219512192, "precision@10": 0.7365853658536586, "precision@100": 0.28524390243902437}, "run.bm25-1000.dl23-passage.txt": {"judge@10": 0.9036585365853657, "judge@20": 0.7841463414634148, "judge@100": 0.3267073170731707, "ndcg@3": 0.6231783346133638, "ndcg@5": 0.5991684053805117, "ndcg@10": 0.541299572331966, "ndcg@20": 0.4660604135837125, "ndcg@100": 0.35666169798327857, "ndcg@1000": 0.4738308851060993, "mrr@5": 0.7947154471544714, "mrr@10": 0.8017566782810686, "mrr@20": 0.8035071742549279, "mrr@100": 0.8040394012266822, "map@10": 0.07215112164633505, "map@100": 0.1587945998538289, "map@1000": 0.18989851531392857, "recall@5": 0.052163694461902846, "recall@20": 0.14500485456711412, "recall@100": 0.3048645763213314, "recall@1000": 0.5626963452483392, "precision@1": 0.7317073170731707, "precision@3": 0.5934959349593496, "precision@5": 0.5707317073170731, "precision@10": 0.5024390243902439, "precision@100": 0.185}}