{"gen": {"n_systems": 63, "files": {"A": "/home/user/code/relevance_prediction/output/ranking_performance/ranking_performance.nist.dl21-passage.json", "B": "/home/user/code/relevance_prediction/output/ranking_performance/ranking_performance.monot5-3b-gen.dl21-passage.json"}, "metrics": {"ndcg@10": {"kendall_tau": 0.9015384615384616, "kendall_tau_p": 1.8434762138135696e-25, "spearman_rho": 0.9813730196831493, "spearman_rho_p": 2.0521674592250267e-45}, "map@100": {"kendall_tau": 0.9057859703020993, "kendall_tau_p": 9.391990614900826e-26, "spearman_rho": 0.9815668202764978, "spearman_rho_p": 1.4958510751105262e-45}, "mrr@10": {"kendall_tau": 0.8276985841300314, "kendall_tau_p": 7.66389872376004e-21, "spearman_rho": 0.9524816529283542, "spearman_rho_p": 3.42853992053489e-33}}}}