{"gen": {"n_systems": 37, "files": {"A": "/home/user/code/relevance_prediction/output/ranking_performance/ranking_performance.nist.dl19-passage.json", "B": "/home/user/code/relevance_prediction/output/ranking_performance/ranking_performance.monot5-base-gen.dl19-passage.json"}, "metrics": {"ndcg@10": {"kendall_tau": 0.9181069458254826, "kendall_tau_p": 1.3289639973536453e-15, "spearman_rho": 0.9866635071567427, "spearman_rho_p": 3.449217025078955e-29}, "map@100": {"kendall_tau": 0.882882882882883, "kendall_tau_p": 1.4669621265310082e-14, "spearman_rho": 0.9746325272641062, "spearman_rho_p": 2.416615782010569e-24}, "mrr@10": {"kendall_tau": 0.838852203015034, "kendall_tau_p": 7.27283508494025e-13, "spearman_rho": 0.9542486138728437, "spearman_rho_p": 6.240488871813666e-20}}}}