{"gen": {"n_systems": 59, "files": {"A": "/home/user/code/relevance_prediction/output/ranking_performance/ranking_performance.nist.dl20-passage.json", "B": "/home/user/code/relevance_prediction/output/ranking_performance/ranking_performance.monot5-large-gen.dl20-passage.json"}, "metrics": {"ndcg@10": {"kendall_tau": 0.7915814427636524, "kendall_tau_p": 8.39430354178296e-19, "spearman_rho": 0.9198556379654914, "spearman_rho_p": 7.77291007389247e-25}, "map@100": {"kendall_tau": 0.8246639392168321, "kendall_tau_p": 2.7775595839551295e-20, "spearman_rho": 0.9409117475160726, "spearman_rho_p": 1.7520565173476769e-28}, "mrr@10": {"kendall_tau": 0.7021742431081645, "kendall_tau_p": 7.174769856564305e-14, "spearman_rho": 0.8396960216473301, "spearman_rho_p": 9.57466048800207e-17}}}}