{"gen": {"n_systems": 37, "files": {"A": "/home/user/code/relevance_prediction/output/ranking_performance/ranking_performance.nist.dl19-passage.json", "B": "/home/user/code/relevance_prediction/output/ranking_performance/ranking_performance.rank1-7b-gen.dl19-passage.json"}, "metrics": {"ndcg@10": {"kendall_tau": 0.8528528528528528, "kendall_tau_p": 1.0958355703875995e-13, "spearman_rho": 0.9615931721194878, "spearman_rho_p": 3.095035855301447e-21}, "map@100": {"kendall_tau": 0.9009009009009009, "kendall_tau_p": 4.249922767583786e-15, "spearman_rho": 0.9805595068752962, "spearman_rho_p": 2.4045126982738695e-26}, "mrr@10": {"kendall_tau": 0.8347172188586224, "kendall_tau_p": 4.589068655265418e-13, "spearman_rho": 0.9524458955373467, "spearman_rho_p": 1.209743137794585e-19}}}}