{"gen": {"n_systems": 35, "files": {"A": "/home/user/code/relevance_prediction/output/ranking_performance/ranking_performance.nist.dl23-passage_duped.json", "B": "/home/user/code/relevance_prediction/output/ranking_performance/ranking_performance.monot5-large-gen.dl23-passage_duped.json"}, "metrics": {"ndcg@10": {"kendall_tau": 0.7367538350049144, "kendall_tau_p": 4.94454277128055e-10, "spearman_rho": 0.9074865208892055, "spearman_rho_p": 5.609557182393903e-14}, "map@100": {"kendall_tau": 0.8252100840336135, "kendall_tau_p": 3.1046639990097034e-12, "spearman_rho": 0.9495798319327732, "spearman_rho_p": 3.447598521480414e-18}, "mrr@10": {"kendall_tau": 0.741331570793456, "kendall_tau_p": 7.976432598730817e-10, "spearman_rho": 0.8829601455765053, "spearman_rho_p": 2.2510992996214134e-12}}}}