{"gen": {"n_systems": 60, "files": {"A": "/home/user/code/relevance_prediction/output/ranking_performance/ranking_performance.nist.dl22-passage_duped.json", "B": "/home/user/code/relevance_prediction/output/ranking_performance/ranking_performance.rank1-7b-gen.dl22-passage_duped.json"}, "metrics": {"ndcg@10": {"kendall_tau": 0.8745762711864408, "kendall_tau_p": 5.449174439938934e-23, "spearman_rho": 0.9769380383439846, "spearman_rho_p": 1.3675142744141925e-40}, "map@100": {"kendall_tau": 0.9220338983050848, "kendall_tau_p": 2.2610396655762976e-25, "spearman_rho": 0.9903306474020563, "spearman_rho_p": 1.852628148945435e-51}, "mrr@10": {"kendall_tau": 0.7410966647823629, "kendall_tau_p": 6.176654905427605e-17, "spearman_rho": 0.9133624162938673, "spearman_rho_p": 2.6417248282104196e-24}}}}