{"gen": {"n_systems": 60, "files": {"A": "/home/user/code/relevance_prediction/output/ranking_performance/ranking_performance.nist.dl22-passage_duped.json", "B": "/home/user/code/relevance_prediction/output/ranking_performance/ranking_performance.monot5-3b-gen.dl22-passage_duped.json"}, "metrics": {"ndcg@10": {"kendall_tau": 0.7830508474576271, "kendall_tau_p": 9.588300475543086e-19, "spearman_rho": 0.932814670741873, "spearman_rho_p": 2.1775104247951635e-27}, "map@100": {"kendall_tau": 0.8790960451977401, "kendall_tau_p": 3.271838500992228e-23, "spearman_rho": 0.9724923589886081, "spearman_rho_p": 2.136216811408935e-38}, "mrr@10": {"kendall_tau": 0.6955295909698389, "kendall_tau_p": 4.52596728419501e-15, "spearman_rho": 0.8719537624269701, "spearman_rho_p": 1.2184372454957936e-19}}}}