{"gen": {"n_systems": 63, "files": {"A": "/home/user/code/relevance_prediction/output/ranking_performance/ranking_performance.nist.dl21-passage.json", "B": "/home/user/code/relevance_prediction/output/ranking_performance/ranking_performance.rank1-32b-awq-gen.dl21-passage.json"}, "metrics": {"ndcg@10": {"kendall_tau": 0.9261538461538462, "kendall_tau_p": 8.851627308699493e-27, "spearman_rho": 0.9896783485357658, "spearman_rho_p": 3.5001349291972786e-53}, "map@100": {"kendall_tau": 0.8863287250384023, "kendall_tau_p": 9.953526639532794e-25, "spearman_rho": 0.9755664362519201, "spearman_rho_p": 7.41450885465478e-42}, "mrr@10": {"kendall_tau": 0.8361237494324072, "kendall_tau_p": 5.231285078393311e-22, "spearman_rho": 0.9568726007338951, "spearman_rho_p": 1.8995056754817914e-34}}}}