{"gen": {"n_systems": 35, "files": {"A": "/home/user/code/relevance_prediction/output/ranking_performance/ranking_performance.nist.dl23-passage_duped.json", "B": "/home/user/code/relevance_prediction/output/ranking_performance/ranking_performance.rank1-32b-awq-gen.dl23-passage_duped.json"}, "metrics": {"ndcg@10": {"kendall_tau": 0.9260504201680673, "kendall_tau_p": 5.077010653245923e-15, "spearman_rho": 0.988515406162465, "spearman_rho_p": 1.1528064764916323e-28}, "map@100": {"kendall_tau": 0.8991596638655462, "kendall_tau_p": 3.012861394325416e-14, "spearman_rho": 0.9792717086834735, "spearman_rho_p": 1.8348396540521048e-24}, "mrr@10": {"kendall_tau": 0.8340356792930955, "kendall_tau_p": 2.0383611441376006e-12, "spearman_rho": 0.9537017604118466, "spearman_rho_p": 8.704228986437437e-19}}}}