{"gen": {"n_systems": 35, "files": {"A": "/home/user/code/relevance_prediction/output/ranking_performance/ranking_performance.nist.dl23-passage_duped.json", "B": "/home/user/code/relevance_prediction/output/ranking_performance/ranking_performance.monot5-base-gen.dl23-passage_duped.json"}, "metrics": {"ndcg@10": {"kendall_tau": 0.6605042016806723, "kendall_tau_p": 2.3891588613005937e-08, "spearman_rho": 0.8338935574229693, "spearman_rho_p": 4.955050040817956e-10}, "map@100": {"kendall_tau": 0.7915966386554621, "kendall_tau_p": 2.2489349526820447e-11, "spearman_rho": 0.9406162464985995, "spearman_rho_p": 4.7962212697527205e-17}, "mrr@10": {"kendall_tau": 0.4789207419898819, "kendall_tau_p": 5.464142830272903e-05, "spearman_rho": 0.625105071448585, "spearman_rho_p": 5.9545372122346704e-05}}}}