{"gen": {"n_systems": 60, "files": {"A": "/home/user/code/relevance_prediction/output/ranking_performance/ranking_performance.nist.dl22-passage_duped.json", "B": "/home/user/code/relevance_prediction/output/ranking_performance/ranking_performance.monot5-large-gen.dl22-passage_duped.json"}, "metrics": {"ndcg@10": {"kendall_tau": 0.7084745762711864, "kendall_tau_p": 1.265367263467987e-15, "spearman_rho": 0.888635732147819, "spearman_rho_p": 2.7017843869558183e-21}, "map@100": {"kendall_tau": 0.8248587570621468, "kendall_tau_p": 1.2571367511647898e-20, "spearman_rho": 0.9532092247846625, "spearman_rho_p": 8.031599159277438e-32}, "mrr@10": {"kendall_tau": 0.6248824938508426, "kendall_tau_p": 3.224141758808086e-12, "spearman_rho": 0.818960308307632, "spearman_rho_p": 1.2939530957582175e-15}}}}