{"gen": {"n_systems": 59, "files": {"A": "/home/user/code/relevance_prediction/output/ranking_performance/ranking_performance.nist.dl20-passage.json", "B": "/home/user/code/relevance_prediction/output/ranking_performance/ranking_performance.gpt-4o_0123_100_0_1.dl20-passage.json"}, "metrics": {"ndcg@10": {"kendall_tau": 0.9438924605493861, "kendall_tau_p": 4.50515918068266e-26, "spearman_rho": 0.9923436586791352, "spearman_rho_p": 1.7857049925852067e-53}, "map@100": {"kendall_tau": 0.9298655756867329, "kendall_tau_p": 2.3693138719659277e-25, "spearman_rho": 0.9907656341320866, "spearman_rho_p": 3.648923882852736e-51}, "mrr@10": {"kendall_tau": 0.8373867870157501, "kendall_tau_p": 9.029066544917201e-21, "spearman_rho": 0.9564226232911479, "spearman_rho_p": 3.684611946387493e-32}}}}