{"gen": {"n_systems": 35, "files": {"A": "/home/user/code/relevance_prediction/output/ranking_performance/ranking_performance.nist.dl23-passage_duped.json", "B": "/home/user/code/relevance_prediction/output/ranking_performance/ranking_performance.monot5-3b-gen.dl23-passage_duped.json"}, "metrics": {"ndcg@10": {"kendall_tau": 0.7232971439545962, "kendall_tau_p": 1.0137404344708985e-09, "spearman_rho": 0.9027242826255486, "spearman_rho_p": 1.238330736193843e-13}, "map@100": {"kendall_tau": 0.8285714285714286, "kendall_tau_p": 2.5358739255797163e-12, "spearman_rho": 0.9551820728291317, "spearman_rho_p": 5.148327768938336e-19}, "mrr@10": {"kendall_tau": 0.6689198732542435, "kendall_tau_p": 1.827935958071735e-08, "spearman_rho": 0.8485952685171743, "spearman_rho_p": 1.2055377215519459e-10}}}}