{"gen": {"n_systems": 37, "files": {"A": "/home/user/code/relevance_prediction/output/ranking_performance/ranking_performance.nist.dl19-passage.json", "B": "/home/user/code/relevance_prediction/output/ranking_performance/ranking_performance.rank1-32b-awq-gen.dl19-passage.json"}, "metrics": {"ndcg@10": {"kendall_tau": 0.8618618618618619, "kendall_tau_p": 6.036953062344684e-14, "spearman_rho": 0.962067330488383, "spearman_rho_p": 2.499699528171142e-21}, "map@100": {"kendall_tau": 0.9159159159159159, "kendall_tau_p": 1.485818911573522e-15, "spearman_rho": 0.9836415362731151, "spearman_rho_p": 1.201363917724592e-27}, "mrr@10": {"kendall_tau": 0.808446455505279, "kendall_tau_p": 2.318107456760528e-12, "spearman_rho": 0.9247005810506344, "spearman_rho_p": 3.0133097116147756e-16}}}}