{"gen": {"n_systems": 60, "files": {"A": "/home/user/code/relevance_prediction/output/ranking_performance/ranking_performance.nist.dl22-passage_duped.json", "B": "/home/user/code/relevance_prediction/output/ranking_performance/ranking_performance.gpt-4o_0123_100_0_1.dl22-passage_duped.json"}, "metrics": {"ndcg@10": {"kendall_tau": 0.9107344632768362, "kendall_tau_p": 8.563664551535463e-25, "spearman_rho": 0.9851625451514311, "spearman_rho_p": 4.267130333389478e-46}, "map@100": {"kendall_tau": 0.9050847457627119, "kendall_tau_p": 1.6565673771015183e-24, "spearman_rho": 0.9838844123367605, "spearman_rho_p": 4.605578854419748e-45}, "mrr@10": {"kendall_tau": 0.7743213908270992, "kendall_tau_p": 2.4973944776681485e-18, "spearman_rho": 0.9237651970511339, "spearman_rho_p": 7.488797633557748e-26}}}}