{"gen": {"n_systems": 37, "files": {"A": "/home/user/code/relevance_prediction/output/ranking_performance/ranking_performance.nist.dl19-passage.json", "B": "/home/user/code/relevance_prediction/output/ranking_performance/ranking_performance.monot5-3b-gen.dl19-passage.json"}, "metrics": {"ndcg@10": {"kendall_tau": 0.9271227259808883, "kendall_tau_p": 7.009121103676913e-16, "spearman_rho": 0.9890344395300619, "spearman_rho_p": 1.1431717733902873e-30}, "map@100": {"kendall_tau": 0.8948948948948949, "kendall_tau_p": 6.440175279163034e-15, "spearman_rho": 0.9762920815552394, "spearman_rho_p": 7.49340325573993e-25}, "mrr@10": {"kendall_tau": 0.8318830552492417, "kendall_tau_p": 9.491857525506775e-13, "spearman_rho": 0.9551367351967419, "spearman_rho_p": 4.4597165208247833e-20}}}}