{"gen": {"n_systems": 37, "files": {"A": "/home/user/code/relevance_prediction/output/ranking_performance/ranking_performance.nist.dl19-passage.json", "B": "/home/user/code/relevance_prediction/output/ranking_performance/ranking_performance.monot5-large-gen.dl19-passage.json"}, "metrics": {"ndcg@10": {"kendall_tau": 0.9060859056182748, "kendall_tau_p": 3.0894299480921523e-15, "spearman_rho": 0.9826329221221002, "spearman_rho_p": 3.395893487585522e-27}, "map@100": {"kendall_tau": 0.9099099099099098, "kendall_tau_p": 2.266785348502027e-15, "spearman_rho": 0.9834044570886674, "spearman_rho_p": 1.5424875077678145e-27}, "mrr@10": {"kendall_tau": 0.840637485241993, "kendall_tau_p": 9.40876755198172e-13, "spearman_rho": 0.9512380071486933, "spearman_rho_p": 1.8584192429480054e-19}}}}