{"gen": {"n_systems": 60, "files": {"A": "/home/user/code/relevance_prediction/output/ranking_performance/ranking_performance.nist.dl22-passage_duped.json", "B": "/home/user/code/relevance_prediction/output/ranking_performance/ranking_performance.monot5-base-gen.dl22-passage_duped.json"}, "metrics": {"ndcg@10": {"kendall_tau": 0.6689265536723163, "kendall_tau_p": 4.303832604289303e-14, "spearman_rho": 0.8688524590163936, "spearman_rho_p": 2.3324257445684386e-19}, "map@100": {"kendall_tau": 0.8101694915254237, "kendall_tau_p": 5.91086800906797e-20, "spearman_rho": 0.9458182828563491, "spearman_rho_p": 5.0979283327936306e-30}, "mrr@10": {"kendall_tau": 0.6062755855476427, "kendall_tau_p": 1.2778827204341958e-11, "spearman_rho": 0.8117468631947224, "spearman_rho_p": 3.610889775065926e-15}}}}