{"gen": {"n_systems": 35, "files": {"A": "/home/user/code/relevance_prediction/output/ranking_performance/ranking_performance.nist.dl23-passage_duped.json", "B": "/home/user/code/relevance_prediction/output/ranking_performance/ranking_performance.gpt-4o_0123_100_0_1.dl23-passage_duped.json"}, "metrics": {"ndcg@10": {"kendall_tau": 0.9294117647058823, "kendall_tau_p": 4.049337581137639e-15, "spearman_rho": 0.988515406162465, "spearman_rho_p": 1.1528064764916323e-28}, "map@100": {"kendall_tau": 0.8487394957983193, "kendall_tau_p": 7.405957647425967e-13, "spearman_rho": 0.9627450980392158, "spearman_rho_p": 2.5804131945682158e-20}, "mrr@10": {"kendall_tau": 0.8441452026784664, "kendall_tau_p": 1.1024675694518436e-12, "spearman_rho": 0.9615465457501345, "spearman_rho_p": 4.3124784879638873e-20}}}}