{"gen": {"n_systems": 59, "files": {"A": "/home/user/code/relevance_prediction/output/ranking_performance/ranking_performance.nist.dl20-passage.json", "B": "/home/user/code/relevance_prediction/output/ranking_performance/ranking_performance.monot5-base-gen.dl20-passage.json"}, "metrics": {"ndcg@10": {"kendall_tau": 0.7463471654003506, "kendall_tau_p": 6.773033003774491e-17, "spearman_rho": 0.8883693746347167, "spearman_rho_p": 6.336696109919236e-21}, "map@100": {"kendall_tau": 0.798947983635301, "kendall_tau_p": 3.9100942841859936e-19, "spearman_rho": 0.9263004091174754, "spearman_rho_p": 7.789784323990516e-26}, "mrr@10": {"kendall_tau": 0.8072735368882755, "kendall_tau_p": 1.5495236308219288e-17, "spearman_rho": 0.9188118443434967, "spearman_rho_p": 1.1078665964480765e-24}}}}