{"gen": {"n_systems": 63, "files": {"A": "/home/user/code/relevance_prediction/output/ranking_performance/ranking_performance.nist.dl21-passage.json", "B": "/home/user/code/relevance_prediction/output/ranking_performance/ranking_performance.gpt-4o_0123_100_0_1.dl21-passage.json"}, "metrics": {"ndcg@10": {"kendall_tau": 0.9364102564102564, "kendall_tau_p": 2.4394731200807514e-27, "spearman_rho": 0.9919347095535285, "spearman_rho_p": 1.9529927957099808e-56}, "map@100": {"kendall_tau": 0.9211469534050178, "kendall_tau_p": 1.4058068778040883e-26, "spearman_rho": 0.9887192780337942, "spearman_rho_p": 5.1883686362328324e-52}, "mrr@10": {"kendall_tau": 0.8684491306444109, "kendall_tau_p": 1.1563419816843477e-23, "spearman_rho": 0.9701931660352895, "spearman_rho_p": 2.9468639428118116e-39}}}}