{"gen": {"n_systems": 9, "files": {"A": "/home/user/code/relevance_prediction/output/ranking_performance_bias/ranking_performance.nist.dl23-passage_duped.json", "B": "/home/user/code/relevance_prediction/output/ranking_performance_bias/ranking_performance.gpt-4o_0123_100_0_1.dl23-passage_duped.json"}, "metrics": {"map@100": {"kendall_tau": 0.611111111111111, "kendall_tau_p": 0.02474096119929453, "spearman_rho": 0.75, "spearman_rho_p": 0.019942126131992522}, "mrr@10": {"kendall_tau": 0.8333333333333334, "kendall_tau_p": 0.0008542768959435626, "spearman_rho": 0.9333333333333332, "spearman_rho_p": 0.00023589981215941676}}}}