{"gen": {"n_systems": 9, "files": {"A": "/home/user/code/relevance_prediction/output/ranking_performance_bias/ranking_performance.nist.dl23-passage_duped.json", "B": "/home/user/code/relevance_prediction/output/ranking_performance_bias/ranking_performance.rank1-32b-awq-gen.dl23-passage_duped.json"}, "metrics": {"map@100": {"kendall_tau": 0.3333333333333333, "kendall_tau_p": 0.25951829805996474, "spearman_rho": 0.39999999999999997, "spearman_rho_p": 0.2861051019083129}, "mrr@10": {"kendall_tau": 0.7222222222222222, "kendall_tau_p": 0.0058862433862433864, "spearman_rho": 0.8499999999999999, "spearman_rho_p": 0.0037047773275858133}}}}