{"gen": {"n_systems": 9, "files": {"A": "/home/user/code/relevance_prediction/output/ranking_performance_bias/ranking_performance.nist.dl20-passage.json", "B": "/home/user/code/relevance_prediction/output/ranking_performance_bias/ranking_performance.rankllama-13b-mapthreshold.dl20-passage.json"}, "metrics": {"map@100": {"kendall_tau": 0.7777777777777778, "kendall_tau_p": 0.0024250440917107582, "spearman_rho": 0.9166666666666666, "spearman_rho_p": 0.0005066190663052084}, "mrr@10": {"kendall_tau": 0.6672976811635084, "kendall_tau_p": 0.014397978786411449, "spearman_rho": 0.7967246167544522, "spearman_rho_p": 0.010156279862387846}}}}