{"gen": {"n_systems": 9, "files": {"A": "/home/user/code/relevance_prediction/output/ranking_performance_bias/ranking_performance.nist.dl20-passage.json", "B": "/home/user/code/relevance_prediction/output/ranking_performance_bias/ranking_performance.rankllama-7b-mapthreshold.dl20-passage.json"}, "metrics": {"map@100": {"kendall_tau": 0.7777777777777778, "kendall_tau_p": 0.0024250440917107582, "spearman_rho": 0.9166666666666666, "spearman_rho_p": 0.0005066190663052084}, "mrr@10": {"kendall_tau": 0.8003267306650412, "kendall_tau_p": 0.003162763790369106, "spearman_rho": 0.8739804390886586, "spearman_rho_p": 0.002063597796931827}}}}