{"gen": {"n_systems": 9, "files": {"A": "/home/user/code/relevance_prediction/output/ranking_performance_bias/ranking_performance.nist.dl20-passage.json", "B": "/home/user/code/relevance_prediction/output/ranking_performance_bias/ranking_performance.monot5-base-gen.dl20-passage.json"}, "metrics": {"map@100": {"kendall_tau": 0.5555555555555556, "kendall_tau_p": 0.04461529982363316, "spearman_rho": 0.7166666666666667, "spearman_rho_p": 0.029818035695845287}, "mrr@10": {"kendall_tau": 0.6481812160876685, "kendall_tau_p": 0.018565515486600438, "spearman_rho": 0.7916685736056361, "spearman_rho_p": 0.011009720201615609}}}}