{"gen": {"n_systems": 9, "files": {"A": "/home/user/code/relevance_prediction/output/ranking_performance_bias/ranking_performance.nist.dl21-passage.json", "B": "/home/user/code/relevance_prediction/output/ranking_performance_bias/ranking_performance.rankllama-7b-mapthreshold.dl21-passage.json"}, "metrics": {"map@100": {"kendall_tau": 0.8333333333333334, "kendall_tau_p": 0.0008542768959435626, "spearman_rho": 0.9333333333333332, "spearman_rho_p": 0.00023589981215941676}, "mrr@10": {"kendall_tau": 0.760638829255665, "kendall_tau_p": 0.004649433819808542, "spearman_rho": 0.8703005051059519, "spearman_rho_p": 0.0022737783952579693}}}}