{"gen": {"n_systems": 9, "files": {"A": "/home/user/code/relevance_prediction/output/ranking_performance_bias/ranking_performance.nist.dl22-passage_duped.json", "B": "/home/user/code/relevance_prediction/output/ranking_performance_bias/ranking_performance.rank1-14b-gen.dl22-passage_duped.json"}, "metrics": {"map@100": {"kendall_tau": 0.05555555555555555, "kendall_tau_p": 0.919455467372134, "spearman_rho": 0.049999999999999996, "spearman_rho_p": 0.8983528043506301}, "mrr@10": {"kendall_tau": 0.05555555555555555, "kendall_tau_p": 0.919455467372134, "spearman_rho": -0.03333333333333333, "spearman_rho_p": 0.932156735540504}}}}