{"gen": {"n_systems": 9, "files": {"A": "/home/user/code/relevance_prediction/output/ranking_performance_bias/ranking_performance.nist.dl20-passage.json", "B": "/home/user/code/relevance_prediction/output/ranking_performance_bias/ranking_performance.monot5-3b-gen.dl20-passage.json"}, "metrics": {"map@100": {"kendall_tau": 0.9444444444444445, "kendall_tau_p": 4.96031746031746e-05, "spearman_rho": 0.9833333333333333, "spearman_rho_p": 1.9361963037459243e-06}, "mrr@10": {"kendall_tau": 0.6859943405700353, "kendall_tau_p": 0.011412036386001651, "spearman_rho": 0.8067511745433772, "spearman_rho_p": 0.00859808326653939}}}}