{"gen": {"n_systems": 9, "files": {"A": "/home/user/code/relevance_prediction/output/ranking_performance_bias/ranking_performance.nist.dl19-passage.json", "B": "/home/user/code/relevance_prediction/output/ranking_performance_bias/ranking_performance.rank1-7b-gen.dl19-passage.json"}, "metrics": {"map@100": {"kendall_tau": 0.05555555555555555, "kendall_tau_p": 0.919455467372134, "spearman_rho": -0.03333333333333333, "spearman_rho_p": 0.932156735540504}, "mrr@10": {"kendall_tau": 0.3333333333333333, "kendall_tau_p": 0.25951829805996474, "spearman_rho": 0.43333333333333335, "spearman_rho_p": 0.2439524358800516}}}}