{"gen": {"n_systems": 9, "files": {"A": "/home/user/code/relevance_prediction/output/ranking_performance_bias/ranking_performance.nist.dl19-passage.json", "B": "/home/user/code/relevance_prediction/output/ranking_performance_bias/ranking_performance.gpt-4o_0123_100_0_1.dl19-passage.json"}, "metrics": {"map@100": {"kendall_tau": 0.4444444444444444, "kendall_tau_p": 0.11943893298059964, "spearman_rho": 0.5833333333333334, "spearman_rho_p": 0.09918581647988323}, "mrr@10": {"kendall_tau": 0.5916079783099616, "kendall_tau_p": 0.027707849358079864, "spearman_rho": 0.6527253788294639, "spearman_rho_p": 0.056676692165527696}}}}