{"gen": {"n_systems": 9, "files": {"A": "/home/user/code/relevance_prediction/output/ranking_performance_bias/ranking_performance.nist.dl21-passage.json", "B": "/home/user/code/relevance_prediction/output/ranking_performance_bias/ranking_performance.gpt-4o_0123_100_0_1.dl21-passage.json"}, "metrics": {"map@100": {"kendall_tau": 0.8333333333333334, "kendall_tau_p": 0.0008542768959435626, "spearman_rho": 0.9500000000000001, "spearman_rho_p": 8.762523965086177e-05}, "mrr@10": {"kendall_tau": 0.6666666666666666, "kendall_tau_p": 0.012665343915343916, "spearman_rho": 0.7999999999999999, "spearman_rho_p": 0.00962792472537983}}}}