{"gen": {"n_systems": 9, "files": {"A": "/home/user/code/relevance_prediction/output/ranking_performance_bias/ranking_performance.nist.dl21-passage.json", "B": "/home/user/code/relevance_prediction/output/ranking_performance_bias/ranking_performance.monot5-3b-gen.dl21-passage.json"}, "metrics": {"map@100": {"kendall_tau": 0.7222222222222222, "kendall_tau_p": 0.0058862433862433864, "spearman_rho": 0.8166666666666667, "spearman_rho_p": 0.007224785246358786}, "mrr@10": {"kendall_tau": 0.8838834764831843, "kendall_tau_p": 0.001326455594602044, "spearman_rho": 0.9363821838346236, "spearman_rho_p": 0.00020085871517777355}}}}