{"gen": {"n_systems": 9, "files": {"A": "/home/user/code/relevance_prediction/output/ranking_performance_bias/ranking_performance.nist.dl21-passage.json", "B": "/home/user/code/relevance_prediction/output/ranking_performance_bias/ranking_performance.rankllama-13b-mapthreshold.dl21-passage.json"}, "metrics": {"map@100": {"kendall_tau": 0.8888888888888888, "kendall_tau_p": 0.00024250440917107584, "spearman_rho": 0.9500000000000001, "spearman_rho_p": 8.762523965086177e-05}, "mrr@10": {"kendall_tau": 0.8249579113843054, "kendall_tau_p": 0.0027338431105202567, "spearman_rho": 0.8938193572966859, "spearman_rho_p": 0.0011560848338519284}}}}