{"gen": {"n_systems": 9, "files": {"A": "/home/user/code/relevance_prediction/output/ranking_performance_bias/ranking_performance.nist.dl19-passage.json", "B": "/home/user/code/relevance_prediction/output/ranking_performance_bias/ranking_performance.rankllama-7b-mapthreshold.dl19-passage.json"}, "metrics": {"map@100": {"kendall_tau": 0.8888888888888888, "kendall_tau_p": 0.00024250440917107584, "spearman_rho": 0.9500000000000001, "spearman_rho_p": 8.762523965086177e-05}, "mrr@10": {"kendall_tau": 0.6479515952918627, "kendall_tau_p": 0.015906444101703346, "spearman_rho": 0.8033543124054942, "spearman_rho_p": 0.009106405386877986}}}}