{"gen": {"n_systems": 9, "files": {"A": "/home/user/code/relevance_prediction/output/ranking_performance_bias/ranking_performance.nist.dl20-passage.json", "B": "/home/user/code/relevance_prediction/output/ranking_performance_bias/ranking_performance.monot5-large-gen.dl20-passage.json"}, "metrics": {"map@100": {"kendall_tau": 0.611111111111111, "kendall_tau_p": 0.02474096119929453, "spearman_rho": 0.7333333333333334, "spearman_rho_p": 0.02455415007146968}, "mrr@10": {"kendall_tau": 0.6092717958449424, "kendall_tau_p": 0.025458097499448384, "spearman_rho": 0.7628214415734117, "spearman_rho_p": 0.016814014277908546}}}}