{"gen": {"n_systems": 9, "files": {"A": "/home/user/code/relevance_prediction/output/ranking_performance_bias/ranking_performance.nist.dl20-passage.json", "B": "/home/user/code/relevance_prediction/output/ranking_performance_bias/ranking_performance.rank1-7b-gen.dl20-passage.json"}, "metrics": {"map@100": {"kendall_tau": -0.05555555555555555, "kendall_tau_p": 0.919455467372134, "spearman_rho": -0.09999999999999999, "spearman_rho_p": 0.797971695234851}, "mrr@10": {"kendall_tau": 0.5916079783099616, "kendall_tau_p": 0.027707849358079864, "spearman_rho": 0.728039845617479, "spearman_rho_p": 0.026153620753162264}}}}