{"gen": {"n_systems": 9, "files": {"A": "/home/user/code/relevance_prediction/output/ranking_performance_bias/ranking_performance.nist.dl22-passage_duped.json", "B": "/home/user/code/relevance_prediction/output/ranking_performance_bias/ranking_performance.rank1-32b-awq-gen.dl22-passage_duped.json"}, "metrics": {"map@100": {"kendall_tau": 0.16666666666666666, "kendall_tau_p": 0.612202380952381, "spearman_rho": 0.18333333333333335, "spearman_rho_p": 0.6368198117628943}, "mrr@10": {"kendall_tau": 0.2777777777777778, "kendall_tau_p": 0.35848765432098767, "spearman_rho": 0.4666666666666666, "spearman_rho_p": 0.20538635110581185}}}}