{"gen": {"n_systems": 9, "files": {"A": "/home/user/code/relevance_prediction/output/ranking_performance_bias/ranking_performance.nist.dl21-passage.json", "B": "/home/user/code/relevance_prediction/output/ranking_performance_bias/ranking_performance.rank1-7b-gen.dl21-passage.json"}, "metrics": {"map@100": {"kendall_tau": 0.611111111111111, "kendall_tau_p": 0.02474096119929453, "spearman_rho": 0.7666666666666667, "spearman_rho_p": 0.01594401657897401}, "mrr@10": {"kendall_tau": 0.7777777777777778, "kendall_tau_p": 0.0024250440917107582, "spearman_rho": 0.8666666666666667, "spearman_rho_p": 0.0024953982859902053}}}}