{"gen": {"n_systems": 9, "files": {"A": "/home/user/code/relevance_prediction/output/ranking_performance_bias/ranking_performance.nist.dl19-passage.json", "B": "/home/user/code/relevance_prediction/output/ranking_performance_bias/ranking_performance.monot5-3b-gen.dl19-passage.json"}, "metrics": {"map@100": {"kendall_tau": 0.7222222222222222, "kendall_tau_p": 0.0058862433862433864, "spearman_rho": 0.8499999999999999, "spearman_rho_p": 0.0037047773275858133}, "mrr@10": {"kendall_tau": 0.6479515952918627, "kendall_tau_p": 0.015906444101703346, "spearman_rho": 0.8033543124054942, "spearman_rho_p": 0.009106405386877986}}}}