{"gen": {"n_systems": 9, "files": {"A": "/home/user/code/relevance_prediction/output/ranking_performance_bias/ranking_performance.nist.dl19-passage.json", "B": "/home/user/code/relevance_prediction/output/ranking_performance_bias/ranking_performance.monot5-base-gen.dl19-passage.json"}, "metrics": {"map@100": {"kendall_tau": 0.4444444444444444, "kendall_tau_p": 0.11943893298059964, "spearman_rho": 0.6666666666666667, "spearman_rho_p": 0.04986723056888511}, "mrr@10": {"kendall_tau": 0.6288281455225323, "kendall_tau_p": 0.020394840183375906, "spearman_rho": 0.8235584906796976, "spearman_rho_p": 0.006363435253643139}}}}