{"gen": {"n_systems": 9, "files": {"A": "/home/user/code/relevance_prediction/output/ranking_performance_bias/ranking_performance.nist.dl23-passage_duped.json", "B": "/home/user/code/relevance_prediction/output/ranking_performance_bias/ranking_performance.monot5-large-gen.dl23-passage_duped.json"}, "metrics": {"map@100": {"kendall_tau": 0.6666666666666666, "kendall_tau_p": 0.012665343915343916, "spearman_rho": 0.7833333333333333, "spearman_rho_p": 0.012519873019449882}, "mrr@10": {"kendall_tau": 0.6666666666666666, "kendall_tau_p": 0.012665343915343916, "spearman_rho": 0.8166666666666667, "spearman_rho_p": 0.007224785246358786}}}}