{"gen": {"n_systems": 9, "files": {"A": "/home/user/code/relevance_prediction/output/ranking_performance_bias/ranking_performance.nist.dl21-passage.json", "B": "/home/user/code/relevance_prediction/output/ranking_performance_bias/ranking_performance.rank1-14b-gen.dl21-passage.json"}, "metrics": {"map@100": {"kendall_tau": 0.6666666666666666, "kendall_tau_p": 0.012665343915343916, "spearman_rho": 0.8166666666666667, "spearman_rho_p": 0.007224785246358786}, "mrr@10": {"kendall_tau": 0.816982446237566, "kendall_tau_p": 0.0023655770533978757, "spearman_rho": 0.8954053273686237, "spearman_rho_p": 0.0010985258735882657}}}}