{"gen": {"n_systems": 9, "files": {"A": "/home/user/code/relevance_prediction/output/ranking_performance_bias/ranking_performance.nist.dl19-passage.json", "B": "/home/user/code/relevance_prediction/output/ranking_performance_bias/ranking_performance.rankllama-13b-mapthreshold.dl19-passage.json"}, "metrics": {"map@100": {"kendall_tau": 0.8333333333333334, "kendall_tau_p": 0.0008542768959435626, "spearman_rho": 0.9333333333333332, "spearman_rho_p": 0.00023589981215941676}, "mrr@10": {"kendall_tau": 0.5916079783099616, "kendall_tau_p": 0.027707849358079864, "spearman_rho": 0.7698812160552652, "spearman_rho_p": 0.015240184856772965}}}}