{"gen": {"n_systems": 9, "files": {"A": "/home/user/code/relevance_prediction/output/ranking_performance_bias/ranking_performance.nist.dl21-passage.json", "B": "/home/user/code/relevance_prediction/output/ranking_performance_bias/ranking_performance.monot5-large-gen.dl21-passage.json"}, "metrics": {"map@100": {"kendall_tau": 0.8333333333333334, "kendall_tau_p": 0.0008542768959435626, "spearman_rho": 0.9166666666666666, "spearman_rho_p": 0.0005066190663052084}, "mrr@10": {"kendall_tau": 0.7071067811865475, "kendall_tau_p": 0.01022414429406065, "spearman_rho": 0.8597690960663361, "spearman_rho_p": 0.002956280470216864}}}}