{"gen": {"n_systems": 9, "files": {"A": "/home/user/code/relevance_prediction/output/ranking_performance_bias/ranking_performance.nist.dl23-passage_duped.json", "B": "/home/user/code/relevance_prediction/output/ranking_performance_bias/ranking_performance.monot5-3b-gen.dl23-passage_duped.json"}, "metrics": {"map@100": {"kendall_tau": 0.7222222222222222, "kendall_tau_p": 0.0058862433862433864, "spearman_rho": 0.8833333333333333, "spearman_rho_p": 0.0015905004234978686}, "mrr@10": {"kendall_tau": 0.8733260632194672, "kendall_tau_p": 0.0011553371891531911, "spearman_rho": 0.9456149718939671, "spearman_rho_p": 0.00011709145944109008}}}}