{"gen": {"n_systems": 9, "files": {"A": "/home/user/code/relevance_prediction/output/ranking_performance_bias/ranking_performance.nist.dl22-passage_duped.json", "B": "/home/user/code/relevance_prediction/output/ranking_performance_bias/ranking_performance.gpt-4o_0123_100_0_1.dl22-passage_duped.json"}, "metrics": {"map@100": {"kendall_tau": 0.3888888888888889, "kendall_tau_p": 0.18018077601410934, "spearman_rho": 0.5833333333333334, "spearman_rho_p": 0.09918581647988323}, "mrr@10": {"kendall_tau": 0.5555555555555556, "kendall_tau_p": 0.04461529982363316, "spearman_rho": 0.7166666666666667, "spearman_rho_p": 0.029818035695845287}}}}